regime,scheme,scheme_variant,noise,payoff,n_steps,dt,n_paths,approx_mean,exact_value,signed_error,weak_error,mc_standard_error,error_to_se,runtime_s,steps_per_path,backstop_fraction,estimator,signed_error_cv,mc_standard_error_cv,error_to_se_cv,variance_reduction,batch_standard_error_cv
A,FTE,fixed,shared,g1,8,0.125,200000,0.019994949774953672,0.02,-5.050225046328333e-06,5.050225046328333e-06,1.6779832449600934e-05,0.30096993289396284,0.03562291699995512,nan,nan,control-variate,-5.567369999472189e-07,3.1855520590981257e-06,0.1747693930655269,27.74634783012991,4.279342581607215e-06
A,FTE,fixed,shared,g2,8,0.125,200000,3.27657736379654e-05,2.898725021392412e-05,3.778523424041276e-06,3.778523424041276e-06,1.9859209563362383e-07,19.026554969298235,0.03562291699995512,nan,nan,control-variate,3.871447028145532e-06,8.0319178399756e-08,48.200779754954425,6.113436460018088,5.939737610034503e-08
A,FTE,fixed,shared,g3,8,0.125,200000,0.9802311795454429,0.9802226910132205,8.488532222510457e-06,8.488532222510457e-06,1.6409831883533743e-05,0.5172833142201888,0.03562291699995512,nan,nan,control-variate,4.137044113206913e-06,3.1208089671659624e-06,1.325631961690947,27.64864760228585,4.1941136169128665e-06
A,FTE,fixed,shared,g4,8,0.125,200000,0.9802097874781406,0.9802079963298019,1.7911483386797212e-06,1.7911483386797212e-06,1.0155736497018686e-05,0.17636813826407666,0.03562291699995512,nan,nan,control-variate,1.1958264878329787e-06,6.256047936604053e-07,1.9114727060133503,263.5255403150159,6.832333352208208e-07
A,HH,fixed,shared,g1,8,0.125,200000,0.019993624355997646,0.02,-6.375644002353942e-06,6.375644002353942e-06,1.6842689160570027e-05,0.3785407390453891,0.033196263000007775,nan,nan,control-variate,-1.6498485891983197e-06,3.5110176736418007e-06,0.46990609064266414,23.012130914242157,3.5697432431238906e-06
A,HH,fixed,shared,g2,8,0.125,200000,3.434034606225753e-05,2.898725021392412e-05,5.353095848333415e-06,5.353095848333415e-06,2.189261690024897e-07,24.451603354336946,0.033196263000007775,nan,nan,control-variate,5.448153798705948e-06,1.0212181595699341e-07,53.34955854095202,4.595770117009206,8.160702986757955e-08
A,HH,fixed,shared,g3,8,0.125,200000,0.9802326725641378,0.9802226910132205,9.98155091739342e-06,9.98155091739342e-06,1.6459744971902857e-05,0.6064219667092136,0.033196263000007775,nan,nan,control-variate,5.404207969018332e-06,3.413365625349496e-06,1.5832490750137536,23.253085193845408,3.4779354229547634e-06
A,HH,fixed,shared,g4,8,0.125,200000,0.980209545922585,0.9802079963298019,1.5495927830499107e-06,1.5495927830499107e-06,1.0191734104650095e-05,0.15204407484913596,0.033196263000007775,nan,nan,control-variate,7.262666597716777e-07,1.083666513485825e-06,0.6701938748992983,88.45143082369155,1.202865074650542e-06
A,ProjEuler,fixed,shared,g1,8,0.125,200000,0.020142357045113215,0.02,0.00014235704511321334,0.00014235704511321334,1.6752308960075817e-05,8.497756664617357,0.03251729199993747,nan,nan,control-variate,0.00014695655948316797,3.5069338703093344e-06,41.90457103492671,22.818873195423244,2.968238482325072e-06
A,ProjEuler,fixed,shared,g2,8,0.125,200000,3.399809307481566e-05,2.898725021392412e-05,5.01084286089154e-06,5.01084286089154e-06,2.070717533349279e-07,24.198582279770235,0.03251729199993747,nan,nan,control-variate,5.106182180969938e-06,9.48989401074335e-08,53.80652486939595,4.761228205248176,7.483551591698185e-08
A,ProjEuler,fixed,shared,g3,8,0.125,200000,0.9800866023697428,0.9802226910132205,-0.00013608864347767216,0.00013608864347767216,1.6376645639343662e-05,8.309921730902536,0.03251729199993747,nan,nan,control-variate,-0.00014054314124723312,3.414007021952709e-06,41.16662336764811,23.010236559028712,2.8961325160861495e-06
A,ProjEuler,fixed,shared,g4,8,0.125,200000,0.9801394033778333,0.9802079963298019,-6.859295196855507e-05,6.859295196855507e-05,1.011778926008367e-05,6.7794406668624205,0.03251729199993747,nan,nan,control-variate,-6.93408960957568e-05,1.1951627141561766e-06,58.01795460521349,71.66666367335229,1.3782132244312616e-06
A,KL,uniform,shared,g1,8,0.125,200000,0.017922397502590337,0.02,-0.0020776024974096625,0.0020776024974096625,1.4750504799981024e-05,140.84958620618428,0.022305826999968303,nan,nan,control-variate,-0.0020732049165431603,2.0659870310913634e-06,1003.4936741340452,50.97515846348048,1.5101196676340692e-06
A,KL,uniform,shared,g2,8,0.125,200000,1.6453769087576532e-05,2.898725021392412e-05,-1.2533481126347587e-05,1.2533481126347587e-05,1.220150980736219e-07,102.72073968079829,0.022305826999968303,nan,nan,control-variate,-1.2464079698088005e-05,5.6202760309860177e-08,221.76988513322743,4.71315643913142,3.958656260076536e-08
A,KL,uniform,shared,g3,8,0.125,200000,0.9822585942268047,0.9802226910132205,0.0020359032135842618,0.0020359032135842618,1.445785438437428e-05,140.8164143487722,0.022305826999968303,nan,nan,control-variate,0.002031638098353001,2.0219291278379675e-06,1004.8018352282285,51.130004999770996,1.4919299600722865e-06
A,KL,uniform,shared,g4,8,0.125,200000,0.9815363148867855,0.9802079963298019,0.0013283185569836053,0.0013283185569836053,9.202262280272566e-06,144.34695692505966,0.022305826999968303,nan,nan,control-variate,0.0013278122236186965,1.2726441488212928e-06,1043.349175689449,52.284775100457836,1.7687985193953358e-06
A,IF,fixed,shared,g1,8,0.125,200000,0.019891178929144843,0.02,-0.00010882107085515553,0.00010882107085515553,1.4689058917589848e-05,7.408307874975198,0.03312428600000317,nan,nan,control-variate,-0.00010404156958715236,1.6568179167029981e-06,62.79601912694846,78.60286589355965,1.18049501524064e-06
A,IF,fixed,shared,g2,8,0.125,200000,2.4861987710519457e-05,2.898725021392412e-05,-4.125262503404662e-06,4.125262503404662e-06,1.5421900886100948e-07,26.749377614808637,0.03312428600000317,nan,nan,control-variate,-4.039017375466227e-06,6.219297748996114e-08,64.94330290133132,6.148838933132455,4.1696970323676604e-08
A,IF,fixed,shared,g3,8,0.125,200000,0.9803264660323281,0.9802226910132205,0.00010377501910759492,0.00010377501910759492,1.4368230759119251e-05,7.222532881560997,0.03312428600000317,nan,nan,control-variate,9.913711926112334e-05,1.6023773561445353e-06,61.86877197244986,80.40387696712246,1.1434541641680222e-06
A,IF,fixed,shared,g4,8,0.125,200000,0.9802599239403315,0.9802079963298019,5.192761052949978e-05,5.192761052949978e-05,9.02512740748303e-06,5.753670633662733,0.03312428600000317,nan,nan,control-variate,5.0844213238982146e-05,1.5753882123557977e-06,32.2740851049983,32.819465203779,2.180675747312641e-06
A,BLT,fixed,shared,g1,8,0.125,200000,0.01986496985567701,0.02,-0.00013503014432298836,0.00013503014432298836,1.3740355925985212e-05,9.82726685177236,0.03457696099997065,nan,nan,control-variate,-0.00013020594997347905,1.2105370784044192e-06,107.56048062988742,128.83675353416857,9.815098970214325e-07
A,BLT,fixed,shared,g2,8,0.125,200000,2.1678246062321683e-05,2.898725021392412e-05,-7.309004151602437e-06,7.309004151602437e-06,1.354158944303213e-07,53.974492302772546,0.03457696099997065,nan,nan,control-variate,-7.225737490296142e-06,5.727215756681236e-08,126.16492545905514,5.590519887645833,3.927963215074451e-08
A,BLT,fixed,shared,g3,8,0.125,200000,0.9803495207818039,0.9802226910132205,0.00012682976858346197,0.00012682976858346197,1.3441789580078055e-05,9.435482368466408,0.03457696099997065,nan,nan,control-variate,0.00012214525455305763,1.1581786054028696e-06,105.46322819576666,134.69860840681002,9.47122458780664e-07
A,BLT,fixed,shared,g4,8,0.125,200000,0.98028915982381,0.9802079963298019,8.116349400812554e-05,8.116349400812554e-05,8.409153178201025e-06,9.6518034917624,0.03457696099997065,nan,nan,control-variate,7.996696619717495e-05,2.020672504375569e-06,39.57443179140325,17.31859527111691,2.61474336311684e-06
A,KLM,implicit,own,g1,8,0.125,200000,0.020000759623912387,0.02,7.596239123859536e-07,7.596239123859536e-07,1.583945949127507e-05,0.04795769153640508,5.624761036000024,59.206625,0.0,control-variate,-1.1480054632755356e-07,6.726628548078448e-07,0.1706658030944014,554.4799196154265,nan
A,KLM,implicit,own,g2,8,0.125,200000,2.970914512360779e-05,2.898725021392412e-05,7.218949096836699e-07,7.218949096836699e-07,1.851919330187363e-07,3.8980904724971697,5.624761036000024,59.206625,0.0,control-variate,5.892270446460274e-07,3.2420146118577375e-08,18.17471896921491,32.6297836245787,nan
A,KLM,implicit,own,g3,8,0.125,200000,0.980222480060998,0.9802226910132205,-2.109522224711846e-07,2.109522224711846e-07,1.5487719843310233e-05,0.013620611981969916,5.624761036000024,59.206625,0.0,control-variate,5.624183963631547e-07,6.468153471024196e-07,0.8695192513329448,573.3427647351498,nan
A,FTE,fixed,shared,g1,16,0.0625,200000,0.020004263405667456,0.02,4.263405667456286e-06,4.263405667456286e-06,1.617556611862329e-05,0.26357072365756223,0.08262300599992045,nan,nan,control-variate,8.285776007022059e-07,1.5724451753376882e-06,0.5269357645644249,105.82004789577526,1.576874278169415e-06
A,FTE,fixed,shared,g2,16,0.0625,200000,3.073556017585264e-05,2.898725021392412e-05,1.7483099619285214e-06,1.7483099619285214e-06,1.8712589813473505e-07,9.34296096561523,0.08262300599992045,nan,nan,control-variate,1.842960328108218e-06,5.182763296361327e-08,35.55941536828643,13.036020856753012,6.158077598080958e-08
A,FTE,fixed,shared,g3,16,0.0625,200000,0.9802201005045476,0.9802226910132205,-2.5905086729582015e-06,2.5905086729582015e-06,1.5818102137306056e-05,0.1637686146208805,0.08262300599992045,nan,nan,control-variate,8.508349387320044e-07,1.5403017805120174e-06,0.5523819744265797,105.46227025268266,1.5243766877477495e-06
A,FTE,fixed,shared,g4,16,0.0625,200000,0.9802128399206622,0.9802079963298019,4.843590860263865e-06,4.843590860263865e-06,9.846262807026263e-06,0.4919217529728633,0.08262300599992045,nan,nan,control-variate,8.532267324614136e-07,3.1906786835190895e-07,2.6741230223795704,952.306404252924,2.9189330956614675e-07
A,HH,fixed,shared,g1,16,0.0625,200000,0.02000271745955618,0.02,2.7174595561810843e-06,2.7174595561810843e-06,1.620696722548506e-05,0.16767230527300295,0.07893496099998742,nan,nan,control-variate,-6.880617773924722e-07,1.8687644440493778e-06,0.3681907474125143,75.21325480215927,2.0215855648338345e-06
A,HH,fixed,shared,g2,16,0.0625,200000,3.145293703744195e-05,2.898725021392412e-05,2.465686823517833e-06,2.465686823517833e-06,1.9642214540932606e-07,12.552998127474698,0.07893496099998742,nan,nan,control-variate,2.5739155063215614e-06,6.347481796382647e-08,40.55018334654232,9.575864066895333,7.681266222763466e-08
A,HH,fixed,shared,g3,16,0.0625,200000,0.9802217097130207,0.9802226910132205,-9.813001997820547e-07,9.813001997820547e-07,1.5843595662314965e-05,0.06193671062410043,0.07893496099998742,nan,nan,control-variate,2.4389722548122053e-06,1.8119254826817451e-06,1.3460665342607787,76.45868687928146,1.945732786219629e-06
A,HH,fixed,shared,g4,16,0.0625,200000,0.9802130013488248,0.9802079963298019,5.005019022910471e-06,5.005019022910471e-06,9.866489468004297e-06,0.507274551819173,0.07893496099998742,nan,nan,control-variate,1.0731999301450196e-06,6.868504436291951e-07,1.5624943393417974,206.34832460950724,7.161617287836232e-07
A,ProjEuler,fixed,shared,g1,16,0.0625,200000,0.02006969026218443,0.02,6.969026218443106e-05,6.969026218443106e-05,1.6162214148785614e-05,4.31192542945407,0.06956865700001913,nan,nan,control-variate,6.629166583310437e-05,1.860702503796823e-06,35.6272245014096,75.4480169927988,1.93593384926028e-06
A,ProjEuler,fixed,shared,g2,16,0.0625,200000,3.125109054265524e-05,2.898725021392412e-05,2.263840328731119e-06,2.263840328731119e-06,1.9070528097135517e-07,11.87088431531772,0.06956865700001913,nan,nan,control-variate,2.369796013428458e-06,6.086186046014184e-08,38.937291688288546,9.818270459349769,7.21942508793282e-08
A,ProjEuler,fixed,shared,g3,16,0.0625,200000,0.9801559259207022,0.9802226910132205,-6.676509251823673e-05,6.676509251823673e-05,1.5802427476876714e-05,4.224989648959464,0.06956865700001913,nan,nan,control-variate,-6.335301364992566e-05,1.806192521157791e-06,35.07544899439381,76.5454767606305,1.8656172980740964e-06
A,ProjEuler,fixed,shared,g4,16,0.0625,200000,0.9801803202671562,0.9802079963298019,-2.767606264576533e-05,2.767606264576533e-05,9.83202445708566e-06,2.8148895241833922,0.06956865700001913,nan,nan,control-variate,-3.1604510275220215e-05,7.25293821003565e-07,43.57476840418977,183.7629462279714,7.240551139542483e-07
A,KL,uniform,shared,g1,16,0.0625,200000,0.018944161445145557,0.02,-0.0010558385548544425,0.0010558385548544425,1.5206493571968266e-05,69.43340026794745,0.056664283999992904,nan,nan,control-variate,-0.001059179917210043,1.2873202809172317e-06,822.7788631243844,139.53557382672957,1.2696332018718005e-06
A,KL,uniform,shared,g2,16,0.0625,200000,2.1992294600327103e-05,2.898725021392412e-05,-6.994955613597017e-06,6.994955613597017e-06,1.4757349375337663e-07,47.399810329671524,0.056664283999992904,nan,nan,control-variate,-6.900478097633887e-06,4.694212187363433e-08,146.9997056419734,9.88305665683232,4.645263487573146e-08
A,KL,uniform,shared,g3,16,0.0625,200000,0.9812568071358753,0.9802226910132205,0.0010341161226547514,0.0010341161226547514,1.4887914496037385e-05,69.46010624456468,0.056664283999992904,nan,nan,control-variate,0.00103746918650773,1.250717656029518e-06,829.4991131741444,141.69325281405372,1.2258625468837316e-06
A,KL,uniform,shared,g4,16,0.0625,200000,0.9808923079629297,0.9802079963298019,0.0006843116331277355,0.0006843116331277355,9.397540519798655e-06,72.8181625485981,0.056664283999992904,nan,nan,control-variate,0.0006805018868377489,7.608665303098414e-07,894.377475850638,152.54973345646988,8.361613319388592e-07
A,IF,fixed,shared,g1,16,0.0625,200000,0.019946530148058365,0.02,-5.3469851941634554e-05,5.3469851941634554e-05,1.51390067575979e-05,3.531926023799371,0.06682709000000386,nan,nan,control-variate,-5.712821204792621e-05,1.0858647185296414e-06,52.61080047363814,194.3763043981258,8.536095261504571e-07
A,IF,fixed,shared,g2,16,0.0625,200000,2.6751106870551883e-05,2.898725021392412e-05,-2.236143343372238e-06,2.236143343372238e-06,1.647404487671814e-07,13.573735898537317,0.06682709000000386,nan,nan,control-variate,-2.146785859649602e-06,4.8997681817812846e-08,43.814029154112944,11.304449631441956,4.7917972941031135e-08
A,IF,fixed,shared,g3,16,0.0625,200000,0.9802735177221918,0.9802226910132205,5.082670897140552e-05,5.082670897140552e-05,1.4806351995153433e-05,3.4327637886795235,0.06682709000000386,nan,nan,control-variate,5.448415547426576e-05,1.0444279514813457e-06,52.1665045415427,200.9736718689006,8.124044225894869e-07
A,IF,fixed,shared,g4,16,0.0625,200000,0.9802396649139768,0.9802079963298019,3.166858417496591e-05,3.166858417496591e-05,9.285901939999097e-06,3.410393990760685,0.06682709000000386,nan,nan,control-variate,2.7822344616291072e-05,8.994293546140883e-07,30.933329531176582,106.58941320025399,1.022375372165528e-06
A,BLT,fixed,shared,g1,16,0.0625,200000,0.019936175416317623,0.02,-6.382458368237844e-05,6.382458368237844e-05,1.4670833231741046e-05,4.3504402697653815,0.08768785100005516,nan,nan,control-variate,-6.749974625627714e-05,9.14144913403993e-07,73.83921877870429,257.5606228152048,6.622061858229866e-07
A,BLT,fixed,shared,g2,16,0.0625,200000,2.5090573359105536e-05,2.898725021392412e-05,-3.896676854818584e-06,3.896676854818584e-06,1.5487823099893105e-07,25.15961623325539,0.08768785100005516,nan,nan,control-variate,-3.8057726424810856e-06,4.7186586416148853e-08,80.6536969832304,10.773173094409037,4.414569601563859e-08
A,BLT,fixed,shared,g3,16,0.0625,200000,0.9802823030063474,0.9802226910132205,5.9611993126938e-05,5.9611993126938e-05,1.434935230500795e-05,4.1543333705824,0.08768785100005516,nan,nan,control-variate,6.328660908210473e-05,8.728266227789992e-07,72.5076520702428,270.2767126088138,6.275057520481945e-07
A,BLT,fixed,shared,g4,16,0.0625,200000,0.9802533073715757,0.9802079963298019,4.5311041773759894e-05,4.5311041773759894e-05,8.975395355334668e-06,5.0483616576097186,0.08768785100005516,nan,nan,control-variate,4.1458145657292856e-05,1.101658057047759e-06,37.63249893382803,66.3763772738998,1.2293244801919054e-06
A,KLM,implicit,own,g1,16,0.0625,200000,0.02001900695058269,0.02,1.9006950582692422e-05,1.9006950582692422e-05,1.573742045827096e-05,1.2077551485067635,10.686254613999978,117.8876,0.0,control-variate,9.946231525084223e-08,4.248575157012142e-07,0.2341074632672621,1372.0833223819152,nan
A,KLM,implicit,own,g2,16,0.0625,200000,2.934655172607642e-05,2.898725021392412e-05,3.593015121522981e-07,3.593015121522981e-07,1.8031306166059122e-07,1.992653825759014,10.686254613999978,117.8876,0.0,control-variate,2.9132487662440034e-07,2.269815993334228e-08,12.834735391764555,63.10635144267926,nan
A,KLM,implicit,own,g3,16,0.0625,200000,0.9802042797676074,0.9802226910132205,-1.8411245613104423e-05,1.8411245613104423e-05,1.538887578566372e-05,1.1963996506006205,10.686254613999978,117.8876,0.0,control-variate,1.2470059083012074e-07,4.068479497853817e-07,0.3065041642606338,1430.7031215712996,nan
A,FTE,fixed,shared,g1,32,0.03125,200000,0.020015728083347974,0.02,1.5728083347975588e-05,1.5728083347975588e-05,1.594165440155041e-05,0.9866029554903629,0.16889054900008205,nan,nan,control-variate,3.964129756741841e-07,7.8487527457265e-07,0.5050649300807999,412.5394485301405,7.688837750393527e-07
A,FTE,fixed,shared,g2,32,0.03125,200000,3.0106670232058065e-05,2.898725021392412e-05,1.1194200181339435e-06,1.1194200181339435e-06,1.868151625455901e-07,5.992126136232447,0.16889054900008205,nan,nan,control-variate,9.156375550367605e-07,3.489270892879858e-08,26.241515294934356,28.665192921643264,5.127041117195682e-08
A,FTE,fixed,shared,g3,32,0.03125,200000,0.9802081259487369,0.9802226910132205,-1.4565064483565016e-05,1.4565064483565016e-05,1.5587767085437804e-05,0.9343906926330582,0.16889054900008205,nan,nan,control-variate,4.2508842061002126e-07,7.688514455130308e-07,0.5528875871806066,411.0389195369285,7.280595942676416e-07
A,FTE,fixed,shared,g4,32,0.03125,200000,0.9801863221136926,0.9802079963298019,-2.1674216109307474e-05,2.1674216109307474e-05,9.715399855545461e-06,2.230913439649736,0.16889054900008205,nan,nan,control-variate,2.4751486052611437e-07,1.6203118959094196e-07,1.5275754078642598,3595.208799497103,1.2910431675409477e-07
A,HH,fixed,shared,g1,32,0.03125,200000,0.020015371302244137,0.02,1.5371302244135124e-05,1.5371302244135124e-05,1.595846529477225e-05,0.963206797158028,0.16910854299996458,nan,nan,control-variate,-1.1497886884853473e-07,1.055402020002718e-06,0.1089431957390404,228.63694304665896,1.8898349522228743e-06
A,HH,fixed,shared,g2,32,0.03125,200000,3.0455882781808793e-05,2.898725021392412e-05,1.4686325678846726e-06,1.4686325678846726e-06,1.9144625382424381e-07,7.671252576365076,0.16910854299996458,nan,nan,control-variate,1.2655776522594575e-06,4.197787348457706e-08,30.14868422823845,20.799499113973173,6.34853008381366e-08
A,HH,fixed,shared,g3,32,0.03125,200000,0.980208525450136,0.9802226910132205,-1.4165563084380915e-05,1.4165563084380915e-05,1.5601682632482474e-05,0.907950983113092,0.16910854299996458,nan,nan,control-variate,9.734677742633903e-07,1.0195112517405524e-06,0.9548376956129176,234.1848694890663,1.8183533124772957e-06
A,HH,fixed,shared,g4,32,0.03125,200000,0.9801859047276529,0.9802079963298019,-2.2091602149064723e-05,2.2091602149064723e-05,9.726574025293434e-06,2.271262429259953,0.16910854299996458,nan,nan,control-variate,-1.2699174092163216e-07,4.524682270957785e-07,0.2806644385546005,462.1081382446178,5.892262620020575e-07
A,ProjEuler,fixed,shared,g1,32,0.03125,200000,0.02004721441322029,0.02,4.721441322028668e-05,4.721441322028668e-05,1.5934881610543358e-05,2.9629597743008733,0.14554805599999554,nan,nan,control-variate,3.1743331353096604e-05,1.0499217074959958e-06,30.2339985224257,230.3476852371078,1.8314839551660728e-06
A,ProjEuler,fixed,shared,g2,32,0.03125,200000,3.034191598659886e-05,2.898725021392412e-05,1.3546657726747397e-06,1.3546657726747397e-06,1.8843091402741015e-07,7.1891906891545565,0.14554805599999554,nan,nan,control-variate,1.1538889228484906e-06,4.0985515673331095e-08,28.153578255435143,21.13700753310432,6.143518403706427e-08
A,ProjEuler,fixed,shared,g3,32,0.03125,200000,0.9801772414086801,0.9802226910132205,-4.544960454029033e-05,4.544960454029033e-05,1.5579955460501974e-05,2.917184497446951,0.14554805599999554,nan,nan,control-variate,-3.0324390230210426e-05,1.015092254869882e-06,29.873531282235536,235.5707666470226,1.7623115028217751e-06
A,ProjEuler,fixed,shared,g4,32,0.03125,200000,0.9801702112967191,0.9802079963298019,-3.778503308282568e-05,3.778503308282568e-05,9.709689461406957e-06,3.891476986263013,0.14554805599999554,nan,nan,control-variate,-1.5812340793692237e-05,4.6599421924550785e-07,33.93248272327075,434.1598138172326,5.805258141795587e-07
A,KL,uniform,shared,g1,32,0.03125,200000,0.019480611817746282,0.02,-0.0005193881822537164,0.0005193881822537164,1.5465076009956835e-05,33.58458645268347,0.12149517699995727,nan,nan,control-variate,-0.000534700123990374,8.193155191469069e-07,652.6180836256074,356.28845951620036,1.4861318051473074e-06
A,KL,uniform,shared,g2,32,0.03125,200000,2.5537530730827948e-05,2.898725021392412e-05,-3.4497194830961736e-06,3.4497194830961736e-06,1.662733077176551e-07,20.747283676788722,0.12149517699995727,nan,nan,control-variate,-3.6395832699173312e-06,3.598787645599973e-08,101.1335935413482,21.346792618781855,4.645333617575835e-08
A,KL,uniform,shared,g3,32,0.03125,200000,0.9807313272125685,0.9802226910132205,0.0005086361993480315,0.0005086361993480315,1.5130889450365837e-05,33.61575015246269,0.12149517699995727,nan,nan,control-variate,0.0005236099811882077,7.907387128050215e-07,662.1782552302054,366.1532671390468,1.4318527312096758e-06
A,KL,uniform,shared,g4,32,0.03125,200000,0.9805300542277009,0.9802079963298019,0.00032205789789893456,0.00032205789789893456,9.497981259601718e-06,33.908036781327525,0.12149517699995727,nan,nan,control-variate,0.00034391497030610886,4.807300026255338e-07,715.401511093125,390.35537307519155,4.1560083213696707e-07
A,IF,fixed,shared,g1,32,0.03125,200000,0.019986573724860082,0.02,-1.3426275139916721e-05,1.3426275139916721e-05,1.5421006557040952e-05,0.870648429481831,0.1489773230000253,nan,nan,control-variate,-2.8900297545614267e-05,7.335475856953258e-07,39.39798604642646,441.94564591867993,1.3759908957032914e-06
A,IF,fixed,shared,g2,32,0.03125,200000,2.8073216632562312e-05,2.898725021392412e-05,-9.140335813618091e-07,9.140335813618091e-07,1.7511414425146204e-07,5.219644508265801,0.1489773230000253,nan,nan,control-variate,-1.1054282493598244e-06,3.667320385259877e-08,30.142669121653263,22.80051975756144,5.0939548368752974e-08
A,IF,fixed,shared,g3,32,0.03125,200000,0.9802351064697746,0.9802226910132205,1.2415456554165667e-05,1.2415456554165667e-05,1.5079795323938137e-05,0.8233173121691503,0.1489773230000253,nan,nan,control-variate,2.7547469675324368e-05,7.027675111733625e-07,39.198553201940506,460.434165541612,1.3205145210374003e-06
A,IF,fixed,shared,g4,32,0.03125,200000,0.9802005705072693,0.9802079963298019,-7.425822532617724e-06,7.425822532617724e-06,9.436161518367788e-06,0.7869537330579944,0.1489773230000253,nan,nan,control-variate,1.4514621807567176e-05,5.388425981991477e-07,26.93666361211257,306.666890095845,3.4123965966716146e-07
A,BLT,fixed,shared,g1,32,0.03125,200000,0.01998161631724296,0.02,-1.8383682757037122e-05,1.8383682757037122e-05,1.5189177369682165e-05,1.2103145752798463,0.1838203639999847,nan,nan,control-variate,-3.39081950777045e-05,6.707144942686065e-07,50.555333703769655,512.8532639635733,1.1557126883797809e-06
A,BLT,fixed,shared,g2,32,0.03125,200000,2.722159733350861e-05,2.898725021392412e-05,-1.7656528804155083e-06,1.7656528804155083e-06,1.699755649145475e-07,10.387686496604156,0.1838203639999847,nan,nan,control-variate,-1.9566882281146687e-06,3.602560349509346e-08,54.31382234529843,22.261296644224647,4.716282586611604e-08
A,BLT,fixed,shared,g3,32,0.03125,200000,0.9802392718561851,0.9802226910132205,1.65808429646619e-05,1.65808429646619e-05,1.4853579597665803e-05,1.1162860006666362,0.1838203639999847,nan,nan,control-variate,3.17623085961458e-05,6.397974996117623e-07,49.64431498313075,538.9856203685922,1.1061497090693291e-06
A,BLT,fixed,shared,g4,32,0.03125,200000,0.9802075422991112,0.9802079963298019,-4.540306906982239e-07,4.540306906982239e-07,9.280153903457835e-06,0.04892490958895085,0.1838203639999847,nan,nan,control-variate,2.1485584030425707e-05,6.261998001719511e-07,34.31106816790086,219.6263823387535,3.241802180545203e-07
A,KLM,implicit,own,g1,32,0.03125,200000,0.020007101870819295,0.02,7.101870819293268e-06,7.101870819293268e-06,1.5756884715541973e-05,0.45071541408742183,20.475715185000013,235.211595,0.0,control-variate,3.008813726297383e-07,2.8095689921467544e-07,1.0709164767647825,3145.294480010053,nan
A,KLM,implicit,own,g2,32,0.03125,200000,2.9394580399582928e-05,2.898725021392412e-05,4.0733018565880753e-07,4.0733018565880753e-07,1.8100798750034083e-07,2.250343707390485,20.475715185000013,235.211595,0.0,control-variate,1.6779773636307252e-07,1.6012445945960553e-08,10.479207044905136,127.78507323867176,nan
A,KLM,implicit,own,g3,32,0.03125,200000,0.9802160087706239,0.9802226910132205,-6.6822425965952356e-06,6.6822425965952356e-06,1.540764817487404e-05,0.4336964681924835,20.475715185000013,235.211595,0.0,control-variate,-1.7066956784850122e-07,2.682273766026053e-07,0.6362869070645174,3299.6395617377716,nan
A,FTE,fixed,shared,g1,64,0.015625,200000,0.019989152219487983,0.02,-1.0847780512019082e-05,1.0847780512019082e-05,1.5805902791093197e-05,0.6863119845411125,0.33992878499992685,nan,nan,control-variate,-2.2284448898414689e-07,3.910779313164041e-07,0.5698211817630106,1633.4731296151494,2.5349419174907966e-07
A,FTE,fixed,shared,g2,64,0.015625,200000,2.9399708843438737e-05,2.898725021392412e-05,4.124586295146186e-07,4.124586295146186e-07,1.8179945826462044e-07,2.268756097800134,0.33992878499992685,nan,nan,control-variate,4.1754072763523644e-07,2.3664729788653925e-08,17.644009940710447,59.01767135646295,1.9065434790179234e-08
A,FTE,fixed,shared,g3,64,0.015625,200000,0.9802337552616447,0.9802226910132205,1.1064248424198302e-05,1.1064248424198302e-05,1.545623234228873e-05,0.7158438213901699,0.33992878499992685,nan,nan,control-variate,6.081376288885439e-07,3.832476749954913e-07,1.5868005693594835,1626.47809020051,2.444245433065711e-07
A,FTE,fixed,shared,g4,64,0.015625,200000,0.9802142174977563,0.9802079963298019,6.2211679543190835e-06,6.2211679543190835e-06,9.62029123313154e-06,0.6466714783949431,0.33992878499992685,nan,nan,control-variate,1.0768908901978286e-07,8.125236400597751e-08,1.325365610431476,14018.593033966345,6.414825777455183e-08
A,HH,fixed,shared,g1,64,0.015625,200000,0.019988566095342716,0.02,-1.1433904657286305e-05,1.1433904657286305e-05,1.58132374619655e-05,0.7230590626864041,0.3420126370000389,nan,nan,control-variate,-8.485650672232592e-07,6.297454016478233e-07,1.3474732248982864,630.5384506436304,5.099837372178417e-07
A,HH,fixed,shared,g2,64,0.015625,200000,2.9568002040461518e-05,2.898725021392412e-05,5.807518265373987e-07,5.807518265373987e-07,1.8405400363285908e-07,3.1553338426468076,0.3420126370000389,nan,nan,control-variate,5.805383021412375e-07,2.8195701184455212e-08,20.589603299573145,42.611295597140256,2.2841392087660927e-08
A,HH,fixed,shared,g3,64,0.015625,200000,0.9802343511724836,0.9802226910132205,1.1660159263153531e-05,1.1660159263153531e-05,1.5462161040430505e-05,0.7541092886475902,0.3420126370000389,nan,nan,control-variate,1.2407611478714781e-06,6.059421361785367e-07,2.047656160201238,651.1455503194403,4.883591607130575e-07
A,HH,fixed,shared,g4,64,0.015625,200000,0.9802146819221861,0.9802079963298019,6.685592384120407e-06,6.685592384120407e-06,9.624390219890786e-06,0.6946510097131403,0.3420126370000389,nan,nan,control-variate,5.855933412926879e-07,3.0712330344966896e-07,1.9067043585269796,982.0212945896901,1.7269012166404374e-07
A,ProjEuler,fixed,shared,g1,64,0.015625,200000,0.020004028458173135,0.02,4.02845817313544e-06,4.02845817313544e-06,1.5802456669599175e-05,0.2549260698740217,0.3060458319999384,nan,nan,control-variate,1.4617073292753357e-05,6.278314018163333e-07,23.28184485590521,633.5241120855877,4.69178250148536e-07
A,ProjEuler,fixed,shared,g2,64,0.015625,200000,2.951230409634835e-05,2.898725021392412e-05,5.250538824242299e-07,5.250538824242299e-07,1.826103078639468e-07,2.875269685298486,0.3060458319999384,nan,nan,control-variate,5.253547801553222e-07,2.78410983284653e-08,18.869757721382307,43.02073728486529,2.177915999093504e-08
A,ProjEuler,fixed,shared,g3,64,0.015625,200000,0.9802191621438575,0.9802226910132205,-3.5288693629123792e-06,3.5288693629123792e-06,1.545227717416743e-05,0.22837212425957631,0.3060458319999384,nan,nan,control-variate,-1.3951176494681108e-05,6.044695547759073e-07,23.080031714505747,653.4857412665332,4.4870447919362753e-07
A,ProjEuler,fixed,shared,g4,64,0.015625,200000,0.9802069524979556,0.9802079963298019,-1.0438318462470547e-06,1.0438318462470547e-06,9.616315798798923e-06,0.10854799988758992,0.3060458319999384,nan,nan,control-variate,-7.144782785396243e-06,3.119455836143043e-07,22.903939535269057,950.2978599172153,1.4762494206289045e-07
A,KL,uniform,shared,g1,64,0.015625,200000,0.019719895123408774,0.02,-0.00028010487659122516,0.00028010487659122516,1.557053028061801e-05,17.989424351198625,0.25938596499997857,nan,nan,control-variate,-0.00026960748178749683,5.380561130905711e-07,501.0768862728519,837.436077896676,3.560789041466242e-07
A,KL,uniform,shared,g2,64,0.015625,200000,2.7088735881640826e-05,2.898725021392412e-05,-1.8985143322832948e-06,1.8985143322832948e-06,1.715697357456909e-07,11.065554912886071,0.25938596499997857,nan,nan,control-variate,-1.8987979105189735e-06,2.6071083056878374e-08,72.83156999563202,43.30751039634276,1.9160618125787496e-08
A,KL,uniform,shared,g3,64,0.015625,200000,0.9804970032827114,0.9802226910132205,0.000274312269490874,0.000274312269490874,1.523066041143314e-05,18.01053021213427,0.25938596499997857,nan,nan,control-variate,0.00026397836982920475,5.167541917880535e-07,510.839339136847,868.6992642009948,3.3861246801757556e-07
A,KL,uniform,shared,g4,64,0.015625,200000,0.9803873345749052,0.9802079963298019,0.0001793382451033142,0.0001793382451033142,9.5123614557826e-06,18.85317814477012,0.25938596499997857,nan,nan,control-variate,0.00017326721299868272,3.179339817476108e-07,544.9785897256791,895.1643761654256,1.538113072253642e-07
A,IF,fixed,shared,g1,64,0.015625,200000,0.0199739047949756,0.02,-2.6095205024399313e-05,2.6095205024399313e-05,1.5545638779851945e-05,1.678619025820941,0.30738125900001023,nan,nan,control-variate,-1.5542017961972815e-05,5.039914711497434e-07,30.837859074315663,951.416699778431,3.379206878312606e-07
A,IF,fixed,shared,g2,64,0.015625,200000,2.8388132849100112e-05,2.898725021392412e-05,-5.991173648240074e-07,5.991173648240074e-07,1.7603544238206153e-07,3.403390571335645,0.30738125900001023,nan,nan,control-variate,-6.004794028744441e-07,2.630182865804046e-08,22.830329049796994,44.79487649318651,1.9936622985565312e-08
A,IF,fixed,shared,g3,64,0.015625,200000,0.9802479031968082,0.9802226910132205,2.5212183587766824e-05,2.5212183587766824e-05,1.5202264639393945e-05,1.6584491972619637,0.30738125900001023,nan,nan,control-variate,1.4823773561516462e-05,4.81748461668461e-07,30.770775084940848,995.808671448978,3.208265239751921e-07
A,IF,fixed,shared,g4,64,0.015625,200000,0.9802217011611528,0.9802079963298019,1.3704831350826018e-05,1.3704831350826018e-05,9.479938628215615e-06,1.4456666744693518,0.30738125900001023,nan,nan,control-variate,7.616383772836177e-06,3.41078510485501e-07,22.330295045544784,772.5068447111262,2.1930847512287901e-07
A,BLT,fixed,shared,g1,64,0.015625,200000,0.01997200002793238,0.02,-2.7999972067619897e-05,2.7999972067619897e-05,1.543030364300091e-05,1.814609272470183,0.4005876090001266,nan,nan,control-variate,-1.741448765662179e-05,4.817320733136392e-07,36.14973679629551,1025.9774611511011,3.7584815940256814e-07
A,BLT,fixed,shared,g2,64,0.015625,200000,2.7961973017411457e-05,2.898725021392412e-05,-1.0252771965126614e-06,1.0252771965126614e-06,1.734716559740614e-07,5.910344204392489,0.4005876090001266,nan,nan,control-variate,-1.0247045165357411e-06,2.6073503179314578e-08,39.30060757423232,44.264776600727764,1.898728666665903e-08
A,BLT,fixed,shared,g3,64,0.015625,200000,0.9802494209301825,0.9802226910132205,2.6729916962081645e-05,2.6729916962081645e-05,1.5089722227589253e-05,1.7713988739441522,0.4005876090001266,nan,nan,control-variate,1.6310956210920253e-05,4.5939713495125424e-07,35.505132640087055,1078.9117576254987,3.5817721722543084e-07
A,BLT,fixed,shared,g4,64,0.015625,200000,0.9802248884933986,0.9802079963298019,1.6892163596660216e-05,1.6892163596660216e-05,9.402004093860668e-06,1.796655630866028,0.4005876090001266,nan,nan,control-variate,1.0802345801221178e-05,3.7695533721145953e-07,28.656832082898507,622.1012563360148,2.7596971660444163e-07
A,KLM,implicit,own,g1,64,0.015625,200000,0.01999848963921632,0.02,-1.5103607836820454e-06,1.5103607836820454e-06,1.5722225746982576e-05,0.09606532866200038,34.207214975,470.296735,0.0,control-variate,-5.8561633389325384e-08,1.9138628491717491e-07,0.30598657272995683,6748.487240527369,nan
A,KLM,implicit,own,g2,64,0.015625,200000,2.9251793390558392e-05,2.898725021392412e-05,2.6454317663427097e-07,2.6454317663427097e-07,1.80409573137658e-07,1.4663477776338203,34.207214975,470.296735,0.0,control-variate,7.98930117467261e-08,1.1286703728526975e-08,7.078507035211504,255.49647200639816,nan
A,KLM,implicit,own,g3,64,0.015625,200000,0.9802243437727353,0.9802226910132205,1.652759514769948e-06,1.652759514769948e-06,1.5373782258899265e-05,0.10750506849498483,34.207214975,470.296735,0.0,control-variate,1.1568771883613009e-07,1.8237031318400638e-07,0.6343560901790223,7106.457511045373,nan
A,FTE,fixed,shared,g1,128,0.0078125,200000,0.020008989162025186,0.02,8.989162025185303e-06,8.989162025185303e-06,1.5747642261344633e-05,0.5708258973631112,0.7078241850001064,nan,nan,control-variate,1.131253367906121e-07,1.9536803529129794e-07,0.5790370805640738,6497.16749105426,2.01726608517263e-07
A,FTE,fixed,shared,g2,128,0.0078125,200000,2.934597241580104e-05,2.898725021392412e-05,3.587222018769196e-07,3.587222018769196e-07,1.8069625442361755e-07,1.9852221232873188,0.7078241850001064,nan,nan,control-variate,2.506055134382704e-07,1.6529253700691796e-08,15.16133262736368,119.50657767830788,1.5098518644608514e-08
A,FTE,fixed,shared,g3,128,0.0078125,200000,0.9802141305843698,0.9802226910132205,-8.56042885070873e-06,8.56042885070873e-06,1.5398829874479083e-05,0.5559142428669968,0.7078241850001064,nan,nan,control-variate,1.0223060978824368e-07,1.9153306505776595e-07,0.5337491453886103,6463.800214223777,1.9763371311386918e-07
A,FTE,fixed,shared,g4,128,0.0078125,200000,0.9802022038334065,0.9802079963298019,-5.792496395420108e-06,5.792496395420108e-06,9.593815977850212e-06,0.6037739736506905,0.7078241850001064,nan,nan,control-variate,9.166198603117212e-08,4.07909042062513e-08,2.247118268516458,55316.6795268125,4.487852020592782e-08
A,HH,fixed,shared,g1,128,0.0078125,200000,0.020009166880084497,0.02,9.16688008449537e-06,9.16688008449537e-06,1.5753079068579693e-05,0.5819103709559341,0.7162416730001269,nan,nan,control-variate,2.128395817443039e-07,3.994665079736068e-07,0.5328095785150689,1555.142389862165,5.26282396935973e-07
A,HH,fixed,shared,g2,128,0.0078125,200000,2.9435434080128672e-05,2.898725021392412e-05,4.481838662045538e-07,4.481838662045538e-07,1.8183278001016676e-07,2.464813364122215,0.7162416730001269,nan,nan,control-variate,3.3903811570384196e-07,1.9612067641572187e-08,17.287219374319026,85.9602346569137,1.824066682228241e-08
A,HH,fixed,shared,g3,128,0.0078125,200000,0.9802139725074945,0.9802226910132205,-8.718505725968242e-06,8.718505725968242e-06,1.5403540334193605e-05,0.5660066151555065,0.7162416730001269,nan,nan,control-variate,1.8827739847538574e-08,3.8299852051777727e-07,0.04915877957461892,1617.5097513822523,5.043010904071916e-07
A,HH,fixed,shared,g4,128,0.0078125,200000,0.980202179738916,0.9802079963298019,-5.816590885934585e-06,5.816590885934585e-06,9.596879927674015e-06,0.6060918683750111,0.7162416730001269,nan,nan,control-variate,1.0641524123413148e-07,2.130081084572214e-07,0.4995830534568732,2029.868250042753,2.0061891355605546e-07
A,ProjEuler,fixed,shared,g1,128,0.0078125,200000,0.02001682253456482,0.02,1.682253456481754e-05,1.682253456481754e-05,1.5747590470367036e-05,1.068260861652027,0.6426710680000269,nan,nan,control-variate,7.860024081262084e-06,3.986835081568506e-07,19.714946619185923,1560.169134787233,5.209118511890091e-07
A,ProjEuler,fixed,shared,g2,128,0.0078125,200000,2.9406953195405754e-05,2.898725021392412e-05,4.197029814816342e-07,4.197029814816342e-07,1.8112170844032306e-07,2.317242836851443,0.6426710680000269,nan,nan,control-variate,3.107561927823138e-07,1.948529683996677e-08,15.948240118411446,86.40262949488637,1.8163018196699825e-08
A,ProjEuler,fixed,shared,g3,128,0.0078125,200000,0.9802064519074033,0.9802226910132205,-1.6239105817110416e-05,1.6239105817110416e-05,1.539850187856501e-05,1.0545899818809998,0.6426710680000269,nan,nan,control-variate,-7.493426763052697e-06,3.823881688958008e-07,19.596387578336987,1621.6160989014545,4.992003731720084e-07
A,ProjEuler,fixed,shared,g4,128,0.0078125,200000,0.9801983478915488,0.9802079963298019,-9.6484382531498e-06,9.6484382531498e-06,9.592825758472179e-06,1.0057973006158802,0.6426710680000269,nan,nan,control-variate,-3.7242826130422043e-06,2.1473581999378202e-07,17.34355550531833,1995.6488324053819,2.0767441273131972e-07
A,KL,uniform,shared,g1,128,0.0078125,200000,0.019874364958467963,0.02,-0.00012563504153203654,0.00012563504153203654,1.563213903777996e-05,8.036970578907987,0.5664442860000918,nan,nan,control-variate,-0.00013459182018908908,3.647164118138127e-07,369.03143327094926,1837.0721161793915,5.036290746972879e-07
A,KL,uniform,shared,g2,128,0.0078125,200000,2.8179667414150448e-05,2.898725021392412e-05,-8.07582799773672e-07,8.07582799773672e-07,1.755712613151127e-07,4.599743680853522,0.5664442860000918,nan,nan,control-variate,-9.149160728614954e-07,1.884863734850571e-08,48.540170620558335,86.76547348175443,1.710950008321198e-08
A,KL,uniform,shared,g3,128,0.0078125,200000,0.9803457455602905,0.9802226910132205,0.00012305454707005754,0.00012305454707005754,1.5288214967640737e-05,8.048980690716125,0.5664442860000918,nan,nan,control-variate,0.00013179549108143074,3.491011937747903e-07,377.52804468051664,1917.8334696570723,4.827604770987442e-07
A,KL,uniform,shared,g4,128,0.0078125,200000,0.9802887919144456,0.9802079963298019,8.079558464372388e-05,8.079558464372388e-05,9.541149660689493e-06,8.468118362780736,0.5664442860000918,nan,nan,control-variate,8.67229185670334e-05,2.1682055930744572e-07,399.9755320438162,1936.4241735173578,2.0173157093261236e-07
A,IF,fixed,shared,g1,128,0.0078125,200000,0.020001631993563942,0.02,1.6319935639421662e-06,1.6319935639421662e-06,1.5619053911968095e-05,0.10448735071537539,0.6686011030000714,nan,nan,control-variate,-7.357926421539415e-06,3.517761001296314e-07,20.9165046142361,1971.4092415142127,5.048792472551635e-07
A,IF,fixed,shared,g2,128,0.0078125,200000,2.884114971312905e-05,2.898725021392412e-05,-1.4610050079506756e-07,1.4610050079506756e-07,1.7782590314496642e-07,0.8215929075077671,0.6686011030000714,nan,nan,control-variate,-2.5583957334280454e-07,1.8930318703292555e-08,13.514805395130844,88.24176676099152,1.6963237387647398e-08
A,IF,fixed,shared,g3,128,0.0078125,200000,0.980220947687495,0.9802226910132205,-1.743325725453756e-06,1.743325725453756e-06,1.5273380734289434e-05,0.11414144358621994,0.6686011030000714,nan,nan,control-variate,7.028461532144476e-06,3.3579366456863563e-07,20.93089380102903,2068.83264199838,4.83314755796083e-07
A,IF,fixed,shared,g4,128,0.0078125,200000,0.9802058031265267,0.9802079963298019,-2.193203275231586e-06,2.193203275231586e-06,9.524568200122367e-06,0.23026800051716875,0.6686011030000714,nan,nan,control-variate,3.742561736679604e-06,2.253419728518566e-07,16.60836500770331,1786.5139319556172,1.9724714877845756e-07
A,BLT,fixed,shared,g1,128,0.0078125,200000,0.020000649014868373,0.02,6.490148683739519e-07,6.490148683739519e-07,1.556154011639764e-05,0.04170633905895126,0.8346618639999406,nan,nan,control-variate,-8.32463217165111e-06,3.4336541950753313e-07,24.244235728777213,2053.960291337222,4.5757191237998707e-07
A,BLT,fixed,shared,g2,128,0.0078125,200000,2.862623494429618e-05,2.898725021392412e-05,-3.610152696279409e-07,3.610152696279409e-07,1.765383733707862e-07,2.0449676902238987,0.8346618639999406,nan,nan,control-variate,-4.6936960823011914e-07,1.884739891144701e-08,24.90368089705187,87.73550820411761,1.6953332684471796e-08
A,BLT,fixed,shared,g3,128,0.0078125,200000,0.9802217358417439,0.9802226910132205,-9.551714765474523e-07,9.551714765474523e-07,1.5217264339946931e-05,0.06276893502073339,0.8346618639999406,nan,nan,control-variate,7.801345525953422e-06,3.273492190135882e-07,23.831874563383607,2160.979024455079,4.366665144724118e-07
A,BLT,fixed,shared,g4,128,0.0078125,200000,0.9802074307287533,0.9802079963298019,-5.656010487061336e-07,5.656010487061336e-07,9.485532190827634e-06,0.05962776123969736,0.8346618639999406,nan,nan,control-variate,5.368133744698513e-06,2.390791868302062e-07,22.453371269457076,1574.1273489336218,2.0124192208103975e-07
A,KLM,implicit,own,g1,128,0.0078125,200000,0.019979453197016165,0.02,-2.0546802983836835e-05,2.0546802983836835e-05,1.563636266672296e-05,1.3140398071966053,67.85507358299998,940.179215,0.0,control-variate,-7.164729202950337e-08,1.3199888899502314e-07,0.5427870838534463,14032.366459803503,nan
A,KLM,implicit,own,g2,128,0.0078125,200000,2.8816886751506235e-05,2.898725021392412e-05,-1.703634624178847e-07,1.703634624178847e-07,1.788687886668574e-07,0.9524493551258187,67.85507358299998,940.179215,0.0,control-variate,3.1963033641414733e-08,7.894335397102465e-09,4.048856811068154,513.3788634332082,nan
A,KLM,implicit,own,g3,128,0.0078125,200000,0.9802427405442355,0.9802226910132205,2.004953101512761e-05,2.004953101512761e-05,1.529021740864762e-05,1.3112652671497191,67.85507358299998,940.179215,0.0,control-variate,9.659275318311726e-08,1.2566161543572257e-07,0.7686734954678791,14805.46473810463,nan
A,FTE,fixed,shared,g1,256,0.00390625,200000,0.020046996832750335,0.02,4.699683275033575e-05,4.699683275033575e-05,1.5741552754756284e-05,2.985527125723715,1.6034692169999403,nan,nan,control-variate,3.165797721731687e-07,9.776345350916025e-08,3.2382220636621204,25926.391151731554,1.0523131570641316e-07
A,FTE,fixed,shared,g2,256,0.00390625,200000,2.9484596525374575e-05,2.898725021392412e-05,4.973463114504572e-07,4.973463114504572e-07,1.815985624428008e-07,2.7387128221739605,1.6034692169999403,nan,nan,control-variate,1.191848836011538e-07,1.1625707903515548e-08,10.251838820508553,243.99784933487902,1.18076641979362e-08
A,FTE,fixed,shared,g3,256,0.00390625,200000,0.9801768571456794,0.9802226910132205,-4.583386754108795e-05,4.583386754108795e-05,1.539255263216079e-05,2.977665149919571,1.6034692169999403,nan,nan,control-variate,-2.0511698026743615e-07,9.600036350429214e-08,2.136627120774032,25708.42906538365,9.828380130104198e-08
A,FTE,fixed,shared,g4,256,0.00390625,200000,0.9801989941036493,0.9802079963298019,-9.002226152640336e-06,9.002226152640336e-06,9.588975373515311e-06,0.9388100190041604,1.6034692169999403,nan,nan,control-variate,9.943052487044276e-08,2.0506550097264736e-08,4.848720257616872,218654.8927765473,2.7078269489730835e-08
A,HH,fixed,shared,g1,256,0.00390625,200000,0.020047134298105136,0.02,4.7134298105135554e-05,4.7134298105135554e-05,1.5743287945827604e-05,2.993929747542184,1.560668233000115,nan,nan,control-variate,4.8417911544368e-07,2.642777518654222e-07,1.832084282638509,3548.703134602739,3.556769824882964e-07
A,HH,fixed,shared,g2,256,0.00390625,200000,2.9526705531090525e-05,2.898725021392412e-05,5.394553171664067e-07,5.394553171664067e-07,1.82172306526156e-07,2.9612366854945242,1.560668233000115,nan,nan,control-variate,1.6346688949929563e-07,1.3768269406577012e-08,11.872725952123552,175.0676908687424,1.4229149650020202e-08
A,HH,fixed,shared,g3,256,0.00390625,200000,0.9801767274303727,0.9802226910132205,-4.596358284780797e-05,4.596358284780797e-05,1.539394209085803e-05,2.9858227721347785,1.560668233000115,nan,nan,control-variate,-3.6326341736844884e-07,2.527216439240681e-07,1.437405248430537,3710.3495065610355,3.409614729096115e-07
A,HH,fixed,shared,g4,256,0.00390625,200000,0.9801990120330576,0.9802079963298019,-8.984296744291888e-06,8.984296744291888e-06,9.589705306085858e-06,0.9368689086400014,1.560668233000115,nan,nan,control-variate,1.0594275278754811e-07,1.4909968647247384e-07,0.7105498025786045,4136.728918834662,1.3331069567147243e-07
A,ProjEuler,fixed,shared,g1,256,0.00390625,200000,0.020050932118896903,0.02,5.093211889690339e-05,5.093211889690339e-05,1.5740478953164914e-05,3.2357413677467894,1.4668677539999067,nan,nan,control-variate,4.276034385431349e-06,2.63969919223e-07,16.198945690546598,3555.7155165803915,3.460835427555174e-07
A,ProjEuler,fixed,shared,g2,256,0.00390625,200000,2.9512285772217774e-05,2.898725021392412e-05,5.250355582936541e-07,5.250355582936541e-07,1.8180827457687374e-07,2.887852929222174,1.4668677539999067,nan,nan,control-variate,1.4894122432931884e-07,1.3722168134939177e-08,10.854059130064654,175.5423135303663,1.4084407908541402e-08
A,ProjEuler,fixed,shared,g3,256,0.00390625,200000,0.9801729964826154,0.9802226910132205,-4.969453060510755e-05,4.969453060510755e-05,1.5391360247929458e-05,3.2287289625225144,1.4668677539999067,nan,nan,control-variate,-4.088501574856936e-06,2.524786138447498e-07,16.19345699264245,3716.2490595497034,3.3165948627343106e-07
A,ProjEuler,fixed,shared,g4,256,0.00390625,200000,0.9801971154202457,0.9802079963298019,-1.0880909556237913e-05,1.0880909556237913e-05,9.587668015147103e-06,1.1348859325383063,1.4668677539999067,nan,nan,control-variate,-1.7911171621518458e-06,1.4972680769487376e-07,11.962568291724613,4100.405854981376,1.306337129914064e-07
A,KL,uniform,shared,g1,256,0.00390625,200000,0.019979434515228402,0.02,-2.0565484771598186e-05,2.0565484771598186e-05,1.5682852365282512e-05,1.311335737440497,1.2884176299999126,nan,nan,control-variate,-6.7144663648798e-05,2.5152086669411177e-07,266.95464488223274,3887.7834487922473,3.0500719404339423e-07
A,KL,uniform,shared,g2,256,0.00390625,200000,2.8890589238023276e-05,2.898725021392412e-05,-9.666097590084276e-08,9.666097590084276e-08,1.7901071205833942e-07,0.5399731378608283,1.2884176299999126,nan,nan,control-variate,-4.6811812157798055e-07,1.3496717023956592e-08,34.683850950351385,175.91454739779513,1.355981100017713e-08
A,KL,uniform,shared,g3,256,0.00390625,200000,0.9802429020210204,0.9802226910132205,2.021100779996041e-05,2.021100779996041e-05,1.533632373815054e-05,1.3178521883757344,1.2884176299999126,nan,nan,control-variate,6.574465590416593e-05,2.402463315782569e-07,273.65519162048275,4075.013062865021,2.918332779159266e-07
A,KL,uniform,shared,g4,256,0.00390625,200000,0.9802424206830417,0.9802079963298019,3.442435323977889e-05,3.442435323977889e-05,9.561850760270331e-06,3.600176796610623,1.2884176299999126,nan,nan,control-variate,4.350038783216781e-05,1.50576405213492e-07,288.8924580879161,4032.4600403574887,1.335315566311472e-07
A,IF,fixed,shared,g1,256,0.00390625,200000,0.020043078732166833,0.02,4.307873216683249e-05,4.307873216683249e-05,1.5676180614969138e-05,2.748037498732104,1.5416192760000058,nan,nan,control-variate,-3.561479842693231e-06,2.468621585378207e-07,14.426997899508327,4032.4730448545183,2.8296791709624937e-07
A,IF,fixed,shared,g2,256,0.00390625,200000,2.922653777100841e-05,2.898725021392412e-05,2.392875570842902e-07,2.392875570842902e-07,1.8013869270697146e-07,1.3283518020947072,1.5416192760000058,nan,nan,control-variate,-1.3522882761284846e-07,1.352600355591101e-08,9.997692744487857,177.3678978511218,1.3477279931754892e-08
A,IF,fixed,shared,g3,256,0.00390625,200000,0.9801804966917,0.9802226910132205,-4.219432152043287e-05,4.219432152043287e-05,1.53287772071748e-05,2.752621487686791,1.5416192760000058,nan,nan,control-variate,3.396912146000308e-06,2.3544675731375858e-07,14.42751722196603,4238.669913508073,2.702904456797481e-07
A,IF,fixed,shared,g4,256,0.00390625,200000,0.9802008832665017,0.9802079963298019,-7.113063300278317e-06,7.113063300278317e-06,9.553447448932904e-06,0.7445546058949462,1.5416192760000058,nan,nan,control-variate,1.9702201049479187e-06,1.5377025542158855e-07,12.81275172201678,3859.8956728097082,1.4399487230225873e-07
A,BLT,fixed,shared,g1,256,0.00390625,200000,0.020042584556781595,0.02,4.2584556781595205e-05,4.2584556781595205e-05,1.5647384007279955e-05,2.7215128587489588,2.073259199000063,nan,nan,control-variate,-4.049847046952092e-06,2.4403727243336335e-07,16.595198784882093,4111.224162178466,2.7680678502055324e-07
A,BLT,fixed,shared,g2,256,0.00390625,200000,2.9118194723799075e-05,2.898725021392412e-05,1.3094450987495566e-07,1.3094450987495566e-07,1.794925016115765e-07,0.7295263517933515,2.073259199000063,nan,nan,control-variate,-2.4300341755455083e-07,1.3496235704800421e-08,18.00527368295131,176.8753499385534,1.3400731548257691e-08
A,BLT,fixed,shared,g3,256,0.00390625,200000,0.9801808928601006,0.9802226910132205,-4.179815311989573e-05,4.179815311989573e-05,1.5300680309597247e-05,2.7317839647743067,2.073259199000063,nan,nan,control-variate,3.78764246844117e-06,2.3260744646957901e-07,16.28341020860881,4326.874063029437,2.6417684177133817e-07
A,BLT,fixed,shared,g4,256,0.00390625,200000,0.9802016844729846,0.9802079963298019,-6.311856817314141e-06,6.311856817314141e-06,9.53392335500876e-06,0.6620419089060676,2.073259199000063,nan,nan,control-variate,2.7702220532606723e-06,1.5896057456151006e-07,17.427101411166138,3597.199006088859,1.5775235382350828e-07
A,KLM,implicit,own,g1,256,0.00390625,200000,0.0200054422407124,0.02,5.442240712400015e-06,5.442240712400015e-06,1.5636808651832288e-05,0.34804037278810757,137.40467544800003,1879.110375,0.0,control-variate,1.1038465492450153e-08,9.233196743525743e-08,0.11955193633440392,28680.853026851335,nan
A,KLM,implicit,own,g2,256,0.00390625,200000,2.88353719095881e-05,2.898725021392412e-05,-1.5187830433601723e-07,1.5187830433601723e-07,1.7648837741507677e-07,0.860556975821813,137.40467544800003,1879.110375,0.0,control-variate,1.9998942686474213e-08,5.600521970581389e-09,3.570906924662618,993.0593621489478,nan
A,KLM,implicit,own,g3,256,0.00390625,200000,0.9802172679589334,0.9802226910132205,-5.423054287096778e-06,5.423054287096778e-06,1.529148711317445e-05,0.3546453165058434,137.40467544800003,1879.110375,0.0,control-variate,3.70853938363632e-09,8.784335764574933e-08,0.04221764152722791,30302.718477844308,nan
A,FTE,fixed,shared,g1,512,0.001953125,200000,0.01998743533633344,0.02,-1.2564663666557588e-05,1.2564663666557588e-05,1.5696013818124908e-05,0.8005002933960592,3.321880199000134,nan,nan,control-variate,-4.54591969303725e-08,4.879275755973972e-08,0.9316791918291203,103482.76353866719,7.867002614404787e-08
A,FTE,fixed,shared,g2,512,0.001953125,200000,2.9050301718144855e-05,2.898725021392412e-05,6.305150422073618e-08,6.305150422073618e-08,1.7960350172967244e-07,0.3510594371129646,3.321880199000134,nan,nan,control-variate,5.159324618589459e-08,8.190313271701216e-09,6.299300707355986,480.8709845918666,9.765384118668232e-09
A,FTE,fixed,shared,g3,512,0.001953125,200000,0.980235099261731,0.9802226910132205,1.2408248510557044e-05,1.2408248510557044e-05,1.534863134248931e-05,0.8084270338950377,3.321880199000134,nan,nan,control-variate,9.495672892051173e-08,4.805773508677696e-08,1.9758885588147284,102002.94521845841,7.859239544417533e-08
A,FTE,fixed,shared,g4,512,0.001953125,200000,0.9802103289976033,0.9802079963298019,2.332667801408039e-06,2.332667801408039e-06,9.565794058051158e-06,0.24385511409214616,3.321880199000134,nan,nan,control-variate,6.780711226224591e-09,1.0316432975710464e-08,0.6572728424824203,859771.2754837841,1.581945788111315e-08
A,HH,fixed,shared,g1,512,0.001953125,200000,0.019987453386779278,0.02,-1.2546613220722287e-05,1.2546613220722287e-05,1.5697068588261138e-05,0.7992965788596426,3.323048794999977,nan,nan,control-variate,-4.852792363074162e-08,1.8039341531110397e-07,0.2690116130184189,7571.740998800442,2.0354557992512337e-07
A,HH,fixed,shared,g2,512,0.001953125,200000,2.907247526591667e-05,2.898725021392412e-05,8.522505199255109e-08,8.522505199255109e-08,1.7989898148158392e-07,0.4737383796765714,3.323048794999977,nan,nan,control-variate,7.112488233099412e-08,9.686540022344746e-09,7.342650953480236,344.9213320945021,1.157499677483922e-08
A,HH,fixed,shared,g3,512,0.001953125,200000,0.9802350846422311,0.9802226910132205,1.239362901060007e-05,1.239362901060007e-05,1.5349504008608982e-05,0.8074286311563509,3.323048794999977,nan,nan,control-variate,9.9629234809435e-08,1.7223921571624174e-07,0.578435255845398,7941.9036624545615,1.9410415329683502e-07
A,HH,fixed,shared,g4,512,0.001953125,200000,0.9802103760368486,0.9802079963298019,2.379707046632845e-06,2.379707046632845e-06,9.566492692240265e-06,0.24875438921968898,3.323048794999977,nan,nan,control-variate,5.4672684415292586e-08,1.0468862282427804e-07,0.5222409364106526,8350.385295660815,1.1772772129877494e-07
A,ProjEuler,fixed,shared,g1,512,0.001953125,200000,0.01998934968078093,0.02,-1.0650319219069055e-05,1.0650319219069055e-05,1.569571395487377e-05,0.678549523117549,3.114474261000055,nan,nan,control-variate,1.8492408168246995e-06,1.8027875765531817e-07,10.257674508498297,7580.066880750854,2.0253719687940065e-07
A,ProjEuler,fixed,shared,g2,512,0.001953125,200000,2.9065408417453842e-05,2.898725021392412e-05,7.815820352972166e-08,7.815820352972166e-08,1.797205434694712e-07,0.43488742032987593,3.114474261000055,nan,nan,control-variate,6.411576408134773e-08,9.671029453786445e-09,6.629673127119351,345.3425046742495,1.1542777625057946e-08
A,ProjEuler,fixed,shared,g3,512,0.001953125,200000,0.9802332217843602,0.9802226910132205,1.0530771139797328e-05,1.0530771139797328e-05,1.534826075279077e-05,0.6861214641458655,3.114474261000055,nan,nan,control-variate,-1.764630377726067e-06,1.7214759499637372e-07,10.2506827223653,7949.071772017547,1.9315567858694792e-07
A,ProjEuler,fixed,shared,g4,512,0.001953125,200000,0.9802094243630457,0.9802079963298019,1.4280332438037347e-06,1.4280332438037347e-06,9.565493532643067e-06,0.1492900746762777,3.114474261000055,nan,nan,control-variate,-8.969515960447732e-07,1.0489216833362932e-07,8.551177941062765,8316.271099503962,1.1968228756209827e-07
A,KL,uniform,shared,g1,512,0.001953125,200000,0.019953729960953865,0.02,-4.627003904613561e-05,4.627003904613561e-05,1.5666983158657173e-05,2.9533470852407198,2.721006989000216,nan,nan,control-variate,-3.378247753323122e-05,1.7576935223963004e-07,192.19776999106685,7944.827071101859,1.978194149359556e-07
A,KL,uniform,shared,g2,512,0.001953125,200000,2.8757894550205824e-05,2.898725021392412e-05,-2.2935566371829487e-07,2.2935566371829487e-07,1.7833370232804132e-07,1.286103864408084,2.721006989000216,nan,nan,control-variate,-2.435970624693077e-07,9.592931261180516e-09,25.393391846251003,345.5924028267353,1.1318366029109397e-08
A,KL,uniform,shared,g3,512,0.001953125,200000,0.980268049967432,0.9802226910132205,4.535895421159195e-05,4.535895421159195e-05,1.5320818806793963e-05,2.9606090107584646,2.721006989000216,nan,nan,control-variate,3.307497631503236e-05,1.677095306656116e-07,197.21584207983418,8345.425136593281,1.8818925788963317e-07
A,KL,uniform,shared,g4,512,0.001953125,200000,0.9802320652538438,0.9802079963298019,2.4068924041786034e-05,2.4068924041786034e-05,9.552651560588741e-06,2.5196066127950174,2.721006989000216,nan,nan,control-variate,2.1745453491033966e-05,1.0516253687540795e-07,206.77946859343118,8251.364366920418,1.2780603259171685e-07
A,IF,fixed,shared,g1,512,0.001953125,200000,0.019985608752906812,0.02,-1.4391247093190347e-05,1.4391247093190347e-05,1.5663579524978962e-05,0.9187712853400076,3.2277930750002497,nan,nan,control-variate,-1.8948451547046968e-06,1.7411385110472277e-07,10.882793888494376,8093.109002525451,2.013822954356844e-07
A,IF,fixed,shared,g2,512,0.001953125,200000,2.8924608435891475e-05,2.898725021392412e-05,-6.264177803264568e-08,6.264177803264568e-08,1.7889952298751768e-07,0.35015061519765134,3.2277930750002497,nan,nan,control-variate,-7.690527723730234e-08,9.603362564962517e-09,8.008161382752345,347.03375075421155,1.1418356975320032e-08
A,IF,fixed,shared,g3,512,0.001953125,200000,0.9802367902435605,0.9802226910132205,1.4099230339963132e-05,1.4099230339963132e-05,1.531697826257877e-05,0.920496856381213,3.2277930750002497,nan,nan,control-variate,1.8068317230758488e-06,1.660026213564877e-07,10.88435657407909,8513.65995360991,1.9160644941156644e-07
A,IF,fixed,shared,g4,512,0.001953125,200000,0.9802112783757019,0.9802079963298019,3.2820458999272205e-06,3.2820458999272205e-06,9.548431140686263e-06,0.3437261945517192,3.2277930750002497,nan,nan,control-variate,9.59581297171334e-07,1.0630358730312094e-07,9.026800708381757,8068.042925583985,1.3449339085028894e-07
A,BLT,fixed,shared,g1,512,0.001953125,200000,0.019985388619117708,0.02,-1.4611380882292846e-05,1.4611380882292846e-05,1.564923986366538e-05,0.933679910946841,4.20556822799972,nan,nan,control-variate,-2.1128618097867606e-06,1.731283807532656e-07,12.204017623187452,8170.524943975502,2.154225237587519e-07
A,BLT,fixed,shared,g2,512,0.001953125,200000,2.8870945090173133e-05,2.898725021392412e-05,-1.1630512375098602e-07,1.1630512375098602e-07,1.785757777169725e-07,0.6512928306285738,4.20556822799972,nan,nan,control-variate,-1.3038965922027727e-07,9.593028251821753e-09,13.592127094540327,346.52426691520736,1.1360986186336373e-08
A,BLT,fixed,shared,g3,512,0.001953125,200000,0.9802369621147364,0.9802226910132205,1.4271101515930942e-05,1.4271101515930942e-05,1.5302987513194783e-05,0.9325696373747864,4.20556822799972,nan,nan,control-variate,1.97674146313269e-06,1.6501118064473812e-07,11.97943954712092,8600.539691197468,2.0560156044381928e-07
A,BLT,fixed,shared,g4,512,0.001953125,200000,0.9802116708375851,0.9802079963298019,3.674507783162313e-06,3.674507783162313e-06,9.538670109615186e-06,0.3852222312896983,4.20556822799972,nan,nan,control-variate,1.3514823663855415e-06,1.0818129506374278e-07,12.492754552339372,7774.479200410139,1.4149285968023006e-07
A,KLM,implicit,own,g1,512,0.001953125,200000,0.020007985954040502,0.02,7.985954040499744e-06,7.985954040499744e-06,1.5734670883257238e-05,0.5075386768335487,284.07296488200006,3759.28712,0.0,control-variate,4.622940613219172e-09,6.491245703640793e-08,0.07121808084735214,58756.94815696707,nan
A,KLM,implicit,own,g2,512,0.001953125,200000,2.9358986524074097e-05,2.898725021392412e-05,3.717363101499765e-07,3.717363101499765e-07,1.80755048654426e-07,2.0565749776686753,284.07296488200006,3759.28712,0.0,control-variate,9.669983185658486e-09,3.962222888982733e-09,2.44054498108792,2081.148487859792,nan
A,KLM,implicit,own,g3,512,0.001953125,200000,0.9802150734908937,0.9802226910132205,-7.617522326810453e-06,7.617522326810453e-06,1.538569295293894e-05,0.4951042731783733,284.07296488200006,3759.28712,0.0,control-variate,2.485239888864936e-09,6.173697191461054e-08,0.04025529292726429,62107.4178517483,nan
A,FTE,fixed,shared,g1,1024,0.0009765625,200000,0.02001837785740268,0.02,1.8377857402678638e-05,1.8377857402678638e-05,1.569647170212768e-05,1.1708272885420163,6.997624932000008,nan,nan,control-variate,2.3893325053502477e-08,2.4406813322694835e-08,0.9789612735426264,413601.3274814777,2.5267271841172933e-08
A,FTE,fixed,shared,g2,1024,0.0009765625,200000,2.92327584108957e-05,2.898725021392412e-05,2.4550819697157977e-07,2.4550819697157977e-07,1.80825734662392e-07,1.3577060667274612,6.997624932000008,nan,nan,control-variate,3.7097971817735434e-08,5.766983870822364e-09,6.432820456708736,983.1572879938861,6.034777851021447e-09
A,FTE,fixed,shared,g3,1024,0.0009765625,200000,0.9802047700016354,0.9802226910132205,-1.792101158503642e-05,1.792101158503642e-05,1.534842400437595e-05,1.167612491023639,6.997624932000008,nan,nan,control-variate,6.853959902575319e-09,2.416944630323984e-08,0.2835795167412075,403268.38297610066,2.6234866700806328e-08
A,FTE,fixed,shared,g4,1024,0.0009765625,200000,0.9801985811176703,0.9802079963298019,-9.415212131638322e-06,9.415212131638322e-06,9.565316583461412e-06,0.9843074245882648,6.997624932000008,nan,nan,control-variate,1.094123946249033e-08,5.222704483508258e-09,2.094937497811622,3354345.484771171,5.9116918944397015e-09
A,HH,fixed,shared,g1,1024,0.0009765625,200000,0.020018477306991644,0.02,1.84773069916428e-05,1.84773069916428e-05,1.56970400185129e-05,1.1771204615552286,6.950453406000179,nan,nan,control-variate,1.2272548495801567e-07,1.2468542942825518e-07,0.9842808860728408,15849.082286181709,9.043604074974489e-08
A,HH,fixed,shared,g2,1024,0.0009765625,200000,2.924403066562333e-05,2.898725021392412e-05,2.567804516992099e-07,2.567804516992099e-07,1.809547356000961e-07,1.4190313994693464,6.950453406000179,nan,nan,control-variate,4.8902662104259144e-08,6.813407768343633e-09,7.177416025424173,705.360512842714,6.939057041662941e-09
A,HH,fixed,shared,g3,1024,0.0009765625,200000,0.9802046741899991,0.9802226910132205,-1.8016823221365606e-05,1.8016823221365606e-05,1.534890512104402e-05,1.1738181374685648,6.950453406000179,nan,nan,control-variate,-8.811969906167697e-08,1.1894185124212341e-07,0.7408636921439581,16652.729041625047,8.60411810458288e-08
A,HH,fixed,shared,g4,1024,0.0009765625,200000,0.9801986404133939,0.9802079963298019,-9.355916408045966e-06,9.355916408045966e-06,9.565738891285656e-06,0.9780652090105828,6.950453406000179,nan,nan,control-variate,7.386404772497107e-08,7.379735091793376e-08,1.0009037832145422,16801.787955666987,5.699440033516162e-08
A,ProjEuler,fixed,shared,g1,1024,0.0009765625,200000,0.020019425225137385,0.02,1.942522513738564e-05,1.942522513738564e-05,1.5696337671016565e-05,1.2375641722625845,6.567041320000044,nan,nan,control-variate,1.0707430793937383e-06,1.2463723260897627e-07,8.590876554143133,15859.922868742558,9.077335831477124e-08
A,ProjEuler,fixed,shared,g2,1024,0.0009765625,200000,2.924039590181385e-05,2.898725021392412e-05,2.531456878897309e-07,2.531456878897309e-07,1.8086435603773483e-07,1.3996438736492423,6.567041320000044,nan,nan,control-variate,4.530309572341029e-08,6.8084210722556524e-09,6.65397971756192,705.6886921942629,6.943459463633352e-09
A,ProjEuler,fixed,shared,g3,1024,0.0009765625,200000,0.980203742937308,0.9802226910132205,-1.894807591241101e-05,1.894807591241101e-05,1.534825941647087e-05,1.2345423281077088,6.567041320000044,nan,nan,control-variate,-1.0194616257464806e-06,1.1890151998957216e-07,8.57399994412089,16662.62609892119,8.636121511944418e-08
A,ProjEuler,fixed,shared,g4,1024,0.0009765625,200000,0.9801981660945955,0.9802079963298019,-9.830235206435597e-06,9.830235206435597e-06,9.56523581755206e-06,1.0277044281958283,6.567041320000044,nan,nan,control-variate,-4.004620502500054e-07,7.387947533098585e-08,5.420477723425945,16762.6917078121,5.6737305860705596e-08
A,KL,uniform,shared,g1,1024,0.0009765625,200000,0.020001581382859058,0.02,1.5813828590560952e-06,1.5813828590560952e-06,1.568197014543412e-05,0.10084082831368751,5.6582670069999494,nan,nan,control-variate,-1.6766147003676767e-05,1.2303823025225192e-07,136.26778416190606,16245.051556894397,9.020363799840283e-08
A,KL,uniform,shared,g2,1024,0.0009765625,200000,2.9085586190605988e-05,2.898725021392412e-05,9.833597668186877e-08,9.833597668186877e-08,1.801665265557417e-07,0.5458060304639586,5.6582670069999494,nan,nan,control-variate,-1.0919673144656834e-07,6.780926632619526e-09,16.103511711995147,705.9437875511501,6.988023913668671e-09
A,KL,uniform,shared,g3,1024,0.0009765625,200000,0.980221189633146,0.9802226910132205,-1.5013800745320642e-06,1.5013800745320642e-06,1.5334538234160975e-05,0.09790839812753004,5.6582670069999494,nan,nan,control-variate,1.642060826863971e-05,1.1732720607477049e-07,139.95567454470154,17082.205714256932,8.558365712262453e-08
A,KL,uniform,shared,g4,1024,0.0009765625,200000,0.9802095000561293,0.9802079963298019,1.5037263273340922e-06,1.5037263273340922e-06,9.558815170614648e-06,0.15731304565410903,5.6582670069999494,nan,nan,control-variate,1.093036182375111e-05,7.397542452870865e-08,147.75666234276514,16696.798113754227,5.6768530715616116e-08
A,IF,fixed,shared,g1,1024,0.0009765625,200000,0.020017519316278685,0.02,1.7519316278683327e-05,1.7519316278683327e-05,1.568026557259212e-05,1.1172844106228483,6.761684924000292,nan,nan,control-variate,-8.349606292532734e-07,1.2245858623485122e-07,6.818310213478906,16395.638921522663,9.111911410835076e-08
A,IF,fixed,shared,g2,1024,0.0009765625,200000,2.9169439165233288e-05,2.898725021392412e-05,1.821889513091679e-07,1.821889513091679e-07,1.8045031184765707e-07,1.0096350039171926,6.761684924000292,nan,nan,control-variate,-2.555359671755976e-08,6.78394135940902e-09,3.766777359022728,707.5401729876288,6.93748266674549e-09
A,IF,fixed,shared,g3,1024,0.0009765625,200000,0.9802055618137654,0.9802226910132205,-1.712919945504334e-05,1.712919945504334e-05,1.533261522540375e-05,1.117174024341453,6.761684924000292,nan,nan,control-variate,7.992490785541386e-07,1.1672940998523099e-07,6.847024058934783,17253.2888612333,8.639109151881616e-08
A,IF,fixed,shared,g4,1024,0.0009765625,200000,0.9801991067868505,0.9802079963298019,-8.889542951447302e-06,8.889542951447302e-06,9.556698637478101e-06,0.9301897327373657,6.761684924000292,nan,nan,control-variate,5.403170502708081e-07,7.436612185452828e-08,7.265634361406561,16514.503235194003,5.778162665696044e-08
A,BLT,fixed,shared,g1,1024,0.0009765625,200000,0.020017397898727012,0.02,1.7397898727010445e-05,1.7397898727010445e-05,1.5673092502820857e-05,1.1100488766897252,8.801027866999675,nan,nan,control-variate,-9.565431342917775e-07,1.2207501846100226e-07,7.835699280253249,16483.741542213113,9.310127103430494e-08
A,BLT,fixed,shared,g2,1024,0.0009765625,200000,2.914244071671665e-05,2.898725021392412e-05,1.551905027925308e-07,1.551905027925308e-07,1.802874321774661e-07,0.8607949035502868,8.801027866999675,nan,nan,control-variate,-5.245839936567058e-08,6.7809051797828555e-09,7.736194206353797,706.8960636333801,6.971391325598545e-09
A,BLT,fixed,shared,g3,1024,0.0009765625,200000,0.9802056588343332,0.9802226910132205,-1.7032178887297854e-05,1.7032178887297854e-05,1.5325617087943237e-05,1.111353545476298,8.801027866999675,nan,nan,control-variate,8.964839216758798e-07,1.1634419054522074e-07,7.7054463783254725,17351.880023200305,8.834210095936568e-08
A,BLT,fixed,shared,g4,1024,0.0009765625,200000,0.9801993071432744,0.9802079963298019,-8.689186527561965e-06,8.689186527561965e-06,9.551816987009766e-06,0.9096893857345721,8.801027866999675,nan,nan,control-variate,7.406780063172727e-07,7.502343571875537e-08,9.872621791061324,16209.816097190107,5.953243654733393e-08
A,KLM,implicit,own,g1,1024,0.0009765625,200000,0.019992065268637386,0.02,-7.934731362613114e-06,7.934731362613114e-06,1.5683510759054834e-05,0.50592826341717,566.259009681,7515.295855,0.0,control-variate,-4.456669984216831e-09,4.576661855758275e-08,0.09737817922050605,117432.6659705725,nan
A,KLM,implicit,own,g2,1024,0.0009765625,200000,2.8986693060564603e-05,2.898725021392412e-05,-5.571533595161724e-10,5.571533595161724e-10,1.7863578021057925e-07,0.00311893484530025,566.259009681,7515.295855,0.0,control-variate,8.934009182295447e-09,2.7905324602207837e-09,3.2015428272741175,4097.913103009233,nan
A,KLM,implicit,own,g3,1024,0.0009765625,200000,0.9802305229373934,0.9802226910132205,7.831924172997947e-06,7.831924172997947e-06,1.53367938911535e-05,0.5106624127951228,566.259009681,7515.295855,0.0,control-variate,9.993172225474484e-09,4.352286790941804e-08,0.22960739274518333,124174.99525021495,nan
A,FTE,fixed,shared,g1,2048,0.00048828125,200000,0.019993648209419398,0.02,-6.351790580602963e-06,6.351790580602963e-06,1.565624877386137e-05,0.4057032225501864,12.269549881999865,nan,nan,control-variate,-6.353430685201968e-09,1.2171912713384398e-08,0.5219747162839617,1654465.702137028,1.2144210408611002e-08
A,FTE,fixed,shared,g2,2048,0.00048828125,200000,2.8903927374040256e-05,2.898725021392412e-05,-8.332283988386424e-08,8.332283988386424e-08,1.7895743942650585e-07,0.4656014309932235,12.269549881999865,nan,nan,control-variate,1.4634741500240996e-08,4.0929854038781024e-09,3.5755665012571467,1911.6972809877868,3.3170695055582247e-09
A,FTE,fixed,shared,g3,2048,0.00048828125,200000,0.9802288874008191,0.9802226910132205,6.196387598663362e-06,6.196387598663362e-06,1.530984601264745e-05,0.4047321961007662,12.269549881999865,nan,nan,control-variate,1.8611016227140893e-08,1.2183192998413267e-08,1.5275975870664433,1579135.5003088387,1.2284916290226833e-08
A,FTE,fixed,shared,g4,2048,0.00048828125,200000,0.9802097486402505,0.9802079963298019,1.7523104485658336e-06,1.7523104485658336e-06,9.54534653470817e-06,0.1835774575804237,12.269549881999865,nan,nan,control-variate,4.584968228710608e-09,2.666346989677087e-09,1.71956922578403,12815928.224603575,2.1074522470647245e-09
A,HH,fixed,shared,g1,2048,0.00048828125,200000,0.01999370327417415,0.02,-6.296725825849871e-06,6.296725825849871e-06,1.565674286328925e-05,0.40217342015713614,12.603781999999455,nan,nan,control-variate,3.2886487298796266e-08,8.760847803360055e-08,0.37538019192826616,31938.209603168998,8.227350709209093e-08
A,HH,fixed,shared,g2,2048,0.00048828125,200000,2.8910505982362077e-05,2.898725021392412e-05,-7.674423156204218e-08,7.674423156204218e-08,1.7904083473678618e-07,0.42864093922968133,12.603781999999455,nan,nan,control-variate,2.026817266291223e-08,4.837441383439836e-09,4.189853903407884,1369.8491884803652,3.917811006528891e-09
A,HH,fixed,shared,g3,2048,0.00048828125,200000,0.9802288348966456,0.9802226910132205,6.143883425166228e-06,6.143883425166228e-06,1.5310288033486264e-05,0.40129117177472334,12.603781999999455,nan,nan,control-variate,-1.902189249646921e-08,8.353982661328052e-08,0.22769849145754936,33587.647238593665,7.897822078047675e-08
A,HH,fixed,shared,g4,2048,0.00048828125,200000,0.9802096355232952,0.9802079963298019,1.6391934933002593e-06,1.6391934933002593e-06,9.545397853522431e-06,0.17172605253906376,12.603781999999455,nan,nan,control-variate,-1.1112168574693087e-07,5.212172021428398e-08,2.1319650481619736,33539.03693885094,5.59762550973754e-08
A,ProjEuler,fixed,shared,g1,2048,0.00048828125,200000,0.019994178384828386,0.02,-5.821615171615053e-06,5.821615171615053e-06,1.565640697054459e-05,0.3718359635494679,12.209647186000211,nan,nan,control-variate,5.079667837400961e-07,8.759303786230523e-08,5.799168474309697,31948.099354273676,8.202336468476235e-08
A,ProjEuler,fixed,shared,g2,2048,0.00048828125,200000,2.8908766786303782e-05,2.898725021392412e-05,-7.848342762033844e-08,7.848342762033844e-08,1.7899641495259275e-07,0.4384636845443234,12.209647186000211,nan,nan,control-variate,1.8530440818649137e-08,4.83529650089237e-09,3.832327720798359,1370.384522916826,3.920430385240305e-09
A,ProjEuler,fixed,shared,g3,2048,0.00048828125,200000,0.9802283681791188,0.9802226910132205,5.677165898425276e-06,5.677165898425276e-06,1.5309979848827434e-05,0.3708147204948856,12.209647186000211,nan,nan,control-variate,-4.857096776280706e-07,8.352750565030496e-08,5.814966864466607,33596.20427901611,7.874206614080408e-08
A,ProjEuler,fixed,shared,g4,2048,0.00048828125,200000,0.9802093978549457,0.9802079963298019,1.4015251436940557e-06,1.4015251436940557e-06,9.545153070826338e-06,0.14683108099938763,12.209647186000211,nan,nan,control-variate,-3.4859464281261035e-07,5.21510437159317e-08,6.68432725357168,33499.61266886359,5.5997138524245386e-08
A,KL,uniform,shared,g1,2048,0.00048828125,200000,0.019985266541267276,0.02,-1.4733458732724545e-05,1.4733458732724545e-05,1.5649252438633323e-05,0.941480034940969,10.239231173999997,nan,nan,control-variate,-8.405467809588844e-06,8.700321838244314e-08,96.61099860284052,32353.148875235518,8.226330539228073e-08
A,KL,uniform,shared,g2,2048,0.00048828125,200000,2.8831922007592716e-05,2.898725021392412e-05,-1.5532820633140263e-07,1.5532820633140263e-07,1.7865028210298853e-07,0.8694540221428748,10.239231173999997,nan,nan,control-variate,-5.8503740587376277e-08,4.824981806931888e-09,12.125173301861146,1370.9324376034685,3.9281045863351135e-09
A,KL,uniform,shared,g3,2048,0.00048828125,200000,0.9802370819688845,0.9802226910132205,1.4390955664071903e-05,1.4390955664071903e-05,1.53031467996443e-05,0.9403919241241546,10.239231173999997,nan,nan,control-variate,8.229535827471664e-06,8.294680084902637e-08,99.21462604025508,34037.856867987626,7.898935293397021e-08
A,KL,uniform,shared,g4,2048,0.00048828125,200000,0.9802150616562625,0.9802079963298019,7.065326460560666e-06,7.065326460560666e-06,9.541952025945373e-06,0.7404487510888178,10.239231173999997,nan,nan,control-variate,5.314915656243798e-06,5.21902520849194e-08,101.83732486280834,33426.866612647675,5.613112338511324e-08
A,IF,fixed,shared,g1,2048,0.00048828125,200000,0.019993237494569417,0.02,-6.762505430583052e-06,6.762505430583052e-06,1.5648399573755397e-05,0.4321531667637591,12.32524480500092,nan,nan,control-variate,-4.3396911552901774e-07,8.677396211910924e-08,5.001144409348685,32520.783362382444,8.297187452398495e-08
A,IF,fixed,shared,g2,2048,0.00048828125,200000,2.887367644272592e-05,2.898725021392412e-05,-1.1357377119819959e-07,1.1357377119819959e-07,1.7879141857767352e-07,0.635230550222739,12.32524480500092,nan,nan,control-variate,-1.6674836876233382e-08,4.825888846640254e-09,3.4552882186340184,1372.583301250347,3.9307146533539095e-09
A,IF,fixed,shared,g3,2048,0.00048828125,200000,0.9802292659576737,0.9802226910132205,6.5749444531750425e-06,6.5749444531750425e-06,1.5302184948522084e-05,0.4296735711464567,12.32524480500092,nan,nan,control-variate,4.1303478394957796e-07,8.271144811112097e-08,4.993683382192451,34227.53666982339,7.968140280066545e-08
A,IF,fixed,shared,g4,2048,0.00048828125,200000,0.980209863002782,0.9802079963298019,1.8666729801278593e-06,1.8666729801278593e-06,9.540892908310243e-06,0.19564971518566807,12.32524480500092,nan,nan,control-variate,1.1664784223316575e-07,5.2334505014695336e-08,2.228889758304038,33235.46814074973,5.639714990995239e-08
A,BLT,fixed,shared,g1,2048,0.00048828125,200000,0.019993182996023203,0.02,-6.817003976797152e-06,6.817003976797152e-06,1.5644816792917124e-05,0.43573562202936206,17.31491969899912,nan,nan,control-variate,-4.884310539908483e-07,8.665394502496676e-08,5.636570312524391,32595.99818444695,8.309144639734418e-08
A,BLT,fixed,shared,g2,2048,0.00048828125,200000,2.8860300186617244e-05,2.898725021392412e-05,-1.2695002730687448e-07,1.2695002730687448e-07,1.7871070532489858e-07,0.7103661030047279,17.31491969899912,nan,nan,control-variate,-3.0064345153781007e-08,4.824673852856941e-09,6.231373574812387,1372.0350843305519,3.931829543519434e-09
A,BLT,fixed,shared,g3,2048,0.00048828125,200000,0.9802293084139995,0.9802226910132205,6.617400778964708e-06,6.617400778964708e-06,1.529868919257072e-05,0.4325469127236221,17.31491969899912,nan,nan,control-variate,4.5545651523026076e-07,8.259049784560632e-08,5.514635788752426,34312.17713293417,7.978068569511145e-08
A,BLT,fixed,shared,g4,2048,0.00048828125,200000,0.9802099604485871,0.9802079963298019,1.964118785203634e-06,1.964118785203634e-06,9.538456197980053e-06,0.2059157943839563,17.31491969899912,nan,nan,control-variate,2.1414665854203345e-07,5.257987059230557e-08,4.072787858351466,32909.18700976261,5.682077238482812e-08
A,FTE,fixed,shared,g1,4096,0.000244140625,200000,0.019997393733332595,0.02,-2.606266667405411e-06,2.606266667405411e-06,1.5670278069877753e-05,0.16631910779013656,24.487902265000685,nan,nan,control-variate,7.602226403990761e-10,6.093323649347959e-09,0.12476321366589921,6613706.4271285245,4.911208813416413e-09
A,FTE,fixed,shared,g2,4096,0.000244140625,200000,2.9013402845983898e-05,2.898725021392412e-05,2.615263205977769e-08,2.615263205977769e-08,1.7912911583430528e-07,0.1459987782442298,24.487902265000685,nan,nan,control-variate,5.570444551909492e-09,2.8785776497047224e-09,1.9351378457624357,3872.3666075144456,2.571731733844717e-09
A,FTE,fixed,shared,g3,4096,0.000244140625,200000,0.9802252587401653,0.9802226910132205,2.5677269448063206e-06,2.5677269448063206e-06,1.532330889552872e-05,0.16757000477589884,24.487902265000685,nan,nan,control-variate,4.939044074175442e-09,6.238137180586739e-09,0.7917498335153463,6033860.578917348,5.6997233216372085e-09
A,FTE,fixed,shared,g4,4096,0.000244140625,200000,0.980216229310416,0.9802079963298019,8.232980614017508e-06,8.232980614017508e-06,9.535176294365305e-06,0.8634324484260124,24.487902265000685,nan,nan,control-variate,2.317257796602293e-09,1.3893810737106876e-09,1.6678345778912043,47099326.501701474,9.311178857271589e-10
A,HH,fixed,shared,g1,4096,0.000244140625,200000,0.01999737779746054,0.02,-2.6222025394607263e-06,2.6222025394607263e-06,1.5670193608837615e-05,0.16733695861816708,25.39273916699858,nan,nan,control-variate,-1.3984263671642858e-08,6.135821532701945e-08,0.22791183865292128,65223.37778318952,6.021757640432285e-08
A,HH,fixed,shared,g2,4096,0.000244140625,200000,2.9014920776559085e-05,2.898725021392412e-05,2.767056263496399e-08,2.767056263496399e-08,1.7915559627061984e-07,0.15444989278016627,25.39273916699858,nan,nan,control-variate,7.751053363525393e-09,3.4010838285846298e-09,2.278995095146189,2774.7642134923694,3.054234391037669e-09
A,HH,fixed,shared,g3,4096,0.000244140625,200000,0.9802252740845541,0.9802226910132205,2.583071333641758e-06,2.583071333641758e-06,1.5323210014971487e-05,0.1685724682437934,25.39273916699858,nan,nan,control-variate,1.9436769634900547e-08,5.849322953662353e-08,0.3322909298884049,68625.94014424819,5.757226388184984e-08
A,HH,fixed,shared,g4,4096,0.000244140625,200000,0.9802162505675154,0.9802079963298019,8.254237713411747e-06,8.254237713411747e-06,9.535179209413769e-06,0.8656615184812269,25.39273916699858,nan,nan,control-variate,2.9590628720030224e-08,3.688080550937242e-08,0.8023314109153727,66843.15246227564,3.614610482483355e-08
A,ProjEuler,fixed,shared,g1,4096,0.000244140625,200000,0.019997614904243042,0.02,-2.385095756957545e-06,2.385095756957545e-06,1.5670022239005082e-05,0.15220755405315742,24.39665337400129,nan,nan,control-variate,2.2340768680935249e-07,6.135464542115731e-08,3.6412513718531474,65229.541289435336,6.003150621739283e-08
A,ProjEuler,fixed,shared,g2,4096,0.000244140625,200000,2.9014037498377593e-05,2.898725021392412e-05,2.6787284453473033e-08,2.6787284453473033e-08,1.791334636283219e-07,0.14953813715707012,24.39665337400129,nan,nan,control-variate,6.869288947603324e-09,3.4004837422580723e-09,2.020091689378821,2775.057849082717,3.056892618824426e-09
A,ProjEuler,fixed,shared,g3,4096,0.000244140625,200000,0.9802250411553395,0.9802226910132205,2.350142119077252e-06,2.350142119077252e-06,1.5323052564917665e-05,0.15337297246228432,24.39665337400129,nan,nan,control-variate,-2.1377045304999055e-07,5.849058769577933e-08,3.654783811745085,68630.72911195361,5.738921392949499e-08
A,ProjEuler,fixed,shared,g4,4096,0.000244140625,200000,0.9802161316753567,0.9802079963298019,8.135345554718013e-06,8.135345554718013e-06,9.5350560660057e-06,0.8532037460924929,24.39665337400129,nan,nan,control-variate,-8.943990935811248e-08,3.689067315592573e-08,2.424458588220307,66805.6727874616,3.6066412805232254e-08
A,KL,uniform,shared,g1,4096,0.000244140625,200000,0.01999315503295147,0.02,-6.8449670485321125e-06,6.8449670485321125e-06,1.5666436263440743e-05,0.43691921592312316,20.460832999001013,nan,nan,control-variate,-4.2363226069981255e-06,6.116069050581897e-08,69.26544765865702,65613.87281100474,6.049955877870696e-08
A,KL,uniform,shared,g2,4096,0.000244140625,200000,2.8975474281479023e-05,2.898725021392412e-05,-1.1775932445097322e-08,1.1775932445097322e-08,1.789597822813532e-07,0.06580211651455681,20.460832999001013,nan,nan,control-variate,-3.165734530793882e-08,3.3972071400044583e-09,9.318638517843594,2775.024546981891,3.077344117171183e-09
A,KL,uniform,shared,g3,4096,0.000244140625,200000,0.9802294018598804,0.9802226910132205,6.71084665998513e-06,6.71084665998513e-06,1.531962779667273e-05,0.43805546381764304,20.460832999001013,nan,nan,control-variate,4.1468160480990466e-06,5.829924983071903e-08,71.12983546340604,69051.08305060866,5.7834916780180145e-08
A,KL,uniform,shared,g4,4096,0.000244140625,200000,0.9802189614159356,0.9802079963298019,1.0965086133596226e-05,1.0965086133596226e-05,9.533454920523135e-06,1.1501691910234084,20.460832999001013,nan,nan,control-variate,2.741099619236442e-06,3.690532999965984e-08,74.27381408760488,66730.20338802379,3.6372237918193564e-08
A,IF,fixed,shared,g1,4096,0.000244140625,200000,0.01999713842215253,0.02,-2.8615778474695735e-06,2.8615778474695735e-06,1.5666006174692433e-05,0.18266160599963854,24.404353060000176,nan,nan,control-variate,-2.532937020404223e-07,6.109236828340948e-08,4.146077638787624,65757.10191243504,6.128030473521676e-08
A,IF,fixed,shared,g2,4096,0.000244140625,200000,2.8996374066435387e-05,2.898725021392412e-05,9.123852511268424e-09,9.123852511268424e-09,1.7903034780697474e-07,0.0509626028381819,24.404353060000176,nan,nan,control-variate,-1.0765655324584878e-08,3.397538339161853e-09,3.1686633821005485,2776.6719842329057,3.0618223952905597e-09
A,IF,fixed,shared,g3,4096,0.000244140625,200000,0.9802254959106695,0.9802226910132205,2.804897449112827e-06,2.804897449112827e-06,1.5319143315322592e-05,0.1830975395541406,24.404353060000176,nan,nan,control-variate,2.4121898701083066e-07,5.82284543579465e-08,4.1426307751188185,69214.71484160844,5.860398140429068e-08
A,IF,fixed,shared,g4,4096,0.000244140625,200000,0.9802163616696834,0.9802079963298019,8.365339881422462e-06,8.365339881422462e-06,9.532925204827044e-06,0.8775207716081346,24.404353060000176,nan,nan,control-variate,1.4109748917868156e-07,3.6958501199297095e-08,3.8177275755263866,66530.94156434787,3.687324397478219e-08
A,BLT,fixed,shared,g1,4096,0.000244140625,200000,0.019997113347289354,0.02,-2.88665271064712e-06,2.88665271064712e-06,1.566421731656196e-05,0.18428323945653055,33.84426560300062,nan,nan,control-variate,-2.785944746676581e-07,6.104918101311097e-08,4.5634432771150015,65835.13265267345,6.177530273439231e-08
A,BLT,fixed,shared,g2,4096,0.000244140625,200000,2.898968616093194e-05,2.898725021392412e-05,2.4359470078216817e-09,2.4359470078216817e-09,1.7899018474086647e-07,0.013609388756977543,33.84426560300062,nan,nan,control-variate,-1.745118155983682e-08,3.3971985620376358e-09,5.136933046789476,2775.981512063298,3.07279823723077e-09
A,BLT,fixed,shared,g3,4096,0.000244140625,200000,0.9802255150086606,0.9802226910132205,2.823995440194234e-06,2.823995440194234e-06,1.5317397904911422e-05,0.18436522036740577,33.84426560300062,nan,nan,control-variate,2.6053934109287935e-07,5.8184986263298296e-08,4.477776103854155,69302.37471014688,5.907818805921577e-08
A,BLT,fixed,shared,g4,4096,0.000244140625,200000,0.9802164100447536,0.9802079963298019,8.413714951584869e-06,8.413714951584869e-06,9.531709344441803e-06,0.882707880354234,33.84426560300062,nan,nan,control-variate,1.8957786534520178e-07,3.7044227767760716e-08,5.117608781959543,66206.47869116602,3.7187030019223026e-08
B,FTE,fixed,shared,g1,8,0.125,200000,0.019999482409101644,0.02,-5.17590898356135e-07,5.17590898356135e-07,3.342332668269709e-05,0.015485918061653824,0.031653249999180844,nan,nan,control-variate,6.76434519628619e-06,6.324544936617925e-06,1.069538640973504,27.928060868527087,9.20790408259883e-06
B,FTE,fixed,shared,g2,8,0.125,200000,0.00014818930825950583,0.00013225886209954651,1.5930446159959307e-05,1.5930446159959307e-05,1.0722131135908827e-06,14.857537142599977,0.031653249999180844,nan,nan,control-variate,1.6344238548985176e-05,4.1491999971298867e-07,39.39130087797871,6.6778012821247525,2.4894561024727065e-07
B,FTE,fixed,shared,g3,8,0.125,200000,0.9803079901020034,0.9802942861622658,1.3703939737655313e-05,1.3703939737655313e-05,3.245596601733942e-05,0.4222317625774583,0.031653249999180844,nan,nan,control-variate,6.836433238562784e-06,6.174633744951441e-06,1.1071803642041844,27.6290960275868,8.977422727044281e-06
B,FTE,fixed,shared,g4,8,0.125,200000,0.9801982564589347,0.9802358769207022,-3.76204617676275e-05,3.76204617676275e-05,2.0173336889663977e-05,1.8648606313069973,0.031653249999180844,nan,nan,control-variate,-3.415400436016521e-05,1.3270183248665174e-06,25.737402204751547,231.1009028641863,1.4458853104984724e-06
B,HH,fixed,shared,g1,8,0.125,200000,0.020089523639896027,0.02,8.952363989602608e-05,8.952363989602608e-05,3.396082890676871e-05,2.636085242259301,0.034981704999609065,nan,nan,control-variate,9.96256305650215e-05,8.753669090592279e-06,11.381014010695345,15.051379749649511,6.068913114388485e-06
B,HH,fixed,shared,g2,8,0.125,200000,0.00016235899869410358,0.00013225886209954651,3.0100136594557076e-05,3.0100136594557076e-05,1.2731174654517454e-06,23.642858896666322,0.034981704999609065,nan,nan,control-variate,3.052972780070565e-05,6.155138307681626e-07,49.60039283374751,4.2782023312856,4.2454323554912616e-07
B,HH,fixed,shared,g3,8,0.125,200000,0.9802230574821423,0.9802942861622658,-7.12286801234885e-05,7.12286801234885e-05,3.2889342362885305e-05,2.165707034746552,0.034981704999609065,nan,nan,control-variate,-8.087543707829832e-05,8.387608861054257e-06,9.64225185247049,15.375669655191919,5.7900337688132864e-06
B,HH,fixed,shared,g4,8,0.125,200000,0.9801834354971722,0.9802358769207022,-5.2441423530054847e-05,5.2441423530054847e-05,2.0409199416266798e-05,2.569499295903656,0.034981704999609065,nan,nan,control-variate,-5.1229766049865754e-05,3.88142448039955e-06,13.198702257010604,27.648377911338915,4.065820258332331e-06
B,ProjEuler,fixed,shared,g1,8,0.125,200000,0.020701434501358404,0.02,0.0007014345013584033,0.0007014345013584033,3.339285881546259e-05,21.005524122229495,0.030299292000563582,nan,nan,control-variate,0.0007094519877189879,8.824176781471493e-06,80.39865987370686,14.320520470444867,3.898293935973422e-06
B,ProjEuler,fixed,shared,g2,8,0.125,200000,0.00015827720003290334,0.00013225886209954651,2.6018337933356825e-05,2.6018337933356825e-05,1.1460121088400943e-06,22.70337087423151,0.030299292000563582,nan,nan,control-variate,2.64376196186917e-05,5.412004934053868e-07,48.84995475953599,4.4839632565333645,3.811169347188056e-07
B,ProjEuler,fixed,shared,g3,8,0.125,200000,0.9796198565958137,0.9802942861622658,-0.0006744295664520468,0.0006744295664520468,3.238248188436916e-05,20.826988149342256,0.030299292000563582,nan,nan,control-variate,-0.0006820304963335768,8.492031568106108e-06,80.3141734535124,14.541093353584095,3.71479363251803e-06
B,ProjEuler,fixed,shared,g4,8,0.125,200000,0.9798854806891983,0.9802358769207022,-0.0003503962315038881,0.0003503962315038881,1.9905100686531476e-05,17.60333881360264,0.030299292000563582,nan,nan,control-variate,-0.00034798874225507026,4.4061649242409085e-06,78.97769335427715,20.40832020220097,4.9066220143977465e-06
B,KL,uniform,shared,g1,8,0.125,200000,0.01791547079160889,0.02,-0.002084529208391112,0.002084529208391112,2.9185464185041847e-05,71.42354136205503,0.023797532000116917,nan,nan,control-variate,-0.002077353720131455,5.88460604191457e-06,353.0149181330044,24.59792218761264,2.939540067647559e-06
B,KL,uniform,shared,g2,8,0.125,200000,9.445238279204959e-05,0.00013225886209954651,-3.780647930749693e-05,3.780647930749693e-05,7.548228039107475e-07,50.086562186013765,0.023797532000116917,nan,nan,control-variate,-3.746042247451813e-05,3.4087189773963463e-07,109.89589556347416,4.903516345558418,2.53507508095774e-07
B,KL,uniform,shared,g3,8,0.125,200000,0.9823272493640308,0.9802942861622658,0.0020329632017650726,0.0020329632017650726,2.8426358627672733e-05,71.51683507524619,0.023797532000116917,nan,nan,control-variate,0.0020261593611271764,5.688815795771278e-06,356.16540135352966,24.96886024784982,2.800271083140203e-06
B,KL,uniform,shared,g4,8,0.125,200000,0.9815580805382974,0.9802358769207022,0.0013222036175951333,0.0013222036175951333,1.815471984107467e-05,72.82974505636136,0.023797532000116917,nan,nan,control-variate,0.001325421378926566,3.847432541715999e-06,344.49502741259573,22.265736996973278,4.8800365703479715e-06
B,IF,fixed,shared,g1,8,0.125,200000,0.01953769055988761,0.02,-0.0004623094401123924,0.0004623094401123924,2.94857347162301e-05,15.679088364649745,0.02953847600019799,nan,nan,control-variate,-0.00045329859154173414,5.2708878301374225e-06,86.00042462484271,31.293659987939012,3.297893352582143e-06
B,IF,fixed,shared,g2,8,0.125,200000,0.0001121916912851231,0.00013225886209954651,-2.006717081442342e-05,2.006717081442342e-05,8.450033293840073e-07,23.7480375717005,0.02953847600019799,nan,nan,control-variate,-1.96673872274424e-05,3.610058948654553e-07,54.47940742012624,5.478835399110306,2.501922406478179e-07
B,IF,fixed,shared,g3,8,0.125,200000,0.9807366891616223,0.9802942861622658,0.0004424029993564556,0.0004424029993564556,2.8662629909963956e-05,15.434836257040864,0.02953847600019799,nan,nan,control-variate,0.0004338097729209696,5.049162585761359e-06,85.91717251179698,32.225032304141195,3.139939146193617e-06
B,IF,fixed,shared,g4,8,0.125,200000,0.9804590011270574,0.9802358769207022,0.00022312420635519042,0.00022312420635519042,1.812068803847432e-05,12.31323037411423,0.02953847600019799,nan,nan,control-variate,0.00022441793762934204,3.977802026696139e-06,56.41757335413142,20.752147139526333,5.213473127364296e-06
B,BLT,fixed,shared,g1,8,0.125,200000,0.019469745805624897,0.02,-0.0005302541943751047,0.0005302541943751047,2.756430199464698e-05,19.236989729617704,0.035756871000103274,nan,nan,control-variate,-0.0005207002031653874,4.833400679525051e-06,107.7295754459474,32.52283540351443,3.908290597350138e-06
B,BLT,fixed,shared,g2,8,0.125,200000,9.768330241193392e-05,0.00013225886209954651,-3.45755596876126e-05,3.45755596876126e-05,7.433100839946155e-07,46.515660734481656,0.035756871000103274,nan,nan,control-variate,-3.419112906561198e-05,3.321579231635462e-07,102.93636454602088,5.0078442862833406,2.4970673214468994e-07
B,BLT,fixed,shared,g3,8,0.125,200000,0.9807926597348273,0.9802942861622658,0.0004983735725615883,0.0004983735725615883,2.680691286974407e-05,18.591233350263295,0.035756871000103274,nan,nan,control-variate,0.0004892326344186038,4.617351662631016e-06,105.95524667918274,33.706037622207226,3.764529559539734e-06
B,BLT,fixed,shared,g4,8,0.125,200000,0.9805569804859674,0.9802358769207022,0.0003211035652651922,0.0003211035652651922,1.6888668219342836e-05,19.01295952379641,0.035756871000103274,nan,nan,control-variate,0.0003216233885351675,4.739772253008007e-06,67.85629590768951,12.696261519691296,6.074083447830727e-06
B,KLM,implicit,own,g1,8,0.125,200000,0.01999935760804655,0.02,-6.423919534511054e-07,6.423919534511054e-07,3.1581624244042445e-05,0.02034068762540882,5.390494994999699,67.91166,0.0018468846145124416,control-variate,3.383868347842094e-06,2.188929363193401e-06,1.545901117112985,208.16390668664155,nan
B,KLM,implicit,own,g2,8,0.125,200000,0.0001345325081107019,0.00013225886209954651,2.273646011155376e-06,2.273646011155376e-06,9.942218594991317e-07,2.2868598084342984,5.390494994999699,67.91166,0.0018468846145124416,control-variate,2.8881122358300677e-06,2.0960148548271313e-07,13.779063775138486,22.49976087977953,nan
B,KLM,implicit,own,g3,8,0.125,200000,0.9802964427041474,0.9802942861622658,2.1565418816434746e-06,2.1565418816434746e-06,3.0663132300392024e-05,0.07033012350195884,5.390494994999699,67.91166,0.0018468846145124416,control-variate,-1.5112617625436673e-06,2.0695442684300766e-06,0.7302389156865373,219.52480119036974,nan
B,FTE,fixed,shared,g1,16,0.0625,200000,0.020008492809178876,0.02,8.492809178874043e-06,8.492809178874043e-06,3.2331482508896e-05,0.26267923769153634,0.07792811399986022,nan,nan,control-variate,3.61923336611151e-06,3.142044888794598e-06,1.151871947793839,105.88305597351969,3.2056060878297683e-06
B,FTE,fixed,shared,g2,16,0.0625,200000,0.00013972057659911922,0.00013225886209954651,7.4617144995726996e-06,7.4617144995726996e-06,1.019955618977872e-06,7.315724685207683,0.07792811399986022,nan,nan,control-variate,7.97509866515324e-06,2.6955041957497524e-07,29.586667599064796,14.318005514336523,2.9794441909821656e-07
B,FTE,fixed,shared,g3,16,0.0625,200000,0.9802921661051238,0.9802942861622658,-2.1200571419160125e-06,2.1200571419160125e-06,3.139606590449439e-05,0.06752620370861571,0.07792811399986022,nan,nan,control-variate,2.9584368129174333e-06,3.07160432511689e-06,0.9631568717122606,104.47681467541831,3.0175865064591318e-06
B,FTE,fixed,shared,g4,16,0.0625,200000,0.9802411574686618,0.9802358769207022,5.280547959532649e-06,5.280547959532649e-06,1.9616054379518585e-05,0.2691952141530637,0.07792811399986022,nan,nan,control-variate,-3.0207114039054356e-06,6.455526094988974e-07,4.679264492866395,923.3365590543816,6.539612367637654e-07
B,HH,fixed,shared,g1,16,0.0625,200000,0.02002354502929146,0.02,2.354502929145749e-05,2.354502929145749e-05,3.256313983570752e-05,0.7230577091229664,0.08184618399945975,nan,nan,control-variate,2.0194714817738773e-05,5.141385944672862e-06,3.927873735809135,40.113645902552875,5.166511776861781e-06
B,HH,fixed,shared,g2,16,0.0625,200000,0.00014591641751109102,0.00013225886209954651,1.3657555411544513e-05,1.3657555411544513e-05,1.1113735950940358e-06,12.288896795671052,0.08184618399945975,nan,nan,control-variate,1.435379216987869e-05,3.7565664384635804e-07,38.20987171399351,8.752618517981789,4.276522762518303e-07
B,HH,fixed,shared,g3,16,0.0625,200000,0.9802787859989305,0.9802942861622658,-1.5500163335259686e-05,1.5500163335259686e-05,3.158000054922675e-05,0.49082213634221156,0.08184618399945975,nan,nan,control-variate,-1.1811566562370194e-05,4.917169001154154e-06,2.402107098535314,41.24715477243771,4.876566430027645e-06
B,HH,fixed,shared,g4,16,0.0625,200000,0.9802367215194919,0.9802358769207022,8.445987896446661e-07,8.445987896446661e-07,1.975175629662356e-05,0.04276069312322595,0.08184618399945975,nan,nan,control-variate,-7.453291336078827e-06,2.5391821444980577e-06,2.9353118098395354,60.50952253711426,2.6954693736433317e-06
B,ProjEuler,fixed,shared,g1,16,0.0625,200000,0.020332959615106,0.02,0.000332959615105998,0.000332959615105998,3.22303434712365e-05,10.330625716202588,0.06998498700022537,nan,nan,control-variate,0.0003296745802198585,5.1567999667115166e-06,63.93006949038038,39.063333077499905,4.7597163683781075e-06
B,ProjEuler,fixed,shared,g2,16,0.0625,200000,0.00014366762805210484,0.00013225886209954651,1.1408765952558313e-05,1.1408765952558313e-05,1.050329468577445e-06,10.862083083330248,0.06998498700022537,nan,nan,control-variate,1.2089195628413595e-05,3.4952577315960075e-07,34.58742260729773,9.03010272433377,3.870315736503606e-07
B,ProjEuler,fixed,shared,g3,16,0.0625,200000,0.9799734867349666,0.9802942861622658,-0.0003207994272991321,0.0003207994272991321,3.127713294848709e-05,10.256676269768182,0.06998498700022537,nan,nan,control-variate,-0.0003171835070106402,4.947779965647648e-06,64.10622728028326,39.96070272190607,4.50554368042224e-06
B,ProjEuler,fixed,shared,g4,16,0.0625,200000,0.9800825626414887,0.9802358769207022,-0.00015331427921351458,0.00015331427921351458,1.947479842250978e-05,7.872444986968777,0.06998498700022537,nan,nan,control-variate,-0.00016153795354221612,2.7434875780636953e-06,58.88051210212759,50.389488044527766,2.802073809323735e-06
B,KL,uniform,shared,g1,16,0.0625,200000,0.018940557998852473,0.02,-0.0010594420011475277,0.0010594420011475277,3.0241170872912185e-05,35.03310125126464,0.05926770300084172,nan,nan,control-variate,-0.0010625374519120559,4.097794233944025e-06,259.29497462574886,54.462416886202725,3.669800799873323e-06
B,KL,uniform,shared,g2,16,0.0625,200000,0.00011192802476984732,0.00013225886209954651,-2.0330837329699196e-05,2.0330837329699196e-05,8.57331357619351e-07,23.71409508005648,0.05926770300084172,nan,nan,control-variate,-1.9733595179689657e-05,2.7853545948959865e-07,70.84769463769682,9.474066613132377,2.7191364506417804e-07
B,KL,uniform,shared,g3,16,0.0625,200000,0.9813268895597165,0.9802942861622658,0.0010326033974507065,0.0010326033974507065,2.9411899447252237e-05,35.10835467469871,0.05926770300084172,nan,nan,control-variate,0.0010359905975096545,3.936121141808656e-06,263.2008924993641,55.83534869046972,3.493492421724642e-06
B,KL,uniform,shared,g4,16,0.0625,200000,0.9809234110506487,0.9802358769207022,0.0006875341299464994,0.0006875341299464994,1.8639873788107298e-05,36.885127966111185,0.05926770300084172,nan,nan,control-variate,0.0006795287505821434,2.559931951989138e-06,265.44797413623854,53.01870218128066,2.639996781140027e-06
B,IF,fixed,shared,g1,16,0.0625,200000,0.019747331425627065,0.02,-0.0002526685743729341,0.0002526685743729341,3.034429435653263e-05,8.326724339152038,0.07179558400002861,nan,nan,control-variate,-0.00025651260630512516,3.8077071525786553e-06,67.36668447083954,63.507790820194195,2.983713558603485e-06
B,IF,fixed,shared,g2,16,0.0625,200000,0.00012120965694575612,0.00013225886209954651,-1.1049205153790396e-05,1.1049205153790396e-05,9.034743873080727e-07,12.229682776854155,0.07179558400002861,nan,nan,control-variate,-1.0467569800559309e-05,2.8509464173382156e-07,36.716122537063846,10.04277147853622,2.749191582073492e-07
B,IF,fixed,shared,g3,16,0.0625,200000,0.9805360980326318,0.9802942861622658,0.00024181187036597916,0.00024181187036597916,2.9482893493807787e-05,8.201768609202698,0.07179558400002861,nan,nan,control-variate,0.0002459237544088901,3.634847620282689e-06,67.65723906460876,65.79119713496152,2.8186605077770665e-06
B,IF,fixed,shared,g4,16,0.0625,200000,0.9803695380104255,0.9802358769207022,0.0001336610897231888,0.0001336610897231888,1.8600334235233886e-05,7.185950963719771,0.07179558400002861,nan,nan,control-variate,0.0001256278401892942,2.5918465070060776e-06,48.47040125628845,51.501863056350146,2.9075833652054284e-06
B,BLT,fixed,shared,g1,16,0.0625,200000,0.01973402789411438,0.02,-0.0002659721058856177,0.0002659721058856177,2.938195624847289e-05,9.05222591839648,0.10057262299915237,nan,nan,control-variate,-0.00026999937810006844,3.65501807886984e-06,73.87087348786913,64.62229187441805,2.638474145325999e-06
B,BLT,fixed,shared,g2,16,0.0625,200000,0.00011364345352845826,0.00013225886209954651,-1.8615408571088258e-05,1.8615408571088258e-05,8.498347379013226e-07,21.9047395227209,0.10057262299915237,nan,nan,control-variate,-1.802963111163458e-05,2.7437845828210376e-07,65.71081135348211,9.59332009876237,2.5383304635537217e-07
B,BLT,fixed,shared,g3,16,0.0625,200000,0.9805435538478484,0.9802942861622658,0.0002492676855825967,0.0002492676855825967,2.855432002290425e-05,8.729596270639675,0.10057262299915237,nan,nan,control-variate,0.0002535664756377275,3.483848929519586e-06,72.78343027138483,67.17768233232282,2.502640508387544e-06
B,BLT,fixed,shared,g4,16,0.0625,200000,0.9804101909399379,0.9802358769207022,0.0001743140192356363,0.0001743140192356363,1.7966295618976547e-05,9.702279364229126,0.10057262299915237,nan,nan,control-variate,0.00016625999229063538,2.909287535105652e-06,57.14800970492508,38.136759689462046,3.3458212646380448e-06
B,KLM,implicit,own,g1,16,0.0625,200000,0.01995718339591926,0.02,-4.281660408074059e-05,4.281660408074059e-05,3.134868011056386e-05,1.36581839904361,10.758177651000096,135.549265,0.0016221408504133166,control-variate,5.733609308130733e-07,1.4883777841317122e-06,0.3852254023984642,443.6210673710662,nan
B,KLM,implicit,own,g2,16,0.0625,200000,0.00013199045295865373,0.00013225886209954651,-2.6840914089278184e-07,2.6840914089278184e-07,9.867271986985343e-07,0.2720196030339551,10.758177651000096,135.549265,0.0016221408504133166,control-variate,1.400428707193909e-06,1.4561372214765798e-07,9.617422633931572,45.91870084545993,nan
B,KLM,implicit,own,g3,16,0.0625,200000,0.9803363600570378,0.9802942861622658,4.207389477207649e-05,4.207389477207649e-05,3.043875533008621e-05,1.3822475431671117,10.758177651000096,135.549265,0.0016221408504133166,control-variate,3.2056327389621774e-07,1.4053129344847633e-06,0.22810810747554058,469.14564850942406,nan
B,FTE,fixed,shared,g1,32,0.03125,200000,0.020028257094265218,0.02,2.8257094265215866e-05,2.8257094265215866e-05,3.194384868843639e-05,0.8845864047510618,0.18417767599976287,nan,nan,control-variate,9.737200793502163e-07,1.5727669117092477e-06,0.6191127700493134,412.5207061402298,1.5907521066618931e-06
B,FTE,fixed,shared,g2,32,0.03125,200000,0.00013757463304132802,0.00013225886209954651,5.315770941781509e-06,5.315770941781509e-06,1.0343830703459198e-06,5.1390738056103356,0.18417767599976287,nan,nan,control-variate,4.026607841973432e-06,1.8244237744307182e-07,22.070573177165866,32.14484691025694,2.3876530683316133e-07
B,FTE,fixed,shared,g3,32,0.03125,200000,0.9802703446399719,0.9802942861622658,-2.3941522293890137e-05,2.3941522293890137e-05,3.1009743846024605e-05,0.7720644973002381,0.18417767599976287,nan,nan,control-variate,2.2981283981412156e-06,1.5386868863199496e-06,1.4935646872494046,406.158786329121,1.4558965281020347e-06
B,FTE,fixed,shared,g4,32,0.03125,200000,0.9801920465859546,0.9802358769207022,-4.383033474765733e-05,4.383033474765733e-05,1.9377677717591632e-05,2.2618982205420237,0.18417767599976287,nan,nan,control-variate,2.2659610769949399e-07,3.2539092187998627e-07,0.696381160206643,3546.4398027502634,2.5413215713664436e-07
B,HH,fixed,shared,g1,32,0.03125,200000,0.020033131612154503,0.02,3.313161215450374e-05,3.313161215450374e-05,3.2065503878687024e-05,1.0332478254466266,0.18741250599987325,nan,nan,control-variate,4.291017860834441e-06,3.2365262884603585e-06,1.325809673208529,98.15622780297602,6.343043872089557e-06
B,HH,fixed,shared,g2,32,0.03125,200000,0.00014059385369430272,0.00013225886209954651,8.334991594756216e-06,8.334991594756216e-06,1.0808549661763262e-06,7.711480129699917,0.18741250599987325,nan,nan,control-variate,7.051386694587052e-06,2.472791955317645e-07,28.51589143770592,19.105556242118695,3.4610415148775564e-07
B,HH,fixed,shared,g3,32,0.03125,200000,0.980266281441059,0.9802942861622658,-2.8004721206741746e-05,2.8004721206741746e-05,3.110770982825513e-05,0.900250174678724,0.18741250599987325,nan,nan,control-variate,-2.437631241810968e-07,3.0892260657211185e-06,0.07890750595625158,101.39970633762464,6.062492834418524e-06
B,HH,fixed,shared,g4,32,0.03125,200000,0.9801888410382653,0.9802358769207022,-4.7035882436898956e-05,4.7035882436898956e-05,1.945225792823041e-05,2.4180165927492334,0.18741250599987325,nan,nan,control-variate,-2.7338330689939873e-06,1.7250247527234907e-06,1.5848080235821413,127.15966541071688,2.499585626101556e-06
B,ProjEuler,fixed,shared,g1,32,0.03125,200000,0.020186465266696638,0.02,0.0001864652666966377,0.0001864652666966377,3.1881801283692665e-05,5.848642773895384,0.16455640000003768,nan,nan,control-variate,0.0001577412657914051,3.237263660484294e-06,48.726727982300666,96.99058007615712,6.077267251584573e-06
B,ProjEuler,fixed,shared,g2,32,0.03125,200000,0.0001393458187549261,0.00013225886209954651,7.0869566553795945e-06,7.0869566553795945e-06,1.0483493392931436e-06,6.760109812400914,0.16455640000003768,nan,nan,control-variate,5.8308687377046195e-06,2.3737995568886616e-07,24.56344184909672,19.504012327536994,3.2639943603794314e-07
B,ProjEuler,fixed,shared,g3,32,0.03125,200000,0.9801148737007495,0.9802942861622658,-0.00017941246151630488,0.00017941246151630488,3.093955693599471e-05,5.798805131161351,0.16455640000003768,nan,nan,control-variate,-0.00015175684080404535,3.0963339482195804e-06,49.011780816247835,99.84644154627097,5.809994730750373e-06
B,ProjEuler,fixed,shared,g4,32,0.03125,200000,0.9801125852436828,0.9802358769207022,-0.00012329167701946543,0.00012329167701946543,1.9309053082038715e-05,6.385174689594249,0.16455640000003768,nan,nan,control-variate,-7.882843250685646e-05,1.7984630406486729e-06,43.8309994285034,115.27069678356516,2.4744112289689333e-06
B,KL,uniform,shared,g1,32,0.03125,200000,0.01949267583863605,0.02,-0.0005073241613639509,0.0005073241613639509,3.090044220543512e-05,16.41802269336835,0.14436100500006432,nan,nan,control-variate,-0.0005354691571465392,2.8516389621720663e-06,187.7759296494804,117.41952231382712,5.049577145834149e-06
B,KL,uniform,shared,g2,32,0.03125,200000,0.00012327289421599848,0.00013225886209954651,-8.985967883548026e-06,8.985967883548026e-06,9.486436392538957e-07,9.472437817234987,0.14436100500006432,nan,nan,control-variate,-1.0178692669262222e-05,2.1171437964017224e-07,48.0774744094465,20.07730819059307,2.621466106463934e-07
B,KL,uniform,shared,g3,32,0.03125,200000,0.9807891282311201,0.9802942861622658,0.0004948420688542734,0.0004948420688542734,3.002115823932009e-05,16.48311050857978,0.14436100500006432,nan,nan,control-variate,0.0005219555445114017,2.7273664689671166e-06,191.37712164844206,121.1624073300646,4.8335606000778804e-06
B,KL,uniform,shared,g4,32,0.03125,200000,0.9805344414214507,0.9802358769207022,0.00029856450074846214,0.00029856450074846214,1.8897811255604288e-05,15.798893147476038,0.14436100500006432,nan,nan,control-variate,0.0003427366223561739,1.7395094218346392e-06,197.0306214235355,118.0237592244302,2.010628720541989e-06
B,IF,fixed,shared,g1,32,0.03125,200000,0.01989356491500563,0.02,-0.0001064350849943696,0.0001064350849943696,3.093943033029269e-05,3.4401113355393416,0.15972709500056226,nan,nan,control-variate,-0.00013489366296099851,2.7323488824944904e-06,49.36912113428492,128.2189813811099,4.9248360988755755e-06
B,IF,fixed,shared,g2,32,0.03125,200000,0.00012801965470761494,0.00013225886209954651,-4.239207391931573e-06,4.239207391931573e-06,9.72101165998309e-07,4.360870596814968,0.15972709500056226,nan,nan,control-variate,-5.433555874181421e-06,2.1384929371705447e-07,25.408341452698913,20.663661916085328,2.7371100054373454e-07
B,IF,fixed,shared,g3,32,0.03125,200000,0.9803962480154005,0.9802942861622658,0.0001019618531346614,0.0001019618531346614,3.004400144509719e-05,3.3937507732113463,0.15972709500056226,nan,nan,control-variate,0.00012938766838845785,2.6036454044042493e-06,49.6948118087008,133.1532819597657,4.703820006858131e-06
B,IF,fixed,shared,g4,32,0.03125,200000,0.9802577536512265,0.9802358769207022,2.1876730524190028e-05,2.1876730524190028e-05,1.8873866269200887e-05,1.1591017024365238,0.15972709500056226,nan,nan,control-variate,6.61130946692473e-05,1.7466695840117887e-06,37.85094517842196,116.76165221964264,1.8197302199765004e-06
B,BLT,fixed,shared,g1,32,0.03125,200000,0.01989314099778338,0.02,-0.00010685900221661916,0.00010685900221661916,3.045851337375323e-05,3.50834595586999,0.22580403899883095,nan,nan,control-variate,-0.00013569487555572892,2.6821634853366087e-06,50.59157515847672,128.95759144738452,4.611401829213241e-06
B,BLT,fixed,shared,g2,32,0.03125,200000,0.0001241421762686609,0.00013225886209954651,-8.116685830885616e-06,8.116685830885616e-06,9.439550388593251e-07,8.598593679518695,0.22580403899883095,nan,nan,control-variate,-9.305849615709661e-06,2.1000671531991805e-07,44.312152597279585,20.20394853891208,2.554807068674218e-07
B,BLT,fixed,shared,g3,32,0.03125,200000,0.9803937944589447,0.9802942861622658,9.950829667888052e-05,9.950829667888052e-05,2.9580351777434586e-05,3.3639997734844576,0.22580403899883095,nan,nan,control-variate,0.00012730920650197411,2.5539500062867462e-06,49.84796342473135,134.1472844123857,4.407661249400612e-06
B,BLT,fixed,shared,g4,32,0.03125,200000,0.9802758764627688,0.9802358769207022,3.9999542066547594e-05,3.9999542066547594e-05,1.8550409583714618e-05,2.1562619351360923,0.22580403899883095,nan,nan,control-variate,8.424454331561548e-05,1.871633179213306e-06,45.011246996073005,98.23483841254435,1.6924855864737423e-06
B,KLM,implicit,own,g1,32,0.03125,200000,0.020005476434981222,0.02,5.476434981221582e-06,5.476434981221582e-06,3.1383978396835745e-05,0.17449779349114442,21.485868135000146,270.246355,0.0014660327241046414,control-variate,-4.5983455097640563e-07,1.0343539388962424e-06,0.44456209203118074,920.61415281987,nan
B,KLM,implicit,own,g2,32,0.03125,200000,0.0001325000318782313,0.00013225886209954651,2.4116977868478614e-07,2.4116977868478614e-07,9.775710118244309e-07,0.24670307912945724,21.485868135000146,270.246355,0.0014660327241046414,control-variate,7.436981012529477e-07,1.0276334723881332e-07,7.236997638123409,90.49407518812289,nan
B,KLM,implicit,own,g3,32,0.03125,200000,0.9802892441145231,0.9802942861622658,-5.042047742648742e-06,5.042047742648742e-06,3.047658499745927e-05,0.16544004989630826,21.485868135000146,270.246355,0.0014660327241046414,control-variate,9.08299281411652e-07,9.755536823931562e-07,0.9310602766456473,975.9560426492363,nan
B,FTE,fixed,shared,g1,64,0.015625,200000,0.01998072096995788,0.02,-1.9279030042123147e-05,1.9279030042123147e-05,3.160571440220186e-05,0.609985580353787,0.378419073000714,nan,nan,control-variate,-3.328882693283357e-07,7.81859133916625e-07,0.4257650194105602,1634.0833111776033,6.265936784095897e-07
B,FTE,fixed,shared,g2,64,0.015625,200000,0.00013414649165800302,0.00013225886209954651,1.8876295584564944e-06,1.8876295584564944e-06,1.0027055945539188e-06,1.8825361788235144,0.378419073000714,nan,nan,control-variate,1.7958042129588687e-06,1.2341096044206782e-07,14.551415907680775,66.01451117035894,9.451410022747566e-08
B,FTE,fixed,shared,g3,64,0.015625,200000,0.9803148611209649,0.9802942861622658,2.057495869911401e-05,2.057495869911401e-05,3.068744933036878e-05,0.6704681929609805,0.378419073000714,nan,nan,control-variate,1.8490255851934606e-06,7.662599127161266e-07,2.4130527442565852,1603.8707720363823,5.906213367520072e-07
B,FTE,fixed,shared,g4,64,0.015625,200000,0.980248950707783,0.9802358769207022,1.3073787080746132e-05,1.3073787080746132e-05,1.9170525260916838e-05,0.6819733368182564,0.378419073000714,nan,nan,control-variate,4.006987477177676e-07,1.629129763212251e-07,2.4595876692332124,13847.03113780957,1.478864700168823e-07
B,HH,fixed,shared,g1,64,0.015625,200000,0.01997974346556883,0.02,-2.0256534431170058e-05,2.0256534431170058e-05,3.166466007890855e-05,0.6397205711569501,0.3896044159992016,nan,nan,control-variate,-1.5444616378757241e-06,2.1256758499306535e-06,0.7265743918227746,221.89912180582076,1.8516054564488452e-06
B,HH,fixed,shared,g2,64,0.015625,200000,0.00013559887207927767,0.00013225886209954651,3.3400099797311623e-06,3.3400099797311623e-06,1.0247429730356807e-06,3.2593636332404166,0.3896044159992016,nan,nan,control-variate,3.1928674502754067e-06,1.6502394360533534e-07,19.347904192081003,38.559906770513415,1.2906838053597228e-07
B,HH,fixed,shared,g3,64,0.015625,200000,0.9803161617446728,0.9802942861622658,2.1875582407074824e-05,2.1875582407074824e-05,3.073492138415535e-05,0.7117500687134426,0.3896044159992016,nan,nan,control-variate,3.3552283082147765e-06,2.02650571671573e-06,1.6556717706439286,230.0215611974026,1.7652843331249036e-06
B,HH,fixed,shared,g4,64,0.015625,200000,0.9802502525499022,0.9802358769207022,1.4375629199912757e-05,1.4375629199912757e-05,1.920281793443294e-05,0.7486208143511865,0.3896044159992016,nan,nan,control-variate,1.9470348663520318e-06,1.1961121516571496e-06,1.6278029310667221,257.7425515520453,7.355583822789552e-07
B,ProjEuler,fixed,shared,g1,64,0.015625,200000,0.02005523679425384,0.02,5.523679425383853e-05,5.523679425383853e-05,3.1574361803435145e-05,1.7494191837577862,0.3486906749994887,nan,nan,control-variate,7.398129031801677e-05,2.1266222695712986e-06,34.78816683929982,220.43900773426415,1.8446006456625523e-06
B,ProjEuler,fixed,shared,g2,64,0.015625,200000,0.0001349882781913572,0.00013225886209954651,2.7294160918106737e-06,2.7294160918106737e-06,1.009294614096493e-06,2.7042808449483413,0.3486906749994887,nan,nan,control-variate,2.590307606443741e-06,1.6150511236587164e-07,16.038548678110516,39.053805852688726,1.1933505925844958e-07
B,ProjEuler,fixed,shared,g3,64,0.015625,200000,0.9802416164470279,0.9802942861622658,-5.2669715237826654e-05,5.2669715237826654e-05,3.065212220904425e-05,1.7183056650572097,0.3486906749994887,nan,nan,control-variate,-7.121770785569144e-05,2.029898183897033e-06,35.0843743891462,228.01981384530635,1.7656306210464963e-06
B,ProjEuler,fixed,shared,g4,64,0.015625,200000,0.9802123486125484,0.9802358769207022,-2.3528308153878505e-05,2.3528308153878505e-05,1.9131725609572485e-05,1.2298058541100028,0.3486906749994887,nan,nan,control-variate,-3.5942642044529815e-05,1.222886763864331e-06,29.391635519016337,244.7573815050796,6.786700335695556e-07
B,KL,uniform,shared,g1,64,0.015625,200000,0.019709869540293787,0.02,-0.00029013045970621433,0.00029013045970621433,3.109026698549486e-05,9.331874179194875,0.30374131100006707,nan,nan,control-variate,-0.0002716565120545831,1.989866536984569e-06,136.519966040662,244.11867592312626,1.4573415073879994e-06
B,KL,uniform,shared,g2,64,0.015625,200000,0.0001270184629056701,0.00013225886209954651,-5.240399193876406e-06,5.240399193876406e-06,9.602915911369153e-07,5.457091619090567,0.30374131100006707,nan,nan,control-variate,-5.37946716302303e-06,1.5241844369047767e-07,35.29406962025759,39.69457955278597,1.044262234574415e-07
B,KL,uniform,shared,g3,64,0.015625,200000,0.9805772769228013,0.9802942861622658,0.0002829907605355436,0.0002829907605355436,3.019913617105187e-05,9.370823023964885,0.30374131100006707,nan,nan,control-variate,0.0002647075358884055,1.8990273265330662e-06,139.39111469852585,252.88706289764158,1.3911062324050368e-06
B,KL,uniform,shared,g4,64,0.015625,200000,0.980422442424283,0.9802358769207022,0.00018656550358071803,0.00018656550358071803,1.8929028317595628e-05,9.856052854403234,0.30374131100006707,nan,nan,control-variate,0.00017420335224396772,1.2033725516020474e-06,144.76261072437723,247.43232696496622,5.658970859578288e-07
B,IF,fixed,shared,g1,64,0.015625,200000,0.01990889080221787,0.02,-9.110919778213123e-05,9.110919778213123e-05,3.1106273426009356e-05,2.9289653741020207,0.3507783649997691,nan,nan,control-variate,-7.25548187535818e-05,1.9434248898856626e-06,37.33348231320142,256.18898274350045,1.3626783223156344e-06
B,IF,fixed,shared,g2,64,0.015625,200000,0.00012939350241204198,0.00013225886209954651,-2.865359687504545e-06,2.865359687504545e-06,9.719070504484647e-07,2.9481828392770577,0.3507783649997691,nan,nan,control-variate,-3.0127443654820328e-06,1.5314943232564922e-07,19.67192642984066,40.273435880645714,1.0857458246942153e-07
B,IF,fixed,shared,g3,64,0.015625,200000,0.9803822343398638,0.9802942861622658,8.794817759801184e-05,8.794817759801184e-05,3.0207118837079243e-05,2.91150500225978,0.3507783649997691,nan,nan,control-variate,6.958127958308387e-05,1.8509054419206309e-06,37.593103357501285,266.3484315112878,1.2955286619332004e-06
B,IF,fixed,shared,g4,64,0.015625,200000,0.9802843525431074,0.9802358769207022,4.847562240514664e-05,4.847562240514664e-05,1.891650011577231e-05,2.56261053093687,0.3507783649997691,nan,nan,control-variate,3.607079653205252e-05,1.2048888777593912e-06,29.937031702981354,246.48334771144286,6.649357169100854e-07
B,BLT,fixed,shared,g1,64,0.015625,200000,0.01991163792277731,0.02,-8.836207722269066e-05,8.836207722269066e-05,3.086581930206136e-05,2.862780876086754,0.46930238799905055,nan,nan,control-variate,-6.965006196070516e-05,1.9268980942583796e-06,36.14620937570231,256.5890532513715,1.5037558096747579e-06
B,BLT,fixed,shared,g2,64,0.015625,200000,0.0001274594114926378,0.00013225886209954651,-4.799450606908712e-06,4.799450606908712e-06,9.579051285469564e-07,5.010361113933052,0.46930238799905055,nan,nan,control-variate,-4.934162651012662e-06,1.5177188036374176e-07,32.51038755787486,39.83477488905688,1.0426843484892784e-07
B,BLT,fixed,shared,g3,64,0.015625,200000,0.9803780932869682,0.9802942861622658,8.380712470246074e-05,8.380712470246074e-05,2.997527526964191e-05,2.7958750653188553,0.46930238799905055,nan,nan,control-variate,6.529155458189752e-05,1.8345076404396352e-06,35.59077822442351,266.9852755226801,1.4355262728499189e-06
B,BLT,fixed,shared,g4,64,0.015625,200000,0.9802919200452235,0.9802358769207022,5.604312452125218e-05,5.604312452125218e-05,1.8753098317039028e-05,2.988472815200436,0.46930238799905055,nan,nan,control-variate,4.364092120221859e-05,1.2530100789150222e-06,34.828866851579626,223.9942821166785,8.120150260324859e-07
B,KLM,implicit,own,g1,64,0.015625,200000,0.019950152106402132,0.02,-4.984789359786934e-05,4.984789359786934e-05,3.134933253920356e-05,1.590078306628462,42.80727093400037,540.289155,0.0014295863480731905,control-variate,-2.613127964783719e-07,7.241690136514201e-07,0.3608450396969832,1874.0307878539304,nan
B,KLM,implicit,own,g2,64,0.015625,200000,0.00013198922941682936,0.00013225886209954651,-2.6963268271713886e-07,2.6963268271713886e-07,9.817904985528342e-07,0.2746336240924915,42.80727093400037,540.289155,0.0014295863480731905,control-variate,3.4394537849523033e-07,7.294992603659366e-08,4.714814629458267,181.1289784909455,nan
B,KLM,implicit,own,g3,64,0.015625,200000,0.9803432587220073,0.9802942861622658,4.8972559741537366e-05,4.8972559741537366e-05,3.044034217206273e-05,1.6088045089875163,42.80727093400037,540.289155,0.0014295863480731905,control-variate,4.7343505462561926e-07,6.826384865627211e-07,0.6935370096249618,1988.4630272396969,nan
B,FTE,fixed,shared,g1,128,0.0078125,200000,0.02001715423814208,0.02,1.7154238142081103e-05,1.7154238142081103e-05,3.151829912216378e-05,0.5442628130278192,0.7669828170000983,nan,nan,control-variate,2.4846311436239903e-07,3.909785686131552e-07,0.6354903677808366,6498.597528824316,4.0192623390728393e-07
B,FTE,fixed,shared,g2,128,0.0078125,200000,0.00013404437542719364,0.00013225886209954651,1.7855133276471212e-06,1.7855133276471212e-06,9.926202469590429e-07,1.798787938405607,0.7669828170000983,nan,nan,control-variate,1.1087271184714693e-06,8.611615724110829e-08,12.874786265337544,132.86083415370268,6.99817176143355e-08
B,FTE,fixed,shared,g3,128,0.0078125,200000,0.9802786087160388,0.9802942861622658,-1.5677446227042847e-05,1.5677446227042847e-05,3.060157879575145e-05,0.5123084116568329,0.7669828170000983,nan,nan,control-variate,6.221988653487117e-07,3.8434471401621784e-07,1.6188563096055937,6339.366220271619,3.938617365331434e-07
B,FTE,fixed,shared,g4,128,0.0078125,200000,0.9802259376227064,0.9802358769207022,-9.939297995858052e-06,9.939297995858052e-06,1.912933811597365e-05,0.5195839989653588,0.7669828170000983,nan,nan,control-variate,3.186494318713526e-07,8.228859920685989e-08,3.872339971061128,54040.648018874745,9.17672965460556e-08
B,HH,fixed,shared,g1,128,0.0078125,200000,0.020018598095848158,0.02,1.859809584815841e-05,1.859809584815841e-05,3.155383638892826e-05,0.5894083882200831,0.7674961989996518,nan,nan,control-variate,9.540104928517162e-07,1.4460351320550486e-06,0.6597422646958195,476.1531368102024,1.9473826789125232e-06
B,HH,fixed,shared,g2,128,0.0078125,200000,0.00013480625343213675,0.00013225886209954651,2.5473913325902353e-06,2.5473913325902353e-06,1.0039631163777412e-06,2.5373355764115333,0.7674961989996518,nan,nan,control-variate,1.8669186697628245e-06,1.1447631190921458e-07,16.308340464736357,76.91379801181986,9.893738089075738e-08
B,HH,fixed,shared,g3,128,0.0078125,200000,0.9802774016467202,0.9802942861622658,-1.6884515545630264e-05,1.6884515545630264e-05,3.0631343181577196e-05,0.5512169494345004,0.7674961989996518,nan,nan,control-variate,1.2884051560317181e-07,1.3771979741021464e-06,0.09355264676973432,494.6970626212558,1.8588274268310844e-06
B,HH,fixed,shared,g4,128,0.0078125,200000,0.9802255557085254,0.9802358769207022,-1.0321212176799615e-05,1.0321212176799615e-05,1.9150329816472786e-05,0.5389574109539087,0.7674961989996518,nan,nan,control-variate,3.198872024673614e-07,8.397348454319061e-07,0.38093834524972203,520.0776206379944,8.196463052525957e-07
B,ProjEuler,fixed,shared,g1,128,0.0078125,200000,0.02005604428970004,0.02,5.60442897000388e-05,5.60442897000388e-05,3.15079536475027e-05,1.7787346752835165,0.7070802269995511,nan,nan,control-variate,3.829289784914003e-05,1.4463967160986692e-06,26.47468528027811,474.53204067306655,1.9229640124922044e-06
B,ProjEuler,fixed,shared,g2,128,0.0078125,200000,0.00013449556916957352,0.00013225886209954651,2.236707070027016e-06,2.236707070027016e-06,9.964295697949028e-07,2.2447216921587363,0.7070802269995511,nan,nan,control-variate,1.5582607733142283e-06,1.1323313739316562e-07,13.7615260796287,77.43657444117072,9.886108461280812e-08
B,ProjEuler,fixed,shared,g3,128,0.0078125,200000,0.980240420414711,0.9802942861622658,-5.386574755474988e-05,5.386574755474988e-05,3.058918796591705e-05,1.7609407485667137,0.7070802269995511,nan,nan,control-variate,-3.674578834104204e-05,1.37847284949546e-06,26.656882182693334,492.42428509517896,1.8352966095371975e-06
B,ProjEuler,fixed,shared,g4,128,0.0078125,200000,0.9802068038113187,0.9802358769207022,-2.907310938345236e-05,2.907310938345236e-05,1.9114701638860527e-05,1.5209815948341152,0.7070802269995511,nan,nan,control-variate,-1.8416285475371455e-05,8.490934373440371e-07,21.689350859874228,506.7853810795216,8.501319979115545e-07
B,KL,uniform,shared,g1,128,0.0078125,200000,0.0198834589643276,0.02,-0.0001165410356724015,0.0001165410356724015,3.126590118869919e-05,3.72741649022176,0.618172025000149,nan,nan,control-variate,-0.00013432828109657678,1.397848310707508e-06,96.09646487936001,500.28998623151546,1.90793916100669e-06
B,KL,uniform,shared,g2,128,0.0078125,200000,0.0001304800076996593,0.00013225886209954651,-1.7788543998871991e-06,1.7788543998871991e-06,9.719645100691301e-07,1.8301639426738736,0.618172025000149,nan,nan,control-variate,-2.44765006419367e-06,1.0998286113305107e-07,22.254831698119226,78.09995584613353,9.608723430318777e-08
B,KL,uniform,shared,g3,128,0.0078125,200000,0.9804081371546299,0.9802942861622658,0.00011385099236414518,0.00011385099236414518,3.036273724753259e-05,3.7496946153429302,0.618172025000149,nan,nan,control-variate,0.00013101211227194772,1.3320335215388964e-06,98.35496641299959,519.5789333608863,1.8233316048978757e-06
B,KL,uniform,shared,g4,128,0.0078125,200000,0.9803118331353647,0.9802358769207022,7.595621466253039e-05,7.595621466253039e-05,1.9013155057315958e-05,3.994929533449718,0.618172025000149,nan,nan,control-variate,8.663504876783982e-05,8.42506291683904e-07,102.83015049618648,509.2863947310883,8.450892900981779e-07
B,IF,fixed,shared,g1,128,0.0078125,200000,0.019982519369958696,0.02,-1.748063004130507e-05,1.748063004130507e-05,3.1273219850623855e-05,0.5589648307657824,0.6995225720002054,nan,nan,control-variate,-3.530072776460516e-05,1.3802497075979395e-06,25.575609667064754,513.3692697558263,1.9275262866557865e-06
B,IF,fixed,shared,g2,128,0.0078125,200000,0.00013167370800868907,0.00013225886209954651,-5.851540908574509e-07,5.851540908574509e-07,9.777608599988733e-07,0.59846340224554,0.6995225720002054,nan,nan,control-variate,-1.2616416099609334e-06,1.102346080520802e-07,11.445059153880898,78.67366319023749,9.479323561221626e-08
B,IF,fixed,shared,g3,128,0.0078125,200000,0.9803110652886878,0.9802942861622658,1.6779126422082407e-05,1.6779126422082407e-05,3.0366062572764445e-05,0.5525618075071654,0.6995225720002054,nan,nan,control-variate,3.396766808394494e-05,1.3138186709816373e-06,25.854152353129173,534.2027339680392,1.8427461449126344e-06
B,IF,fixed,shared,g4,128,0.0078125,200000,0.9802429145298308,0.9802358769207022,7.0376091285794055e-06,7.0376091285794055e-06,1.900685144819275e-05,0.37026696124615477,0.6995225720002054,nan,nan,control-variate,1.7738677238043425e-05,8.425737318179674e-07,21.052967316901533,508.8672838482583,8.172340030066921e-07
B,BLT,fixed,shared,g1,128,0.0078125,200000,0.019984443101999032,0.02,-1.5556898000967567e-05,1.5556898000967567e-05,3.1152946312499637e-05,0.4993716435329779,0.9350127199995768,nan,nan,control-variate,-3.329673195440918e-05,1.3734553184703593e-06,24.243039803793778,514.4808125092823,1.829555710271196e-06
B,BLT,fixed,shared,g2,128,0.0078125,200000,0.00013070153390658978,0.00013225886209954651,-1.5573281929567289e-06,1.5573281929567289e-06,9.70753327786484e-07,1.6042470814988146,0.9350127199995768,nan,nan,control-variate,-2.227192827144096e-06,1.097383041541934e-07,20.29549157252025,78.25305239602521,9.489013434018112e-08
B,BLT,fixed,shared,g3,128,0.0078125,200000,0.9803084500257051,0.9802942861622658,1.416386343937679e-05,1.416386343937679e-05,3.0250100592313813e-05,0.4682253335374249,0.9350127199995768,nan,nan,control-variate,3.127555035311781e-05,1.3070808991608249e-06,23.927784709574908,535.6100408469158,1.7461969541137774e-06
B,BLT,fixed,shared,g4,128,0.0078125,200000,0.9802465246420656,0.9802358769207022,1.0647721363411069e-05,1.0647721363411069e-05,1.8924505238345586e-05,0.5626419940340756,0.9350127199995768,nan,nan,control-variate,2.1339810131213236e-05,8.597004764199403e-07,24.822377928739588,484.56800305234117,7.978975608865168e-07
B,KLM,implicit,own,g1,128,0.0078125,200000,0.019983975670963387,0.02,-1.6024329036613695e-05,1.6024329036613695e-05,3.1280946185822196e-05,0.5122712382618585,85.3673374709997,1078.9836,0.0014116294260635657,control-variate,6.263252388267536e-08,5.067541417018791e-07,0.1235954849275248,3810.352446502702,nan
B,KLM,implicit,own,g2,128,0.0078125,200000,0.0001314559250816137,0.00013225886209954651,-8.029370179328115e-07,8.029370179328115e-07,9.880266717870723e-07,0.812667350852499,85.3673374709997,1078.9836,0.0014116294260635657,control-variate,2.2582309299644933e-07,5.090544733761262e-08,4.436128249669558,376.7114500118533,nan
B,KLM,implicit,own,g3,128,0.0078125,200000,0.9803096865816147,0.9802942861622658,1.5400419348889182e-05,1.5400419348889182e-05,3.0374506498092153e-05,0.507017928006715,85.3673374709997,1078.9836,0.0014116294260635657,control-variate,7.225229649131443e-08,4.776418301479504e-07,0.15126877909527764,4044.0242734491867,nan
B,FTE,fixed,shared,g1,256,0.00390625,200000,0.020096617324836242,0.02,9.661732483624093e-05,9.661732483624093e-05,3.15138505033316e-05,3.0658686035851654,1.6734301620003862,nan,nan,control-variate,6.450653162864295e-07,1.957354527421992e-07,3.295597743021226,25921.728135912806,2.162922812995245e-07
B,FTE,fixed,shared,g2,256,0.00390625,200000,0.00013467061205633528,0.00013225886209954651,2.411749956788779e-06,2.411749956788779e-06,1.0028578738435982e-06,2.404877121366558,1.6734301620003862,nan,nan,control-variate,5.266099838210014e-07,6.076262027999905e-08,8.666676673822494,272.3991761821895,5.824153262806457e-08
B,FTE,fixed,shared,g3,256,0.00390625,200000,0.9802006889945902,0.9802942861622658,-9.35971676755164e-05,9.35971676755164e-05,3.059511497651102e-05,3.059219347512645,1.6734301620003862,nan,nan,control-variate,-2.1300421133885666e-07,1.9386124647484636e-07,1.0987457019497402,24907.043406597488,1.9462456573763178e-07
B,FTE,fixed,shared,g4,256,0.00390625,200000,0.9802158303496517,0.9802358769207022,-2.004657105059821e-05,2.004657105059821e-05,1.912491987046535e-05,1.0481911132896389,1.6734301620003862,nan,nan,control-variate,2.643975102237853e-07,4.184261284185439e-08,6.3188575537355876,208911.16763630582,5.681987151227065e-08
B,HH,fixed,shared,g1,256,0.00390625,200000,0.02009700703296485,0.02,9.700703296484964e-05,9.700703296484964e-05,3.152783457853181e-05,3.076869511073382,1.6590377630000148,nan,nan,control-variate,1.3839128210924998e-06,1.0014785099935024e-06,1.3818697129122408,991.0715683009255,1.276863773697191e-06
B,HH,fixed,shared,g2,256,0.00390625,200000,0.00013502424754343432,0.00013225886209954651,2.7653854438878024e-06,2.7653854438878024e-06,1.0086454286186591e-06,2.7416824241943973,1.6590377630000148,nan,nan,control-variate,9.089903713363834e-07,8.054347922516947e-08,11.285710278236007,156.8253543267837,7.930198909535475e-08
B,HH,fixed,shared,g3,256,0.00390625,200000,0.9802003877038269,0.9802942861622658,-9.389845843888757e-05,9.389845843888757e-05,3.060625597540956e-05,3.0679498503289593,1.6590377630000148,nan,nan,control-variate,-8.414831106180426e-07,9.531695170051113e-07,0.8828262922864015,1031.0509400939407,1.2193004436358589e-06
B,HH,fixed,shared,g4,256,0.00390625,200000,0.9802159698832492,0.9802358769207022,-1.9907037453073087e-05,1.9907037453073087e-05,1.9131873810795595e-05,1.0405168699074363,1.6590377630000148,nan,nan,control-variate,2.887003546028028e-07,5.915986749381926e-07,0.4880003401511419,1045.8288794264042,5.571639187808039e-07
B,ProjEuler,fixed,shared,g1,256,0.00390625,200000,0.020115610628838643,0.02,0.00011561062883864182,0.00011561062883864182,3.1504490126280756e-05,3.66965560703363,1.5387436569999409,nan,nan,control-variate,1.991785069581438e-05,1.001635201543546e-06,19.885334166691077,989.2948598932979,1.2348580788011896e-06
B,ProjEuler,fixed,shared,g2,256,0.00390625,200000,0.00013486641691900497,0.00013225886209954651,2.607554819458463e-06,2.607554819458463e-06,1.004763087271895e-06,2.595193685447207,1.5387436569999409,nan,nan,control-variate,7.507027977096539e-07,8.008029906152617e-08,9.37437555188055,157.42582236635081,7.819576574281281e-08
B,ProjEuler,fixed,shared,g3,256,0.00390625,200000,0.9801820130996151,0.9802942861622658,-0.00011227306265073387,0.00011227306265073387,3.058479770717041e-05,3.6708780527396514,1.5387436569999409,nan,nan,control-variate,-1.9148360354593855e-05,9.536629044919467e-07,20.07875137472704,1028.5406133311596,1.1786840418699486e-06
B,ProjEuler,fixed,shared,g4,256,0.00390625,200000,0.9802066995213228,0.9802358769207022,-2.917739937948191e-05,2.917739937948191e-05,1.9114061621723732e-05,1.5264887158426275,1.5387436569999409,nan,nan,control-variate,-8.985046336290117e-06,5.949981364225851e-07,15.100965509425855,1031.9882501844866,5.53694379791934e-07
B,KL,uniform,shared,g1,256,0.00390625,200000,0.020028947095350372,0.02,2.8947095350370038e-05,2.8947095350370038e-05,3.1383673307029394e-05,0.9223616071700056,1.3316911110000547,nan,nan,control-variate,-6.656201910573614e-05,9.844437326395913e-07,67.61383804766905,1016.3089536710606,1.1509210210827411e-06
B,KL,uniform,shared,g2,256,0.00390625,200000,0.00013284044449252784,0.00013225886209954651,5.815823929813175e-07,5.815823929813175e-07,9.92360493754032e-07,0.5860595989479901,1.3316911110000547,nan,nan,control-variate,-1.259620055685691e-06,7.890728020775072e-08,15.963293277493602,158.16296011184343,7.573908839383344e-08
B,KL,uniform,shared,g3,256,0.00390625,200000,0.9802662264363695,0.9802942861622658,-2.8059725896240896e-05,2.8059725896240896e-05,3.047182810729843e-05,0.9208415654432036,1.3316911110000547,nan,nan,control-variate,6.489351305384742e-05,9.372066507582071e-07,69.24141330126935,1057.1248838537392,1.0984297261576415e-06
B,KL,uniform,shared,g4,256,0.00390625,200000,0.9802592706890093,0.9802358769207022,2.339376830701337e-05,2.339376830701337e-05,1.906313255806143e-05,1.2271733533700155,1.3316911110000547,nan,nan,control-variate,4.355321615412371e-05,5.929027877943178e-07,73.45760055564561,1033.7643492482796,5.4475220210591e-07
B,IF,fixed,shared,g1,256,0.00390625,200000,0.020078190270932345,0.02,7.819027093234359e-05,7.819027093234359e-05,3.138746047496754e-05,2.4911308449023046,1.6047865949999505,nan,nan,control-variate,-1.7398006417737346e-05,9.78140795116025e-07,17.78681198515356,1029.6973926254545,1.1224532740874015e-06
B,IF,fixed,shared,g2,256,0.00390625,200000,0.0001334424200401749,0.00013225886209954651,1.1835579406283924e-06,1.1835579406283924e-06,9.952486607979166e-07,1.1892082725130255,1.6047865949999505,nan,nan,control-variate,-6.633373942887691e-07,7.900266677077314e-08,8.396392443478494,158.7010137884682,7.57187296947821e-08
B,IF,fixed,shared,g3,256,0.00390625,200000,0.9802179785447921,0.9802942861622658,-7.630761747365544e-05,7.630761747365544e-05,3.047362130968957e-05,2.504054792115968,1.6047865949999505,nan,nan,control-variate,1.6719216771320583e-05,9.306746614433917e-07,17.964620144907137,1072.1421071225654,1.0708285163689763e-06
B,IF,fixed,shared,g4,256,0.00390625,200000,0.9802248721872303,0.9802358769207022,-1.1004733471954932e-05,1.1004733471954932e-05,1.9059980781710897e-05,0.5773737968568458,1.6047865949999505,nan,nan,control-variate,9.16685169766113e-06,5.929644721334159e-07,15.459360768580085,1033.2075489472388,5.578240267506387e-07
B,BLT,fixed,shared,g1,256,0.00390625,200000,0.020079379241293487,0.02,7.937924129348672e-05,7.937924129348672e-05,3.132692988681791e-05,2.5338978821186307,2.1153008489995955,nan,nan,control-variate,-1.6200752996703586e-05,9.761443739403902e-07,16.596677119908197,1029.92964553325,1.106970700565173e-06
B,BLT,fixed,shared,g2,256,0.00390625,200000,0.00013295293857090634,0.00013225886209954651,6.940764713598232e-07,6.940764713598232e-07,9.9172750070007e-07,0.6998661132920767,2.1153008489995955,nan,nan,control-variate,-1.1499482971700852e-06,7.881912285718223e-08,14.589711931376797,158.31480046119898,7.53019648740603e-08
B,BLT,fixed,shared,g3,256,0.00390625,200000,0.9802164443248036,0.9802942861622658,-7.784183746221195e-05,7.784183746221195e-05,3.0415249086688503e-05,2.559302974647678,2.1153008489995955,nan,nan,control-variate,1.517829415566082e-05,9.286976428416023e-07,16.343633767841503,1072.5908022694189,1.0555312425165357e-06
B,BLT,fixed,shared,g4,256,0.00390625,200000,0.9802265688746478,0.9802358769207022,-9.308046054425694e-06,9.308046054425694e-06,1.90186181257171e-05,0.4894175798103487,2.1153008489995955,nan,nan,control-variate,1.0858377792030849e-05,5.993339393681122e-07,18.117408474278996,1006.9784419889959,5.855693107291244e-07
B,KLM,implicit,own,g1,256,0.00390625,200000,0.0199405797665079,0.02,-5.942023349210083e-05,5.942023349210083e-05,3.110588627572884e-05,1.9102568872459673,171.5288265449999,2157.970315,0.0013976860474097857,control-variate,2.1660900473708092e-07,3.5792669357381527e-07,0.6051770058675705,7552.608667121436,nan
B,KLM,implicit,own,g2,256,0.00390625,200000,0.00012939762043119975,0.00013225886209954651,-2.8612416683467755e-06,2.8612416683467755e-06,9.58166476281652e-07,2.986163406019349,171.5288265449999,2157.970315,0.0013976860474097857,control-variate,7.675024241214981e-08,3.6012892361493364e-08,2.1311879546285675,707.8902619246371,nan
B,KLM,implicit,own,g3,256,0.00390625,200000,0.9803511769281521,0.9802942861622658,5.689076588629276e-05,5.689076588629276e-05,3.0211353598408426e-05,1.8830922520892888,171.5288265449999,2157.970315,0.0013976860474097857,control-variate,-1.6344658273792162e-07,3.3729661262662966e-07,0.48457819206992375,8022.623447707739,nan
B,FTE,fixed,shared,g1,512,0.001953125,200000,0.01997813006848045,0.02,-2.1869931519548702e-05,2.1869931519548702e-05,3.1399428842228054e-05,0.6965073036658729,3.421839954999996,nan,nan,control-variate,-7.586351094990906e-08,9.757784193008962e-08,0.7774665789827782,103547.84832416968,1.525664712251551e-07
B,FTE,fixed,shared,g2,512,0.001953125,200000,0.00013268919866156866,0.00013225886209954651,4.3033656202213244e-07,4.3033656202213244e-07,9.928262354524488e-07,0.433446001581556,3.421839954999996,nan,nan,control-variate,2.2157501307792975e-07,4.272090734812061e-08,5.186570857973066,540.0892754604121,5.078519177147153e-08
B,FTE,fixed,shared,g3,512,0.001953125,200000,0.9803161344373078,0.9802942861622658,2.1848275042089247e-05,2.1848275042089247e-05,3.048684824103243e-05,0.716645908076635,3.421839954999996,nan,nan,control-variate,2.693348768442829e-07,9.807679672502072e-08,2.746163066473519,96625.66857129511,1.5321075852510664e-07
B,FTE,fixed,shared,g4,512,0.001953125,200000,0.9802412382890008,0.9802358769207022,5.361368298551741e-06,5.361368298551741e-06,1.906551490280584e-05,0.2812076319933388,3.421839954999996,nan,nan,control-variate,5.2057818756183784e-08,2.146361532880768e-08,2.4253984223391143,789026.019273713,3.247777741482994e-08
B,HH,fixed,shared,g1,512,0.001953125,200000,0.019978229326956996,0.02,-2.1770673043004423e-05,2.1770673043004423e-05,3.1408382779482476e-05,0.693148488282756,3.4887322109993875,nan,nan,control-variate,-7.012422625749929e-08,7.01513307727525e-07,0.09996136279247357,2004.561210242138,8.293824726390334e-07
B,HH,fixed,shared,g2,512,0.001953125,200000,0.00013288591385367824,0.00013225886209954651,6.270517541317247e-07,6.270517541317247e-07,9.95838327776857e-07,0.6296722436176726,3.4887322109993875,nan,nan,control-variate,3.8997845358426877e-07,5.6526699160604925e-08,6.899013375542294,310.36334435605306,6.736969298924208e-08
B,HH,fixed,shared,g3,512,0.001953125,200000,0.980316089245092,0.9802942861622658,2.18030828262232e-05,2.18030828262232e-05,3.049428217708369e-05,0.7149892133748311,3.4887322109993875,nan,nan,control-variate,2.9912801008570013e-07,6.675306663051452e-07,0.4481112631744788,2086.865145043342,7.911776647978072e-07
B,HH,fixed,shared,g4,512,0.001953125,200000,0.9802414395367972,0.9802358769207022,5.562616094924702e-06,5.562616094924702e-06,1.9070941592378807e-05,0.29168020194386485,3.4887322109993875,nan,nan,control-variate,2.503558201487648e-07,4.1688667176114986e-07,0.6005368775430727,2092.7061518363803,4.666173908355871e-07
B,ProjEuler,fixed,shared,g1,512,0.001953125,200000,0.01998747873361899,0.02,-1.2521266381007365e-05,1.2521266381007365e-05,3.139699522764709e-05,0.3988046082187374,3.2261247880014707,nan,nan,control-variate,9.17927114038113e-06,7.015808028249926e-07,13.083697705837702,2002.722513218692,8.365583144920104e-07
B,ProjEuler,fixed,shared,g2,512,0.001953125,200000,0.0001328082134502925,0.00013225886209954651,5.493513507460064e-07,5.493513507460064e-07,9.939234718237764e-07,0.5527099080757063,3.2261247880014707,nan,nan,control-variate,3.1302102804281154e-07,5.637305161501668e-08,5.552671339853967,310.8585405004861,6.688874033165698e-08
B,ProjEuler,fixed,shared,g3,512,0.001953125,200000,0.9803069541551597,0.9802942861622658,1.2667992893952968e-05,1.2667992893952968e-05,3.0483825032108203e-05,0.4155644142626439,3.2261247880014707,nan,nan,control-variate,-8.835339346908752e-06,6.677144125764321e-07,13.232213024752383,2084.286518142711,7.9858766309104e-07
B,ProjEuler,fixed,shared,g4,512,0.001953125,200000,0.9802367951988213,0.9802358769207022,9.182781190590417e-07,9.182781190590417e-07,1.906212360309392e-05,0.04817291809554726,3.2261247880014707,nan,nan,control-variate,-4.392543485996573e-06,4.1802029560005274e-07,10.50796703468964,2079.44686004931,4.761827259660861e-07
B,KL,uniform,shared,g1,512,0.001953125,200000,0.0199445062129535,0.02,-5.54937870465014e-05,5.54937870465014e-05,3.1336736272133335e-05,1.7708859839322224,2.8077568279991283,nan,nan,control-variate,-3.382001874890033e-05,6.953671517307841e-07,48.636204147293356,2030.8562443222604,8.180574015881379e-07
B,KL,uniform,shared,g2,512,0.001953125,200000,0.00013180834290597485,0.00013225886209954651,-4.505191935716551e-07,4.505191935716551e-07,9.877904744785332e-07,0.45608780931957227,2.8077568279991283,nan,nan,control-variate,-6.865642756351276e-07,5.597054243346649e-08,12.26652888796393,311.46599316987755,6.552578273283471e-08
B,KL,uniform,shared,g3,512,0.001953125,200000,0.980348714909092,0.9802942861622658,5.442874682623589e-05,5.442874682623589e-05,3.0427459884573564e-05,1.7888035029118798,2.8077568279991283,nan,nan,control-variate,3.2951307408425806e-05,6.617570216913875e-07,49.7936649379336,2114.1426165036014,7.795928265836838e-07
B,KL,uniform,shared,g4,512,0.001953125,200000,0.9802630123526997,0.9802358769207022,2.7135431997538985e-05,2.7135431997538985e-05,1.903678962385826e-05,1.4254205952631285,2.8077568279991283,nan,nan,control-variate,2.1833341558082137e-05,4.1719081763119735e-07,52.33418530650194,2082.178409965961,4.924470182164068e-07
B,IF,fixed,shared,g1,512,0.001953125,200000,0.01996916161697337,0.02,-3.0838383026629137e-05,3.0838383026629137e-05,3.1338496733297565e-05,0.9840415540373686,3.2677994870005023,nan,nan,control-variate,-9.142876877710701e-06,6.931331297801981e-07,13.190650518479806,2044.1982183417865,8.190131717427194e-07
B,IF,fixed,shared,g2,512,0.001953125,200000,0.00013210640749421044,0.00013225886209954651,-1.5245460533608049e-07,1.5245460533608049e-07,9.892480256264868e-07,0.15411160941112984,3.2677994870005023,nan,nan,control-variate,-3.893662874468719e-07,5.600459702965231e-08,6.9523986975697225,312.00606118861583,6.586091414476857e-08
B,IF,fixed,shared,g3,512,0.001953125,200000,0.9803245546441085,0.9802942861622658,3.0268481842683187e-05,3.0268481842683187e-05,3.042822204340869e-05,0.9947502617636476,3.2677994870005023,nan,nan,control-variate,8.769356398875688e-06,6.594414485710753e-07,13.298157733150918,2129.1226097068,7.800628439539389e-07
B,IF,fixed,shared,g4,512,0.001953125,200000,0.9802458232694494,0.9802358769207022,9.946348747194132e-06,9.946348747194132e-06,1.9035242783017103e-05,0.5225228204637392,3.2677994870005023,nan,nan,control-variate,4.647937722408226e-06,4.1719924674350643e-07,11.140810436951178,2081.7559251483126,4.983182145171442e-07
B,BLT,fixed,shared,g1,512,0.001953125,200000,0.019969844121564228,0.02,-3.015587843577298e-05,3.015587843577298e-05,3.1308347987228875e-05,0.9631897041668885,4.304238259998783,nan,nan,control-variate,-8.451400456042307e-06,6.925133140690237e-07,12.203953749833529,2043.9207360099447,8.616630980782323e-07
B,BLT,fixed,shared,g2,512,0.001953125,200000,0.00013186408599084553,0.00013225886209954651,-3.9477610870099706e-07,3.9477610870099706e-07,9.874787426615595e-07,0.3997818805060591,4.304238259998783,nan,nan,control-variate,-6.305562984684053e-07,5.5941469141156285e-08,11.27171502910179,311.5930594337336,6.542782848105846e-08
B,BLT,fixed,shared,g3,512,0.001953125,200000,0.9803237020923777,0.9802942861622658,2.9415930111989312e-05,2.9415930111989312e-05,3.0399151398821775e-05,0.967656291653241,4.304238259998783,nan,nan,control-variate,7.908672104329601e-06,6.588270445840538e-07,12.00417039546804,2129.021678880298,8.229670177659883e-07
B,BLT,fixed,shared,g4,512,0.001953125,200000,0.9802466299177133,0.9802358769207022,1.0752997011057946e-05,1.0752997011057946e-05,1.9014508409906596e-05,0.5655153832667908,4.304238259998783,nan,nan,control-variate,5.45057832716711e-06,4.1946546033435146e-07,12.994105218633525,2054.838962577738,5.103086119345381e-07
B,KLM,implicit,own,g1,512,0.001953125,200000,0.019995381327111,0.02,-4.61867288899939e-06,4.61867288899939e-06,3.137278758524032e-05,0.1472190788418271,343.38919337100015,4314.433705,0.0013589651390877033,control-variate,-7.831929174856159e-08,2.5296811979725205e-07,0.3096014304542906,15380.647976902203,nan
B,KLM,implicit,own,g2,512,0.001953125,200000,0.00013284011265698626,0.00013225886209954651,5.812505574397326e-07,5.812505574397326e-07,9.930533062243846e-07,0.585316572430198,343.38919337100015,4314.433705,0.0013589651390877033,control-variate,5.4488270468004025e-08,2.551800218399572e-08,2.135287475685607,1514.4389919681678,nan
B,KLM,implicit,own,g3,512,0.001953125,200000,0.9802990571538525,0.9802942861622658,4.770991586652899e-06,4.770991586652899e-06,3.045907592152984e-05,0.15663612379259834,343.38919337100015,4314.433705,0.0013589651390877033,control-variate,1.0938360310621654e-07,2.38384232577666e-07,0.45885418646797105,16325.947432137626,nan
B,FTE,fixed,shared,g1,1024,0.0009765625,200000,0.020037258755581683,0.02,3.725875558168151e-05,3.725875558168151e-05,3.1431295338599115e-05,1.1854031206892706,7.071033270999578,nan,nan,control-variate,4.91818057189476e-08,4.8871676567689043e-08,1.0063457849830262,413628.14554543234,4.84005769538154e-08
B,FTE,fixed,shared,g2,1024,0.0009765625,200000,0.00013367635717140335,0.00013225886209954651,1.4174950718568285e-06,1.4174950718568285e-06,1.0005365854044598e-06,1.4167348726022009,7.071033270999578,nan,nan,control-variate,1.697567111703473e-07,3.002073017926657e-08,5.65464964231908,1110.7682177047939,3.07711006829187e-08
B,FTE,fixed,shared,g3,1024,0.0009765625,200000,0.9802583631438472,0.9802942861622658,-3.592301841862691e-05,3.592301841862691e-05,3.0514489439778043e-05,1.1772446165131776,7.071033270999578,nan,nan,control-variate,7.648891877667615e-08,5.045973805557404e-08,1.5158405834852882,365697.7028624784,5.696296188074147e-08
B,FTE,fixed,shared,g4,1024,0.0009765625,200000,0.9802172709698556,0.9802358769207022,-1.8605950846699644e-05,1.8605950846699644e-05,1.9070243759982382e-05,0.9756535407136733,7.071033270999578,nan,nan,control-variate,3.972897485951981e-08,1.1291166066602363e-08,3.518589189564077,2852560.7279148665,1.1849289614226528e-08
B,HH,fixed,shared,g1,1024,0.0009765625,200000,0.02003764537145204,0.02,3.764537145203727e-05,3.764537145203727e-05,3.1434972209374215e-05,1.19756337627081,7.016810898999211,nan,nan,control-variate,4.4870425922822173e-07,4.914962702285857e-07,0.9129352274017009,4090.587703413938,3.6376897961157535e-07
B,HH,fixed,shared,g2,1024,0.0009765625,200000,0.00013376743157971237,0.00013225886209954651,1.508569480165855e-06,1.508569480165855e-06,1.0018615888447103e-06,1.5057663623030517,7.016810898999211,nan,nan,control-variate,2.6932136087060306e-07,3.965960322578904e-08,6.790823381094096,638.1440471787928,3.826884847464322e-08
B,HH,fixed,shared,g3,1024,0.0009765625,200000,0.9802580054791986,0.9802942861622658,-3.628068306717464e-05,3.628068306717464e-05,3.0517484260953524e-05,1.1888490793323683,7.016810898999211,nan,nan,control-variate,-2.8914754187484347e-07,4.676028316275536e-07,0.6183614005681427,4259.348678177962,3.4441930371623107e-07
B,HH,fixed,shared,g4,1024,0.0009765625,200000,0.9802174868848385,0.9802358769207022,-1.839003586383687e-05,1.839003586383687e-05,1.9072621889428524e-05,0.9642112117804844,7.016810898999211,nan,nan,control-variate,2.971654020229489e-07,2.943570039817922e-07,1.009540788916748,4198.2862853958595,2.2918118775063476e-07
B,ProjEuler,fixed,shared,g1,1024,0.0009765625,200000,0.02004225943954292,0.02,4.225943954291781e-05,4.225943954291781e-05,3.142916779144814e-05,1.3445930170132148,6.631940559999748,nan,nan,control-variate,5.057847272405252e-06,4.914858708852271e-07,10.290931178337724,4089.2502450734373,3.6583766843911e-07
B,ProjEuler,fixed,shared,g2,1024,0.0009765625,200000,0.00013372752524730367,0.00013225886209954651,1.4686631477571533e-06,1.4686631477571533e-06,1.0008921862702722e-06,1.4673539946694802,6.631940559999748,nan,nan,control-variate,2.298786077193835e-07,3.961341002453242e-08,5.803050219029885,638.3959736289938,3.838247298244506e-08
B,ProjEuler,fixed,shared,g3,1024,0.0009765625,200000,0.9802534479169814,0.9802942861622658,-4.083824528434191e-05,4.083824528434191e-05,3.051215166304877e-05,1.3384256126977234,6.631940559999748,nan,nan,control-variate,-4.84164021463434e-06,4.6763059503924383e-07,10.353557414753897,4257.354692018886,3.4634426444112753e-07
B,ProjEuler,fixed,shared,g4,1024,0.0009765625,200000,0.9802151799659573,0.9802358769207022,-2.0696954744886706e-05,2.0696954744886706e-05,1.906822675051944e-05,1.08541580796562,6.631940559999748,nan,nan,control-variate,-2.01061910831129e-06,2.947773834448004e-07,6.820805194804898,4184.3913560965175,2.2963194870217488e-07
B,KL,uniform,shared,g1,1024,0.0009765625,200000,0.020020719181171237,0.02,2.0719181171236527e-05,2.0719181171236527e-05,3.139898577299254e-05,0.6598678479945643,5.753102248000687,nan,nan,control-variate,-1.6455850606477792e-05,4.893373339099773e-07,33.628847557961215,4117.319197028934,3.6692581171291747e-07
B,KL,uniform,shared,g2,1024,0.0009765625,200000,0.00013322383418899836,0.00013225886209954651,9.649720894518382e-07,9.649720894518382e-07,9.97803482196488e-07,0.9670963337666678,5.753102248000687,nan,nan,control-variate,-2.7193794743798465e-07,3.948019623316063e-08,6.887958353397838,638.7507531357184,3.8614200633203366e-08
B,KL,uniform,shared,g3,1024,0.0009765625,200000,0.9802743792823996,0.9802942861622658,-1.990687986624586e-05,1.990687986624586e-05,3.048392805322255e-05,0.653028698647038,5.753102248000687,nan,nan,control-variate,1.606441266993824e-05,4.6556935432362185e-07,34.50487563399997,4287.193492418734,3.465835104864374e-07
B,KL,uniform,shared,g4,1024,0.0009765625,200000,0.9802283066731156,0.9802358769207022,-7.570247586697023e-06,7.570247586697023e-06,1.9055536841949255e-05,0.3972728582504022,5.753102248000687,nan,nan,control-variate,1.110555915812982e-05,2.9451142783825165e-07,37.70841505080439,4186.3744808209585,2.2803684107683158e-07
B,IF,fixed,shared,g1,1024,0.0009765625,200000,0.02003302490159891,0.02,3.302490159890929e-05,3.302490159890929e-05,3.139989248757786e-05,1.0517520597235896,6.783645665000222,nan,nan,control-variate,-4.157410132019283e-06,4.885824853742422e-07,8.509126414621287,4130.289881014476,3.6832918375160745e-07
B,IF,fixed,shared,g2,1024,0.0009765625,200000,0.00013337346787691752,0.00013225886209954651,1.1146057773709909e-06,1.1146057773709909e-06,9.985353240465723e-07,1.1162407082946673,6.783645665000222,nan,nan,control-variate,-1.229990449015066e-07,3.948558601244719e-08,3.1150365822792434,639.5134611042608,3.847161634738738e-08
B,IF,fixed,shared,g3,1024,0.0009765625,200000,0.9802623217125558,0.9802942861622658,-3.196444971003965e-05,3.196444971003965e-05,3.0484335407425427e-05,1.0485532744221706,6.783645665000222,nan,nan,control-variate,4.013488026984336e-06,4.647877601148756e-07,8.635098364019685,4301.739401486002,3.477335854372797e-07
B,IF,fixed,shared,g4,1024,0.0009765625,200000,0.9802197185451647,0.9802358769207022,-1.615837553757511e-05,1.615837553757511e-05,1.9054759058109605e-05,0.8479968436388174,6.783645665000222,nan,nan,control-variate,2.5245957711003797e-06,2.9448925498293174e-07,8.572794179694952,4186.6631180678205,2.2845509596188113e-07
B,BLT,fixed,shared,g1,1024,0.0009765625,200000,0.020033364551818967,0.02,3.3364551818966594e-05,3.3364551818966594e-05,3.138477996133442e-05,1.063080635265604,8.870863044999169,nan,nan,control-variate,-3.826151349939453e-06,4.88300169796937e-07,7.835654350746149,4131.087803523362,3.724080213923891e-07
B,BLT,fixed,shared,g2,1024,0.0009765625,200000,0.00013325159682909895,0.00013225886209954651,9.927347295524278e-07,9.927347295524278e-07,9.976437208797942e-07,0.995079414399524,8.870863044999169,nan,nan,control-variate,-2.4435681013287043e-07,3.946919678502725e-08,6.191076333875836,638.902180196269,3.864728015899657e-08
B,BLT,fixed,shared,g3,1024,0.0009765625,200000,0.9802618966012673,0.9802942861622658,-3.238956099850861e-05,3.238956099850861e-05,3.046976420878777e-05,1.0630066178578157,8.870863044999169,nan,nan,control-variate,3.5969681160539657e-06,4.645087838449306e-07,7.743595473653649,4302.791728322316,3.5190869800550653e-07
B,BLT,fixed,shared,g4,1024,0.0009765625,200000,0.980220124372532,0.9802358769207022,-1.5752548170206263e-05,1.5752548170206263e-05,1.9044379297157636e-05,0.8271494662237336,8.870863044999169,nan,nan,control-variate,2.9333037805464575e-06,2.952531053838026e-07,9.934878675478876,4160.492053430102,2.324039406653073e-07
B,KLM,implicit,own,g1,1024,0.0009765625,200000,0.019975853739993204,0.02,-2.4146260006796843e-05,2.4146260006796843e-05,3.135503929889524e-05,0.7700918431841228,691.9210311950001,8637.34867,0.0014176387301035051,control-variate,3.797154297515095e-08,1.7877910963415706e-07,0.2123936239130716,30759.6336570061,nan
B,KLM,implicit,own,g2,1024,0.0009765625,200000,0.0001322068384399469,0.00013225886209954651,-5.202365959963169e-08,5.202365959963169e-08,1.0063842469623982e-06,0.05169363466951749,691.9210311950001,8637.34867,0.0014176387301035051,control-variate,1.191982451824861e-08,1.8145665392571046e-08,0.6568965237906715,3075.9683592519873,nan
B,KLM,implicit,own,g3,1024,0.0009765625,200000,0.9803180909130075,0.9802942861622658,2.3804750741760822e-05,2.3804750741760822e-05,3.0442155986429246e-05,0.7819666502061384,691.9210311950001,8637.34867,0.0014176387301035051,control-variate,-2.5804749093161062e-08,1.684306425900226e-07,0.1532069740775879,32666.95112981654,nan
B,FTE,fixed,shared,g1,2048,0.00048828125,200000,0.019985287503072584,0.02,-1.4712496927416898e-05,1.4712496927416898e-05,3.13075571013564e-05,0.46993436376354897,12.250261899001089,nan,nan,control-variate,-1.413179899506999e-08,2.4340196789968478e-08,0.5805951002374082,1654436.8409376647,2.2911195434461647e-08
B,FTE,fixed,shared,g2,2048,0.00048828125,200000,0.00013189685053280673,0.00013225886209954651,-3.620115667397915e-07,3.620115667397915e-07,9.872101166268468e-07,0.36670163792155236,12.250261899001089,nan,nan,control-variate,6.287793241783661e-08,2.1387661228953383e-08,2.9399162322954737,2130.554272071847,1.8293169400457644e-08
B,FTE,fixed,shared,g3,2048,0.00048828125,200000,0.9803085587202949,0.9802942861622658,1.4272558029144426e-05,1.4272558029144426e-05,3.039831813690258e-05,0.469518016255577,12.250261899001089,nan,nan,control-variate,6.329577376542186e-08,2.6415927479417445e-08,2.396121575316262,1324242.0806654436,2.485261273951556e-08
B,FTE,fixed,shared,g4,2048,0.00048828125,200000,0.9802403666874336,0.9802358769207022,4.489766731449002e-06,4.489766731449002e-06,1.9011242135490984e-05,0.23616377611998943,12.250261899001089,nan,nan,control-variate,2.0621035478300048e-08,6.133406893769234e-09,3.3620850263902127,9607655.72682957,4.6197035327806e-09
B,HH,fixed,shared,g1,2048,0.00048828125,200000,0.019985563782189342,0.02,-1.4436217810658114e-05,1.4436217810658114e-05,3.1310882088854294e-05,0.4610607190717556,12.545631887001036,nan,nan,control-variate,1.4363387709619264e-07,3.478098834285383e-07,0.41296663476126877,8104.13688105892,3.3078151499705136e-07
B,HH,fixed,shared,g2,2048,0.00048828125,200000,0.00013195690196511547,0.00013225886209954651,-3.019601344310618e-07,3.019601344310618e-07,9.88105985745454e-07,0.30559488434153637,12.545631887001036,nan,nan,control-variate,1.1210898029336254e-07,2.8260865374775542e-08,3.9669337370477797,1222.4641951090823,2.4033291408863513e-08
B,HH,fixed,shared,g3,2048,0.00048828125,200000,0.9803083074572456,0.9802942861622658,1.4021294979853942e-05,1.4021294979853942e-05,3.0401205727957557e-05,0.4612085160477592,12.545631887001036,nan,nan,control-variate,-7.841948355066852e-08,3.3090738974168057e-07,0.23698317408954173,8440.509926240835,3.18908213275413e-07
B,HH,fixed,shared,g4,2048,0.00048828125,200000,0.9802399187151589,0.9802358769207022,4.041794456712237e-06,4.041794456712237e-06,1.9012011518818126e-05,0.21259162675720353,12.545631887001036,nan,nan,control-variate,-4.3918757221741587e-07,2.0810007628567544e-07,2.1104632927405,8346.63954589255,2.2264793434622477e-07
B,ProjEuler,fixed,shared,g1,2048,0.00048828125,200000,0.019987872799446357,0.02,-1.2127200553642708e-05,1.2127200553642708e-05,3.130805154813474e-05,0.38735085557776333,12.009433549999812,nan,nan,control-variate,2.452599068057635e-06,3.478124094956876e-07,7.0514996046684875,8102.55400561428,3.2964730967753125e-07
B,ProjEuler,fixed,shared,g2,2048,0.00048828125,200000,0.00013193768862228267,0.00013225886209954651,-3.2117347726385243e-07,3.2117347726385243e-07,9.876319574869644e-07,0.32519550914601864,12.009433549999812,nan,nan,control-variate,9.296818771483606e-08,2.82391883633776e-08,3.292169254956463,1223.1672598680218,2.4067085644521058e-08
B,ProjEuler,fixed,shared,g3,2048,0.00048828125,200000,0.9803060271112034,0.9802942861622658,1.1740948937648428e-05,1.1740948937648428e-05,3.0398606634126083e-05,0.3862331283456856,12.009433549999812,nan,nan,control-variate,-2.3586794596548387e-06,3.3092585235797815e-07,7.127516459800015,8438.1251587147,3.1779120114015807e-07
B,ProjEuler,fixed,shared,g4,2048,0.00048828125,200000,0.9802387616767413,0.9802358769207022,2.8847560389929474e-06,2.8847560389929474e-06,1.9009838750207604e-05,0.15175068431137761,12.009433549999812,nan,nan,control-variate,-1.5944888653984635e-06,2.082549457077367e-07,7.656427365889097,8332.325324752526,2.228391469823229e-07
B,KL,uniform,shared,g1,2048,0.00048828125,200000,0.019977137926490036,0.02,-2.2862073509962446e-05,2.2862073509962446e-05,3.129303779046502e-05,0.7305801904898,10.327485582000918,nan,nan,control-variate,-8.290461016267515e-06,3.4700604520814393e-07,23.891402270224614,8132.449361658948,3.306084356367297e-07
B,KL,uniform,shared,g2,2048,0.00048828125,200000,0.00013168860021020522,0.00013225886209954651,-5.702618893412846e-07,5.702618893412846e-07,9.861057927026348e-07,0.5782968658751708,10.327485582000918,nan,nan,control-variate,-1.5684903582076285e-07,2.8184905729309096e-08,5.565001257309784,1224.0914002868865,2.4120344486445894e-08
B,KL,uniform,shared,g3,2048,0.00048828125,200000,0.9803164595293697,0.9802942861622658,2.2173367103940206e-05,2.2173367103940206e-05,3.038456293858055e-05,0.72975764531356,10.327485582000918,nan,nan,control-variate,8.0813934014697e-06,3.3015369577931503e-07,24.477670566109772,8469.80986256432,3.1883609227801794e-07
B,KL,uniform,shared,g4,2048,0.00048828125,200000,0.9802453161101576,0.9802358769207022,9.439189455340902e-06,9.439189455340902e-06,1.90035219596506e-05,0.4967073722114641,10.327485582000918,nan,nan,control-variate,4.960295266842888e-06,2.0816614636618236e-07,23.82853962294761,8333.894322617245,2.2242636756290384e-07
B,IF,fixed,shared,g1,2048,0.00048828125,200000,0.01998328979564879,0.02,-1.6710204351210498e-05,1.6710204351210498e-05,3.129348133331093e-05,0.5339835530993802,12.251193091999085,nan,nan,control-variate,-2.1389652336585907e-06,3.466858291919441e-07,6.169750977835161,8147.710320912289,3.321903305990112e-07
B,IF,fixed,shared,g2,2048,0.00048828125,200000,0.00013176294144764302,0.00013225886209954651,-4.959206519034947e-07,4.959206519034947e-07,9.864678853516003e-07,0.5027235648190788,12.251193091999085,nan,nan,control-variate,-8.244886502743436e-08,2.8187999854154347e-08,2.9249632983548866,1224.7216112450778,2.414045329696756e-08
B,IF,fixed,shared,g3,2048,0.00048828125,200000,0.9803104313701978,0.9802942861622658,1.614520793199937e-05,1.614520793199937e-05,3.0384757883266706e-05,0.5313587817295313,12.251193091999085,nan,nan,control-variate,2.053616516925725e-06,3.298243334766996e-07,6.226394806224334,8486.84309933386,3.204120395931999e-07
B,IF,fixed,shared,g4,2048,0.00048828125,200000,0.980241023503115,0.9802358769207022,5.14658241279909e-06,5.14658241279909e-06,1.9003135905107078e-05,0.27082805903713764,12.251193091999085,nan,nan,control-variate,6.676173364226633e-07,2.0816239891342844e-07,3.207194670639413,8333.855774797534,2.2256088371188323e-07
B,BLT,fixed,shared,g1,2048,0.00048828125,200000,0.019983472009046176,0.02,-1.6527990953825934e-05,1.6527990953825934e-05,3.1285942152549177e-05,0.5282881005544285,17.17986595700222,nan,nan,control-variate,-1.9537472092673457e-06,3.4661574061089776e-07,5.636637291266509,8147.078739247051,3.3235383589015605e-07
B,BLT,fixed,shared,g2,2048,0.00048828125,200000,0.0001317026288927182,0.00013225886209954651,-5.562332068282967e-07,5.562332068282967e-07,9.860272973583006e-07,0.5641154239020766,17.17986595700222,nan,nan,control-variate,-1.4276165745660716e-07,2.817999546266723e-08,5.066063890809967,1224.323086032378,2.4160874904332923e-08
B,BLT,fixed,shared,g3,2048,0.00048828125,200000,0.9803102069118076,0.9802942861622658,1.59207495418756e-05,1.59207495418756e-05,3.0377487444271362e-05,0.5240969836983,17.17986595700222,nan,nan,control-variate,1.8262328428605864e-06,3.297541959442907e-07,5.538164078946591,8486.391034371447,3.204321061659084e-07
B,BLT,fixed,shared,g4,2048,0.00048828125,200000,0.9802412181900096,0.9802358769207022,5.341269307406605e-06,5.341269307406605e-06,1.899795051501737e-05,0.2811497641908518,17.17986595700222,nan,nan,control-variate,8.619272785966111e-07,2.0846235591684447e-07,4.134690288832932,8305.355393490385,2.2373304595991545e-07
B,FTE,fixed,shared,g1,4096,0.000244140625,200000,0.01999505135593715,0.02,-4.948644062850206e-06,4.948644062850206e-06,3.1350650629140336e-05,0.15784820932074872,23.29206472700116,nan,nan,control-variate,1.8600332859165466e-09,1.219347472056067e-08,0.15254333391778419,6610558.488897938,9.904743193492771e-09
B,FTE,fixed,shared,g2,4096,0.000244140625,200000,0.00013239761518568774,0.00013225886209954651,1.3875308614121296e-07,1.3875308614121296e-07,9.867540924136218e-07,0.14061566828856004,23.29206472700116,nan,nan,control-variate,2.3319167933778146e-08,1.5023501405425156e-08,1.5521793025797124,4313.954384442324,1.3623015371135864e-08
B,FTE,fixed,shared,g3,4096,0.000244140625,200000,0.9802992504865105,0.9802942861622658,4.964324244715579e-06,4.964324244715579e-06,3.0439997640680653e-05,0.16308556601466853,23.29206472700116,nan,nan,control-variate,1.8996174095321454e-08,1.4471027598112448e-08,1.3127038813607992,4424767.803066215,1.4249924037430134e-08
B,FTE,fixed,shared,g4,4096,0.000244140625,200000,0.980254046504815,0.9802358769207022,1.81695841126619e-05,1.81695841126619e-05,1.899661967095616e-05,0.9564640671540785,23.29206472700116,nan,nan,control-variate,7.786607994166831e-09,3.507010938298576e-09,2.2202976070398286,29341236.69429971,2.681082566856464e-09
B,HH,fixed,shared,g1,4096,0.000244140625,200000,0.019994968195407276,0.02,-5.031804592723734e-06,5.031804592723734e-06,3.135054596105538e-05,0.160501338604259,24.733997834002366,nan,nan,control-variate,-5.692606540558823e-08,2.445544115570204e-07,0.23277464120623856,16433.846026563868,2.444203261960814e-07
B,HH,fixed,shared,g2,4096,0.000244140625,200000,0.00013240869938441278,0.00013225886209954651,1.498372848662518e-07,1.498372848662518e-07,9.870123429457245e-07,0.15180892714985156,24.733997834002366,nan,nan,control-variate,4.1879367399901316e-08,1.984107732290444e-08,2.110740597314037,2474.6550409161246,1.8105343520966267e-08
B,HH,fixed,shared,g3,4096,0.000244140625,200000,0.9802993311029612,0.9802942861622658,5.044940695465694e-06,5.044940695465694e-06,3.0439772268020377e-05,0.1657351655276949,24.733997834002366,nan,nan,control-variate,7.957145186574879e-08,2.3265214661822302e-07,0.3420189885302187,17118.616783789454,2.3392936607786685e-07
B,HH,fixed,shared,g4,4096,0.000244140625,200000,0.9802541080994797,0.9802358769207022,1.8231178777420875e-05,1.8231178777420875e-05,1.8996869624481318e-05,0.9596938410276978,24.733997834002366,nan,nan,control-variate,1.1805695682497519e-07,1.4729847633887825e-07,0.8014811813353089,16632.884636895946,1.4387796673850902e-07
B,ProjEuler,fixed,shared,g1,4096,0.000244140625,200000,0.01999611975493427,0.02,-3.880245065728689e-06,3.880245065728689e-06,3.1349129466854156e-05,0.12377520944660753,23.505857953998202,nan,nan,control-variate,1.0976185137903057e-06,2.445630748662669e-07,4.488079463306186,16431.196850767155,2.441659824782705e-07
B,ProjEuler,fixed,shared,g2,4096,0.000244140625,200000,0.00013239904149715776,0.00013225886209954651,1.4017939761126062e-07,1.4017939761126062e-07,9.867767373810444e-07,0.14205786608154533,23.505857953998202,nan,nan,control-variate,3.221146127410992e-08,1.9835389712264156e-08,1.6239389163195357,2474.892446771074,1.8145750123497644e-08
B,ProjEuler,fixed,shared,g3,4096,0.000244140625,200000,0.9802981938117193,0.9802942861622658,3.90764945354404e-06,3.90764945354404e-06,3.0438471286072107e-05,0.12837863691702822,23.505857953998202,nan,nan,control-variate,-1.0606868232456965e-06,2.3266500315632952e-07,4.55885848260992,17115.261873788582,2.3366462429123434e-07
B,ProjEuler,fixed,shared,g4,4096,0.000244140625,200000,0.9802535306263609,0.9802358769207022,1.7653705658651634e-05,1.7653705658651634e-05,1.8995785909724225e-05,0.9293485272233164,23.505857953998202,nan,nan,control-variate,-4.607473583159503e-07,1.4735238679784795e-07,3.126840143743633,16618.81995253281,1.4371778344187832e-07
B,KL,uniform,shared,g1,4096,0.000244140625,200000,0.01999074150638363,0.02,-9.25849361637284e-06,9.25849361637284e-06,3.1341589893254696e-05,0.29540599720390837,20.031080813993867,nan,nan,control-variate,-4.2769665011673155e-06,2.4431654869140407e-07,17.5058403701075,16456.45466080795,2.4435459677202446e-07
B,KL,uniform,shared,g2,4096,0.000244140625,200000,0.00013227387355204594,0.00013225886209954651,1.50114524994149e-08,1.50114524994149e-08,9.860117259374813e-07,0.01522441580006799,20.031080813993867,nan,nan,control-variate,-9.272108495429441e-08,1.9818960173819774e-08,4.678403112024821,2475.155164676796,1.8243128276450158e-08
B,KL,uniform,shared,g3,4096,0.000244140625,200000,0.9803034202997826,0.9802942861622658,9.134137516831826e-06,9.134137516831826e-06,3.043141851538063e-05,0.3001548387307432,20.031080813993867,nan,nan,control-variate,4.162355685076151e-06,2.3242829823797445e-07,17.908127868382334,17142.193327686397,2.338084656480827e-07
B,KL,uniform,shared,g4,4096,0.000244140625,200000,0.9802568020816913,0.9802358769207022,2.0925160989033076e-05,2.0925160989033076e-05,1.899262267113214e-05,1.1017520513814187,20.031080813993867,nan,nan,control-variate,2.811718075883835e-06,1.4732133957795674e-07,19.085613013965183,16620.288644049317,1.4376299636543535e-07
B,IF,fixed,shared,g1,4096,0.000244140625,200000,0.01999381015381953,0.02,-6.189846180468605e-06,6.189846180468605e-06,3.134179625727094e-05,0.19749494029183573,23.75974488599877,nan,nan,control-variate,-1.210017003860319e-06,2.4422709154714685e-07,4.954474936400457,16468.72930047225,2.456062293442922e-07
B,IF,fixed,shared,g2,4096,0.000244140625,200000,0.00013231095907319593,0.00013225886209954651,5.209697364941403e-08,5.209697364941403e-08,9.861914864258846e-07,0.05282642809888958,23.75974488599877,nan,nan,control-variate,-5.5613491327157434e-08,1.9820005426597946e-08,2.805927149370279,2475.7965873725566,1.820216546343049e-08
B,IF,fixed,shared,g3,4096,0.000244140625,200000,0.980300413307892,0.9802942861622658,6.127145626254401e-06,6.127145626254401e-06,3.0431501430267016e-05,0.201342205881448,23.75974488599877,nan,nan,control-variate,1.157096522122626e-06,2.323350211967965e-07,4.980293182500978,17156.05395282653,2.3504374897363182e-07
B,IF,fixed,shared,g4,4096,0.000244140625,200000,0.9802546553974667,0.9802358769207022,1.8778476764487988e-05,1.8778476764487988e-05,1.899242727006464e-05,0.9887349572261428,23.75974488599877,nan,nan,control-variate,6.654291351436381e-07,1.4732386707038836e-07,4.5167775485129615,16619.376398400495,1.4456305188362837e-07
B,BLT,fixed,shared,g1,4096,0.000244140625,200000,0.019993909077422812,0.02,-6.0909225771895495e-06,6.0909225771895495e-06,3.1338038794034205e-05,0.19436195791387792,33.35560440500012,nan,nan,control-variate,-1.1144112097227302e-06,2.4419668517721594e-07,4.563580414345064,16468.88128456322,2.471006840695154e-07
B,BLT,fixed,shared,g2,4096,0.000244140625,200000,0.00013228088247348475,0.00013225886209954651,2.202037393823384e-08,2.202037393823384e-08,9.859728553395455e-07,0.022333651295755548,33.35560440500012,nan,nan,control-variate,-8.5728725843321e-08,1.9817717374242782e-08,4.325862773416236,2475.2704440122393,1.8256585659244372e-08
B,BLT,fixed,shared,g3,4096,0.000244140625,200000,0.9803002934536972,0.9802942861622658,6.007291431403255e-06,6.007291431403255e-06,3.0427877573097333e-05,0.19742722498379492,33.35560440500012,nan,nan,control-variate,1.0404738486161352e-06,2.323047027123815e-07,4.478918577487237,17156.44558451104,2.3645534465378774e-07
B,BLT,fixed,shared,g4,4096,0.000244140625,200000,0.9802547518187834,0.9802358769207022,1.8874898081181646e-05,1.8874898081181646e-05,1.8989839575522552e-05,0.9939472108817041,33.35560440500012,nan,nan,control-variate,7.630313938724072e-07,1.474272012395357e-07,5.175648641885663,16591.56488618266,1.4537212171662942e-07
C,FTE,fixed,shared,g1,8,0.125,200000,0.020042440014409635,0.02,4.244001440963327e-05,4.244001440963327e-05,4.6976384351324116e-05,0.903432969473246,0.03149208100148826,nan,nan,control-variate,5.3253346099475095e-05,9.135512452518933e-06,5.829267528915858,26.44194189750101,1.4455322271168735e-05
C,FTE,fixed,shared,g2,8,0.125,200000,0.00032095019832032904,0.0002876549773947922,3.3295220925536856e-05,3.3295220925536856e-05,2.664993942746914e-06,12.493544691219135,0.03149208100148826,nan,nan,control-variate,3.39405758978335e-05,1.010516253545833e-06,33.58736267599687,6.9551395138021235,5.337164198284826e-07
C,FTE,fixed,shared,g3,8,0.125,200000,0.9803706192924715,0.9803886927719344,-1.8073479462920495e-05,1.8073479462920495e-05,4.518007283084173e-05,0.400032101112126,0.03149208100148826,nan,nan,control-variate,-2.8327348231270976e-05,8.851646218643367e-06,3.20023502200165,26.052281237237317,1.4084978747788748e-05
C,FTE,fixed,shared,g4,8,0.125,200000,0.9800302114959085,0.9802728460420577,-0.00024263454614914239,0.00024263454614914239,2.8309740715714584e-05,8.570708880228537,0.03149208100148826,nan,nan,control-variate,-0.00023593378954348535,2.3461854857856263e-06,100.56058694970672,145.59521293776575,2.9538824960181255e-06
C,HH,fixed,shared,g1,8,0.125,200000,0.02098987067094115,0.02,0.00098987067094115,0.00098987067094115,4.8742921921429086e-05,20.30798794821466,0.03360570699805976,nan,nan,control-variate,0.0010078317528739154,1.5230829214129305e-05,66.1705110539203,10.241793676996975,8.324305035758671e-06
C,HH,fixed,shared,g2,8,0.125,200000,0.00037582346080930733,0.0002876549773947922,8.816848341451511e-05,8.816848341451511e-05,3.3499056935835884e-06,26.319691203066725,0.03360570699805976,nan,nan,control-variate,8.918685673452302e-05,1.6563081355225364e-06,53.8467781578493,4.090561173529906,9.958411495004687e-07
C,HH,fixed,shared,g3,8,0.125,200000,0.9794578694844336,0.9803886927719344,-0.0009308232875008138,0.0009308232875008138,4.662326625845599e-05,19.964780724301825,0.03360570699805976,nan,nan,control-variate,-0.0009478976716768105,1.4427699452065554e-05,65.69984874068776,10.44266189818902,7.864239818632893e-06
C,HH,fixed,shared,g4,8,0.125,200000,0.9796806220681915,0.9802728460420577,-0.000592223973866172,0.000592223973866172,2.86454056618818e-05,20.674309201850104,0.03360570699805976,nan,nan,control-variate,-0.0005905169045389711,8.063678394828855e-06,73.23170340196886,12.619540942299102,8.26534890810306e-06
C,ProjEuler,fixed,shared,g1,8,0.125,200000,0.021399213919193378,0.02,0.001399213919193378,0.001399213919193378,4.700866822697629e-05,29.765019345739052,0.029585021000457346,nan,nan,control-variate,0.001414651835056776,1.4271576639487717e-05,99.12372478473095,10.849556534586526,6.903166886737442e-06
C,ProjEuler,fixed,shared,g2,8,0.125,200000,0.00034697030406079666,0.0002876549773947922,5.9315326666004465e-05,5.9315326666004465e-05,2.869603087867483e-06,20.670219835205174,0.029585021000457346,nan,nan,control-variate,6.02691793459434e-05,1.3778667209983657e-06,43.74093548197023,4.3373976527453175,9.134652250420894e-07
C,ProjEuler,fixed,shared,g3,8,0.125,200000,0.9790415203919048,0.9803886927719344,-0.00134717238002953,0.00134717238002953,4.510213260312844e-05,29.86937207346345,0.029585021000457346,nan,nan,control-variate,-0.001361789525985747,1.356941274878357e-05,100.35729262549144,11.047704497015976,6.5294284699325015e-06
C,ProjEuler,fixed,shared,g4,8,0.125,200000,0.9794774754897115,0.9802728460420577,-0.0007953705523461664,0.0007953705523461664,2.7707723378794183e-05,28.705734551792695,0.029585021000457346,nan,nan,control-variate,-0.0007915667359461787,8.313521376392892e-06,95.21437428355146,11.107892056637924,9.555204928920998e-06
C,KL,uniform,shared,g1,8,0.125,200000,0.0179076067860722,0.02,-0.0020923932139277996,0.0020923932139277996,4.069533506417981e-05,51.41604585950522,0.02440137099893036,nan,nan,control-variate,-0.002081649469127749,1.0624104034117777e-05,195.93647261386297,14.672517211216736,5.7647503976348866e-06
C,KL,uniform,shared,g2,8,0.125,200000,0.00021431386412222906,0.0002876549773947922,-7.334111327256312e-05,7.334111327256312e-05,1.9135515858040996e-06,38.3272203460061,0.02440137099893036,nan,nan,control-variate,-7.264875384129468e-05,8.789918657024516e-07,82.65008662308496,4.739261109757739,6.886441964586332e-07
C,KL,uniform,shared,g3,8,0.125,200000,0.9824126249823674,0.9803886927719344,0.002023932210432945,0.002023932210432945,3.930954386942312e-05,51.487043888272076,0.02440137099893036,nan,nan,control-variate,0.002013804328298143,1.0195548226373921e-05,197.51800330744538,14.865339850302085,5.43947640572759e-06
C,KL,uniform,shared,g4,8,0.125,200000,0.9815851315273075,0.9802728460420577,0.00131228548524981,0.00131228548524981,2.5216494582891576e-05,52.04075772451518,0.02440137099893036,nan,nan,control-variate,0.0013201849617505757,7.179220545899619e-06,183.88973472957224,12.337149789118634,8.199805001465914e-06
C,IF,fixed,shared,g1,8,0.125,200000,0.018938118231350297,0.02,-0.0010618817686497053,0.0010618817686497053,4.185104356646265e-05,25.372886268973343,0.029685355999390595,nan,nan,control-variate,-0.001049106588343823,9.907640754876658e-06,105.8886383044763,17.843172806514346,6.096554185222501e-06
C,IF,fixed,shared,g2,8,0.125,200000,0.00024199255963846804,0.0002876549773947922,-4.566241775632417e-05,4.566241775632417e-05,2.115660233378303e-06,21.5830581091984,0.029685355999390595,nan,nan,control-variate,-4.4836116833116595e-05,9.317458495471059e-07,48.12054365995846,5.155810091836936,6.599003120866025e-07
C,IF,fixed,shared,g3,8,0.125,200000,0.9814099186000605,0.9803886927719344,0.00102122582812618,0.00102122582812618,4.0350631169247094e-05,25.30879439884695,0.029685355999390595,nan,nan,control-variate,0.0010091689253990737,9.441640100933063e-06,106.88491772730707,18.264415611850005,5.749539849646027e-06
C,IF,fixed,shared,g4,8,0.125,200000,0.9807889687334798,0.9802728460420577,0.0005161226914220643,0.0005161226914220643,2.578523885655295e-05,20.01620750125024,0.029685355999390595,nan,nan,control-variate,0.0005219263898247634,6.7969417944399945e-06,76.78841537994447,14.391803338084472,8.242739539454594e-06
C,BLT,fixed,shared,g1,8,0.125,200000,0.018944594367655693,0.02,-0.0010554056323443062,0.0010554056323443062,3.9159692475260966e-05,26.951325856582145,0.03583252299904416,nan,nan,control-variate,-0.0010410181312869827,9.437097030760928e-06,110.31126710827553,17.218753322754914,6.9369478327170425e-06
C,BLT,fixed,shared,g2,8,0.125,200000,0.0002117885271725641,0.0002876549773947922,-7.586645022222812e-05,7.586645022222812e-05,1.8665971170288454e-06,40.64425554400753,0.03583252299904416,nan,nan,control-variate,-7.508636843931994e-05,8.580462265080705e-07,87.50853522763403,4.732382176320627,6.745394986507327e-07
C,BLT,fixed,shared,g3,8,0.125,200000,0.98138251279064,0.9803886927719344,0.0009938200187056367,0.0009938200187056367,3.7789295380912716e-05,26.298982521055763,0.03583252299904416,nan,nan,control-variate,0.0009801421545116392,8.98321971905262e-06,109.10811325619075,17.695936205721463,6.601575860577658e-06
C,BLT,fixed,shared,g4,8,0.125,200000,0.9809150672689058,0.9802728460420577,0.0006422212268481425,0.0006422212268481425,2.402782489661259e-05,26.72822985898661,0.03583252299904416,nan,nan,control-variate,0.0006458843639676945,7.741891342874878e-06,83.42720600982389,9.632405860777324,9.420508326747775e-06
C,KLM,implicit,own,g1,8,0.125,200000,0.020007365797649442,0.02,7.365797649440866e-06,7.365797649440866e-06,4.468351162904247e-05,0.16484375065663812,6.753333827999995,86.43555,0.06040367649653412,control-variate,-2.2674796364530293e-05,4.117791656188263e-06,5.50654288942821,117.7513390333651,nan
C,KLM,implicit,own,g2,8,0.125,200000,0.00029307677902640575,0.0002876549773947922,5.4218016316135475e-06,5.4218016316135475e-06,2.5097311443167194e-06,2.1603117305577553,6.753333827999995,86.43555,0.06040367649653412,control-variate,6.186166607945109e-06,5.84798950684683e-07,10.57827925426737,18.417947501480764,nan
C,KLM,implicit,own,g3,8,0.125,200000,0.9803846631074844,0.9803886927719344,-4.029664450018633e-06,4.029664450018633e-06,4.2974390434979715e-05,0.09376897285176199,6.753333827999995,86.43555,0.06040367649653412,control-variate,2.587481026163179e-05,3.838722704219572e-06,6.740473916803076,125.32738201460494,nan
C,FTE,fixed,shared,g1,16,0.0625,200000,0.02002690859962403,0.02,2.690859962402879e-05,2.690859962402879e-05,4.5622238380003655e-05,0.5898132266088658,0.07378385299853107,nan,nan,control-variate,2.1459744259201952e-05,4.54582634815157e-06,4.720757595135138,100.72273169785643,5.237151552247035e-06
C,FTE,fixed,shared,g2,16,0.0625,200000,0.00030330164790072533,0.0002876549773947922,1.564667050593312e-05,1.564667050593312e-05,2.54063446525955e-06,6.158568152910051,0.07378385299853107,nan,nan,control-variate,1.6822620753974257e-05,6.560167518317657e-07,25.643584111230723,14.998730837533207,7.007275252541727e-07
C,FTE,fixed,shared,g3,16,0.0625,200000,0.9803737491915093,0.9803886927719344,-1.4943580425062276e-05,1.4943580425062276e-05,4.389010869733477e-05,0.340477179678749,0.07378385299853107,nan,nan,control-variate,-9.010048384528062e-06,4.427050407674211e-06,2.0352260658494665,98.28887829923265,4.8432078357265605e-06
C,FTE,fixed,shared,g4,16,0.0625,200000,0.9802278521580566,0.9802728460420577,-4.4993884001066305e-05,4.4993884001066305e-05,2.7582880966371922e-05,1.6312249636258542,0.07378385299853107,nan,nan,control-variate,-5.8443630406659616e-05,1.009698428805013e-06,57.88226339604011,746.2698388190233,1.2828287314790814e-06
C,HH,fixed,shared,g1,16,0.0625,200000,0.0204169770358797,0.02,0.0004169770358797007,0.0004169770358797007,4.626780033693209e-05,9.012251130228455,0.07874032799918496,nan,nan,control-variate,0.0004198541758273963,9.382004037871479e-06,44.75101205804318,24.320162614955873,8.18928728270672e-06
C,HH,fixed,shared,g2,16,0.0625,200000,0.000325957730327845,0.0002876549773947922,3.8302752933052827e-05,3.8302752933052827e-05,2.847761495270776e-06,13.450126703609657,0.07874032799918496,nan,nan,control-variate,4.03180195933807e-05,9.87898822346651e-07,40.81189154331557,8.309641580495764,1.062155651464671e-06
C,HH,fixed,shared,g3,16,0.0625,200000,0.9799968219722254,0.9803886927719344,-0.0003918707997089895,0.0003918707997089895,4.438963445685154e-05,8.827979876471009,0.07874032799918496,nan,nan,control-variate,-0.00039364904943812865,8.903761758929597e-06,44.21154340111778,24.855132092203892,7.64366687764724e-06
C,HH,fixed,shared,g4,16,0.0625,200000,0.9800667244095415,0.9802728460420577,-0.00020612163251619594,0.00020612163251619594,2.7744685772066538e-05,7.429229302128916,0.07874032799918496,nan,nan,control-variate,-0.00021822987684199865,5.1809073890874e-06,42.12194128419639,28.67794071852876,5.7527075159791915e-06
C,ProjEuler,fixed,shared,g1,16,0.0625,200000,0.02074372972491898,0.02,0.0007437297249189812,0.0007437297249189812,4.550439440461874e-05,16.344129718678158,0.0686121920007281,nan,nan,control-variate,0.0007458988333476134,9.124302838886053e-06,81.74858359246184,24.871804502098954,8.095310548001805e-06
C,ProjEuler,fixed,shared,g2,16,0.0625,200000,0.0003145893916806,0.0002876549773947922,2.693441428580778e-05,2.693441428580778e-05,2.630542306505422e-06,10.239110855278033,0.0686121920007281,nan,nan,control-variate,2.8864965169037147e-05,8.973777148114064e-07,32.1659037132468,8.592905215765887,9.412936901500862e-07
C,ProjEuler,fixed,shared,g3,16,0.0625,200000,0.979670142714851,0.9803886927719344,-0.0007185500570834145,0.0007185500570834145,4.372373371013395e-05,16.43386774439335,0.0686121920007281,nan,nan,control-variate,-0.0007196780320041069,8.680613090178973e-06,82.90635978446413,25.37077200438538,7.615328684634663e-06
C,ProjEuler,fixed,shared,g4,16,0.0625,200000,0.9798868550974313,0.9802728460420577,-0.0003859909446263348,0.0003859909446263348,2.723761550895248e-05,14.171245808924315,0.0686121920007281,nan,nan,control-variate,-0.0003978481046485456,5.372525835110497e-06,74.05233904107658,25.702841899938992,5.704979936674803e-06
C,KL,uniform,shared,g1,16,0.0625,200000,0.01893246430944337,0.02,-0.0010675356905566309,0.0010675356905566309,4.243840453779614e-05,25.154944022598,0.0572586139996929,nan,nan,control-variate,-0.0010670663200754481,7.758832827696195e-06,137.5292320085067,29.917500530478332,6.907044726013692e-06
C,KL,uniform,shared,g2,16,0.0625,200000,0.00024812634114532563,0.0002876549773947922,-3.952863624946657e-05,3.952863624946657e-05,2.1565894087204565e-06,18.32923601016831,0.0572586139996929,nan,nan,control-variate,-3.794082267124457e-05,7.18569305673147e-07,52.80050563209358,9.007361894695592,6.768387511143921e-07
C,KL,uniform,shared,g3,16,0.0625,200000,0.981420263964795,0.9803886927719344,0.001031571192860528,0.001031571192860528,4.0915865853388984e-05,25.212009359813774,0.0572586139996929,nan,nan,control-variate,0.001031938690627094,7.41177892948026e-06,139.22955614914125,30.474639566369206,6.566928485924856e-06
C,KL,uniform,shared,g4,16,0.0625,200000,0.9809615647284947,0.9802728460420577,0.0006887186864370608,0.0006887186864370608,2.606493523306108e-05,26.423188098448897,0.0572586139996929,nan,nan,control-variate,0.0006771289161369757,4.938959493754016e-06,137.0995079010664,27.851101210021348,4.9586886478907674e-06
C,IF,fixed,shared,g1,16,0.0625,200000,0.019364244740473813,0.02,-0.0006357552595261884,0.0006357552595261884,4.299806069964774e-05,14.785672869460292,0.06969135599865695,nan,nan,control-variate,-0.0006372269436740472,7.3590769536974945e-06,86.59060744756567,34.139019855296844,5.916702854447649e-06
C,IF,fixed,shared,g2,16,0.0625,200000,0.0002617459159622684,0.0002876549773947922,-2.5909061432523797e-05,2.5909061432523797e-05,2.2594027035170476e-06,11.467217150883748,0.06969135599865695,nan,nan,control-variate,-2.4355601362142473e-05,7.358668325865508e-07,33.09783820060653,9.427332633350934,7.005534810219523e-07
C,IF,fixed,shared,g3,16,0.0625,200000,0.9810011758291244,0.9803886927719344,0.0006124830571899968,0.0006124830571899968,4.1418497686113284e-05,14.78766955362915,0.06969135599865695,nan,nan,control-variate,0.0006147412759480897,6.996376974665956e-06,87.86565935113019,35.04630860900291,5.575152131747249e-06
C,IF,fixed,shared,g4,16,0.0625,200000,0.9805979217013043,0.9802728460420577,0.00032507565924671714,0.00032507565924671714,2.6380992264744374e-05,12.322343905204395,0.06969135599865695,nan,nan,control-variate,0.0003139291255497414,4.704611845148755e-06,66.72795458640334,31.443773392563404,5.035095727146143e-06
C,BLT,fixed,shared,g1,16,0.0625,200000,0.019461765875069155,0.02,-0.0005382341249308459,0.0005382341249308459,4.162464366436924e-05,12.93066024230197,0.09059346400044888,nan,nan,control-variate,-0.0005387339799281181,7.222481163553771e-06,74.5912613308967,33.21453843147592,4.99590449723678e-06
C,BLT,fixed,shared,g2,16,0.0625,200000,0.00024649798458412157,0.0002876549773947922,-4.115699281067064e-05,4.115699281067064e-05,2.1287105911562785e-06,19.334235936842347,0.09059346400044888,nan,nan,control-variate,-3.957390767394383e-05,7.091603491882647e-07,55.803892193411286,9.010405817728557,6.510857053095582e-07
C,BLT,fixed,shared,g3,16,0.0625,200000,0.9808943089888531,0.9803886927719344,0.0005056162169187286,0.0005056162169187286,4.011143502006674e-05,12.605288658104143,0.09059346400044888,nan,nan,control-variate,0.0005069476099637721,6.8627771764638335e-06,73.86916359493195,34.161474087963626,4.722379999281284e-06
C,BLT,fixed,shared,g4,16,0.0625,200000,0.9806173977846216,0.9802728460420577,0.0003445517425639801,0.0003445517425639801,2.5431349383656268e-05,13.548307538309784,0.09059346400044888,nan,nan,control-variate,0.0003330624163030339,5.118755084930493e-06,65.06707407892256,24.68369137557861,5.82385290087003e-06
C,KLM,implicit,own,g1,16,0.0625,200000,0.019920215247094857,0.02,-7.97847529051448e-05,7.97847529051448e-05,4.4354055461353794e-05,1.7988152847638066,13.203092316000038,172.47279,0.05697904579615138,control-variate,-1.3377935271725635e-05,2.8444977608453194e-06,4.70309221398368,243.13947685348498,nan
C,KLM,implicit,own,g2,16,0.0625,200000,0.0002874282361627639,0.0002876549773947922,-2.267412320283184e-07,2.267412320283184e-07,2.4925988399217283e-06,0.09096579377186842,13.203092316000038,172.47279,0.05697904579615138,control-variate,2.6754406890654265e-06,4.059286867235601e-07,6.59091307554575,37.70555083232256,nan
C,KLM,implicit,own,g3,16,0.0625,200000,0.9804672690663647,0.9803886927719344,7.857629443034142e-05,7.857629443034142e-05,4.2661377537898835e-05,1.8418602249900877,13.203092316000038,172.47279,0.05697904579615138,control-variate,1.4757641759968112e-05,2.6509872119781693e-06,5.566847585415528,258.9729977129033,nan
C,FTE,fixed,shared,g1,32,0.03125,200000,0.020035901428877297,0.02,3.5901428877296836e-05,3.5901428877296836e-05,4.5227605173177323e-05,0.7937946026509609,0.16655143499974656,nan,nan,control-variate,8.33163888141224e-06,2.2676366881511647e-06,3.674150680727052,397.79583784190834,2.1900524797915477e-06
C,FTE,fixed,shared,g2,32,0.03125,200000,0.00029987184476022114,0.0002876549773947922,1.2216867365428943e-05,1.2216867365428943e-05,2.608548361825164e-06,4.6833969207613135,0.16655143499974656,nan,nan,control-variate,8.686364443285357e-06,4.446735635454365e-07,19.534249740479094,34.41241598109418,5.390645723817034e-07
C,FTE,fixed,shared,g3,32,0.03125,200000,0.9803613858684559,0.9803886927719344,-2.730690347850751e-05,2.730690347850751e-05,4.348553398406287e-05,0.6279537348791736,0.16655143499974656,nan,nan,control-variate,-1.9118958525072394e-06,2.2155874497138668e-06,0.8629295371546504,385.2226566531665,1.988455423753597e-06
C,FTE,fixed,shared,g4,32,0.03125,200000,0.9802001795785086,0.9802728460420577,-7.266646354913615e-05,7.266646354913615e-05,2.728710682405242e-05,2.6630329121255087,0.16655143499974656,nan,nan,control-variate,-1.4208746564615126e-05,4.789795244583384e-07,29.664622053903692,3245.496052222779,3.581131867506551e-07
C,HH,fixed,shared,g1,32,0.03125,200000,0.020235761336796023,0.02,0.00023576133679602206,0.00023576133679602206,4.551661629091126e-05,5.179676259087361,0.17569705699861515,nan,nan,control-variate,0.00019635905894252066,6.16992338016696e-06,31.825202169237816,54.42273914774535,1.1452830373079958e-05
C,HH,fixed,shared,g2,32,0.03125,200000,0.000310740247497126,0.0002876549773947922,2.3085270102333783e-05,2.3085270102333783e-05,2.7636055524601434e-06,8.353315863685188,0.17569705699861515,nan,nan,control-variate,1.959503120025443e-05,6.461250231826348e-07,30.326996319899017,18.294434587918406,8.654126789426598e-07
C,HH,fixed,shared,g3,32,0.03125,200000,0.9801678435877204,0.9803886927719344,-0.000220849184214023,0.000220849184214023,4.3701872038927025e-05,5.053540590144599,0.17569705699861515,nan,nan,control-variate,-0.00018374678108824054,5.859060872834396e-06,31.361131941841503,55.634483671898046,1.0868250611336618e-05
C,HH,fixed,shared,g4,32,0.03125,200000,0.9801117872753667,0.9802728460420577,-0.00016105876669087737,0.00016105876669087737,2.7365385927814086e-05,5.885492246143614,0.17569705699861515,nan,nan,control-variate,-9.918242923211796e-05,3.503906722130768e-06,28.30624131792068,60.99554021610154,4.981795161045065e-06
C,ProjEuler,fixed,shared,g1,32,0.03125,200000,0.0204399202975146,0.02,0.00043992029751460123,0.00043992029751460123,4.5120990564606396e-05,9.74979254687909,0.15018449399940437,nan,nan,control-variate,0.00040095081811602015,6.0745677081986745e-06,66.00483151663089,55.17298695806582,1.0848428812746583e-05
C,ProjEuler,fixed,shared,g2,32,0.03125,200000,0.0003053925201995574,0.0002876549773947922,1.773754280476519e-05,1.773754280476519e-05,2.6493863133630627e-06,6.69496279772413,0.15018449399940437,nan,nan,control-variate,1.434757134038443e-05,6.126848689526471e-07,23.417538227948828,18.698908947734473,8.045565060313075e-07
C,ProjEuler,fixed,shared,g3,32,0.03125,200000,0.9799644201127667,0.9803886927719344,-0.0004242726591676654,0.0004242726591676654,4.3355828927137916e-05,9.785827411596285,0.15018449399940437,nan,nan,control-variate,-0.0003875574219652351,5.77659306623436e-06,67.09100286648297,56.331515942870325,1.0292492033686802e-05
C,ProjEuler,fixed,shared,g4,32,0.03125,200000,0.9799999179371888,0.9802728460420577,-0.00027292810486888926,0.00027292810486888926,2.7084052535384405e-05,10.077077812203985,0.15018449399940437,nan,nan,control-variate,-0.00021096779699449216,3.5857555605181747e-06,58.8349633526066,57.051351104918304,4.993435498746089e-06
C,KL,uniform,shared,g1,32,0.03125,200000,0.019500627729170803,0.02,-0.0004993722708291961,0.0004993722708291961,4.35978207000687e-05,11.45406496954581,0.12709690300107468,nan,nan,control-variate,-0.0005367411865838312,5.553615251142064e-06,96.64716807190665,61.62798724408613,9.63843585321442e-06
C,KL,uniform,shared,g2,32,0.03125,200000,0.000271323534541815,0.0002876549773947922,-1.633144285297719e-05,1.633144285297719e-05,2.4003196471010484e-06,6.803861674298777,0.12709690300107468,nan,nan,control-variate,-1.954205230289219e-05,5.469878581250928e-07,35.7266656153509,19.256740929504705,6.465684041552746e-07
C,KL,uniform,shared,g3,32,0.03125,200000,0.9808723491912626,0.9803886927719344,0.00048365641932826667,0.00048365641932826667,4.196570224731474e-05,11.525040531383326,0.12709690300107468,nan,nan,control-variate,0.0005188706988150075,5.290079618018736e-06,98.08372203844775,62.93099132175782,9.188591407355972e-06
C,KL,uniform,shared,g4,32,0.03125,200000,0.9805518157055348,0.9802728460420577,0.0002789696634771584,0.0002789696634771584,2.652727889281244e-05,10.516331682732268,0.12709690300107468,nan,nan,control-variate,0.0003404187782912227,3.4186899140932075e-06,99.57579857941496,60.20963372483026,4.343083126212243e-06
C,IF,fixed,shared,g1,32,0.03125,200000,0.01967357508150176,0.02,-0.0003264249184982432,0.0003264249184982432,4.387875079593775e-05,7.439248214159808,0.15178692899917223,nan,nan,control-variate,-0.0003643175111100151,5.362999069114821e-06,67.93167524643013,66.9411342465542,9.339523705069724e-06
C,IF,fixed,shared,g2,32,0.03125,200000,0.0002778822943509601,0.0002876549773947922,-9.7726830438321e-06,9.7726830438321e-06,2.4524713741642727e-06,3.9848306270903295,0.15178692899917223,nan,nan,control-variate,-1.300906953699705e-05,5.524219233084664e-07,23.549155071698568,19.709067761029385,6.732100892600618e-07
C,IF,fixed,shared,g3,32,0.03125,200000,0.9807050727460063,0.9803886927719344,0.0003163799740718076,0.0003163799740718076,4.221838231328992e-05,7.493891445769924,0.15178692899917223,nan,nan,control-variate,0.00035209587921678474,5.093311590954131e-06,69.1290671951265,68.70726886558266,8.874085166898682e-06
C,IF,fixed,shared,g4,32,0.03125,200000,0.980389433675369,0.9802728460420577,0.00011658763331135761,0.00011658763331135761,2.670921366517413e-05,4.365071722922904,0.15178692899917223,nan,nan,control-variate,0.00017867727283903725,3.3017106356547415e-06,54.11657548348566,65.44013509724851,4.017366211020894e-06
C,BLT,fixed,shared,g1,32,0.03125,200000,0.019767477391733058,0.02,-0.00023252260826694311,0.00023252260826694311,4.318131976476759e-05,5.38479623905943,0.19870627600175794,nan,nan,control-variate,-0.00027152944780015737,5.328891036640495e-06,50.954212787082675,65.66261029703423,8.901700439976002e-06
C,BLT,fixed,shared,g2,32,0.03125,200000,0.0002703952336717997,0.0002876549773947922,-1.7259743722992488e-05,1.7259743722992488e-05,2.3844560161230153e-06,7.238440804228301,0.19870627600175794,nan,nan,control-variate,-2.0466019792552177e-05,5.432290072209137e-07,37.67475506739519,19.26693920994962,6.332896861306598e-07
C,BLT,fixed,shared,g3,32,0.03125,200000,0.9806071418970121,0.9803886927719344,0.0002184491250777339,0.0002184491250777339,4.1554425884064325e-05,5.256940035393602,0.19870627600175794,nan,nan,control-variate,0.0002552860572215753,5.0596500291584815e-06,50.455279663687406,67.45181133530193,8.472831491503952e-06
C,BLT,fixed,shared,g4,32,0.03125,200000,0.980378663720406,0.9802728460420577,0.00010581767834833892,0.00010581767834833892,2.6200559762529423e-05,4.03875639709322,0.19870627600175794,nan,nan,control-variate,0.00016767197102194502,3.4735773009768707e-06,48.27068940564265,56.89409631220358,3.7707592726794378e-06
C,KLM,implicit,own,g1,32,0.03125,200000,0.01998648534978157,0.02,-1.351465021843028e-05,1.351465021843028e-05,4.424643529915107e-05,0.3054404298799993,26.211942123999506,343.13796,0.05419119178769962,control-variate,-3.2082328142969726e-06,1.987102417741574e-06,1.6145281620376994,495.8109018194536,nan
C,KLM,implicit,own,g2,32,0.03125,200000,0.00028621187515831965,0.0002876549773947922,-1.443102236472569e-06,1.443102236472569e-06,2.425951247080262e-06,0.5948603617691846,26.211942123999506,343.13796,0.05419119178769962,control-variate,1.243052228485115e-06,2.8817525685892923e-07,4.31352865625666,70.86809519093005,nan
C,KLM,implicit,own,g3,32,0.03125,200000,0.9804014337180008,0.9803886927719344,1.2740946066392929e-05,1.2740946066392929e-05,4.257498286009398e-05,0.2992589828693781,26.211942123999506,343.13796,0.05419119178769962,control-variate,3.951179653162903e-06,1.851013654054899e-06,2.1346031913418373,529.0414729943378,nan
C,FTE,fixed,shared,g1,64,0.015625,200000,0.019981087038672858,0.02,-1.8912961327143555e-05,1.8912961327143555e-05,4.468746927764411e-05,0.4232273975873854,0.3653078399984224,nan,nan,control-variate,1.746620625982821e-06,1.1164904960159717e-06,1.564384678790705,1601.9961205556137,1.021574324733538e-06
C,FTE,fixed,shared,g2,64,0.015625,200000,0.00029193379815534187,0.0002876549773947922,4.278820760549679e-06,4.278820760549679e-06,2.516694966706643e-06,1.7001745611423704,0.3653078399984224,nan,nan,control-variate,3.835400748429467e-06,3.0001375755204506e-07,12.784082902478627,70.36858536047343,2.2659902197439293e-07
C,FTE,fixed,shared,g3,64,0.015625,200000,0.9804104702242483,0.9803886927719344,2.177745231387676e-05,2.177745231387676e-05,4.298262437068443e-05,0.5066571116288028,0.3653078399984224,nan,nan,control-variate,1.2145739142637402e-06,1.0959921977150918e-06,1.1081957670828915,1538.0516929459075,9.549507455709755e-07
C,FTE,fixed,shared,g4,64,0.015625,200000,0.9802872269233801,0.9802728460420577,1.4380881322448285e-05,1.4380881322448285e-05,2.6981670221978164e-05,0.5329870687817616,0.3653078399984224,nan,nan,control-variate,-3.020075980058046e-06,2.3471513359122844e-07,12.866984475392641,13214.644227958339,2.459487519160895e-07
C,HH,fixed,shared,g1,64,0.015625,200000,0.02006694831662013,0.02,6.694831662013e-05,6.694831662013e-05,4.482498412526668e-05,1.493549142885094,0.37461722400075814,nan,nan,control-variate,9.076016050510051e-05,4.161902798513471e-06,21.807371507455148,115.99958161287189,4.060847428869406e-06
C,HH,fixed,shared,g2,64,0.015625,200000,0.00029711954039370747,0.0002876549773947922,9.464562998915294e-06,9.464562998915294e-06,2.5887609456464346e-06,3.656020466019475,0.37461722400075814,nan,nan,control-variate,8.825396574150197e-06,4.2889655763047827e-07,20.576981598798092,36.43164448011519,3.355220663439951e-07
C,HH,fixed,shared,g3,64,0.015625,200000,0.9803274060729898,0.9803886927719344,-6.128669894456588e-05,6.128669894456588e-05,4.308505979509571e-05,1.4224582543469517,0.37461722400075814,nan,nan,control-variate,-8.505707007592244e-05,3.954238812762789e-06,21.510352334156035,118.7210177035203,3.870461145131305e-06
C,HH,fixed,shared,g4,64,0.015625,200000,0.9802499814242177,0.9802728460420577,-2.286461783992242e-05,2.286461783992242e-05,2.701237357442155e-05,0.8464497863147166,0.37461722400075814,nan,nan,control-variate,-4.045172030697557e-05,2.419024345190042e-06,16.72232873034505,124.6938448315077,1.7228669950524867e-06
C,ProjEuler,fixed,shared,g1,64,0.015625,200000,0.020189612129281498,0.02,0.00018961212928149819,0.00018961212928149819,4.462659737388366e-05,4.248859210414793,0.3314597419994243,nan,nan,control-variate,0.0002134677168863889,4.131057527597886e-06,51.67386691187412,116.69844350308823,3.8416772649581684e-06
C,ProjEuler,fixed,shared,g2,64,0.015625,200000,0.0002947633401769907,0.0002876549773947922,7.108362782198519e-06,7.108362782198519e-06,2.5356066723983176e-06,2.8034169729783187,0.3314597419994243,nan,nan,control-variate,6.496874813609667e-06,4.172682277571849e-07,15.570020388397037,36.92607413724361,3.0408292192173116e-07
C,ProjEuler,fixed,shared,g3,64,0.015625,200000,0.9802055096726597,0.9803886927719344,-0.0001831830992747281,0.0001831830992747281,4.290993521575334e-05,4.269013652751377,0.3314597419994243,nan,nan,control-variate,-0.0002069815825410419,3.927985049666935e-06,52.694086134210835,119.3372608903281,3.673007019549453e-06
C,ProjEuler,fixed,shared,g4,64,0.015625,200000,0.980183379666917,0.9802728460420577,-8.946637514057404e-05,8.946637514057404e-05,2.685865549558604e-05,3.3310072112610767,0.3314597419994243,nan,nan,control-variate,-0.00010718225647694366,2.4533618347258563e-06,43.687912218998235,119.85201157256269,1.5544079417801125e-06
C,KL,uniform,shared,g1,64,0.015625,200000,0.019702796323919566,0.02,-0.00029720367608043324,0.00029720367608043324,4.38843654875286e-05,6.77242732756145,0.2882302379985049,nan,nan,control-variate,-0.0002742111375540167,3.933024502067628e-06,69.72017016671553,124.49913750742658,2.8981539339016794e-06
C,KL,uniform,shared,g2,64,0.015625,200000,0.00027778195123976155,0.0002876549773947922,-9.873026155030626e-06,9.873026155030626e-06,2.413789237581812e-06,4.090260243649791,0.2882302379985049,nan,nan,control-variate,-1.047720114939649e-05,3.938786957289618e-07,26.600070689291925,37.55551404648097,2.6075128915347387e-07
C,KL,uniform,shared,g3,64,0.015625,200000,0.9806764967991928,0.9803886927719344,0.0002878040272583814,0.0002878040272583814,4.223349853864098e-05,6.814591194595421,0.2882302379985049,nan,nan,control-variate,0.0002648590487796601,3.742057245125655e-06,70.77899439530523,127.37765932997124,2.7667551922278743e-06
C,KL,uniform,shared,g4,64,0.015625,200000,0.9804655019563038,0.9802728460420577,0.00019265591424610633,0.00019265591424610633,2.6596632209034497e-05,7.243620648356519,0.2882302379985049,nan,nan,control-variate,0.00017519879711486522,2.3860622271882016e-06,73.42591283603029,124.24810225378894,1.1390261627823093e-06
C,IF,fixed,shared,g1,64,0.015625,200000,0.019767054670023935,0.02,-0.00023294532997606603,0.00023294532997606603,4.402712789853221e-05,5.290949945972561,0.32797222299814166,nan,nan,control-variate,-0.00021011878893128862,3.849541494897985e-06,54.5828092020234,130.8045044625797,2.5183726083119326e-06
C,IF,fixed,shared,g2,64,0.015625,200000,0.00028083462802889645,0.0002876549773947922,-6.8203493658957416e-06,6.8203493658957416e-06,2.4390446832358058e-06,2.7963199742808293,0.32797222299814166,nan,nan,control-variate,-7.453859513483101e-06,3.9569724109495327e-07,18.837279463604954,37.993864433349245,2.6978562126747726e-07
C,IF,fixed,shared,g3,64,0.015625,200000,0.9806146808141386,0.9803886927719344,0.00022598804220423673,0.00022598804220423673,4.236269414183958e-05,5.334600331309884,0.32797222299814166,nan,nan,control-variate,0.00020318880344630778,3.656265993857848e-06,55.57276297393136,134.2429780283627,2.3928110799816615e-06
C,IF,fixed,shared,g4,64,0.015625,200000,0.980395096608365,0.9802728460420577,0.0001222505663073678,0.0001222505663073678,2.6701185014848454e-05,4.578469691116128,0.32797222299814166,nan,nan,control-variate,0.00010478842438111711,2.332110434701768e-06,44.93287402769052,131.0879729210545,1.08241940148983e-06
C,BLT,fixed,shared,g1,64,0.015625,200000,0.01983754035905044,0.02,-0.0001624596409495595,0.0001624596409495595,4.3673008489500756e-05,3.7199095406632163,0.4361178169992854,nan,nan,control-variate,-0.00013905756800815111,3.842154266420432e-06,36.192604035575336,129.2041977046445,3.0549733995313634e-06
C,BLT,fixed,shared,g2,64,0.015625,200000,0.0002773084617278479,0.0002876549773947922,-1.0346515666944294e-05,1.0346515666944294e-05,2.4058251006411873e-06,4.300610075182439,0.4361178169992854,nan,nan,control-variate,-1.0951807285249246e-05,3.924990309073323e-07,27.902762613023956,37.57084179575529,2.6262592081975276e-07
C,BLT,fixed,shared,g3,64,0.015625,200000,0.9805425750479779,0.9803886927719344,0.0001538822760434997,0.0001538822760434997,4.202476817215363e-05,3.661704340952555,0.4361178169992854,nan,nan,control-variate,0.00013052833950807208,3.6487650439201065e-06,35.77329258993255,132.65354348669536,2.913001998882739e-06
C,BLT,fixed,shared,g4,64,0.015625,200000,0.9803780569180643,0.9802728460420577,0.00010521087600664346,0.00010521087600664346,2.6431903588585883e-05,3.980450203067356,0.4361178169992854,nan,nan,control-variate,8.766824549822842e-05,2.403382257209796e-06,36.47702950091958,120.95147854555258,1.487967935585169e-06
C,KLM,implicit,own,g1,64,0.015625,200000,0.020006346351117355,0.02,6.346351117354413e-06,6.346351117354413e-06,4.444773558709449e-05,0.14278232700783733,52.52260640500026,686.24584,0.05318252275307053,control-variate,-3.4603379055143852e-06,1.399402167733538e-06,2.4727258434355037,1008.8211911580537,nan
C,KLM,implicit,own,g2,64,0.015625,200000,0.00028997302099335073,0.0002876549773947922,2.3180435985585353e-06,2.3180435985585353e-06,2.517686397261564e-06,0.9207038656918606,52.52260640500026,686.24584,0.05318252275307053,control-variate,6.176959319758098e-07,2.0328488133319444e-07,3.0385729028386237,153.3886078427787,nan
C,KLM,implicit,own,g3,64,0.015625,200000,0.980383624561576,0.9803886927719344,-5.068210358354403e-06,5.068210358354403e-06,4.274650423758024e-05,0.11856432353358916,52.52260640500026,686.24584,0.05318252275307053,control-variate,3.777919033949516e-06,1.3033069784731238e-06,2.8987177206520442,1075.741114245289,nan
C,FTE,fixed,shared,g1,128,0.0078125,200000,0.020021929873080668,0.02,2.192987308066769e-05,2.192987308066769e-05,4.460727909040016e-05,0.4916209535270034,0.7421198190022551,nan,nan,control-variate,8.731097962537899e-07,5.566560897465258e-07,1.5684905138671201,6421.515537000804,5.487051797854272e-07
C,FTE,fixed,shared,g2,128,0.0078125,200000,0.0002918743360943559,0.0002876549773947922,4.219358699563701e-06,4.219358699563701e-06,2.4796721255426696e-06,1.7015792757844168,0.7421198190022551,nan,nan,control-variate,2.3984729702221284e-06,2.0880266983491406e-07,11.486792635929591,141.03159749305863,1.5514717706391405e-07
C,FTE,fixed,shared,g3,128,0.0078125,200000,0.9803697468137654,0.9803886927719344,-1.8945958168962317e-05,1.8945958168962317e-05,4.290710409484588e-05,0.44155760610369776,0.7421198190022551,nan,nan,control-variate,8.705069819798546e-07,5.511289617557985e-07,1.579497798857412,6061.106852813035,5.356240080870364e-07
C,FTE,fixed,shared,g4,128,0.0078125,200000,0.980260442531141,0.9802728460420577,-1.2403510916656111e-05,1.2403510916656111e-05,2.6936666095292165e-05,0.4604694163998241,0.7421198190022551,nan,nan,control-variate,-3.8516007328081333e-07,1.1876865922084277e-07,3.242943684028904,51437.98863655912,1.3279473836092732e-07
C,HH,fixed,shared,g1,128,0.0078125,200000,0.020069829099399385,0.02,6.982909939938411e-05,6.982909939938411e-05,4.468188047448685e-05,1.5628057426825668,0.7481900489992768,nan,nan,control-variate,4.682564400438223e-05,2.8643239162929503e-06,16.347887101045703,243.34287034842333,3.775949338583498e-06
C,HH,fixed,shared,g2,128,0.0078125,200000,0.0002945169661409879,0.0002876549773947922,6.8619887461956715e-06,6.8619887461956715e-06,2.5179647025262725e-06,2.7252124461121485,0.7481900489992768,nan,nan,control-variate,5.043207870916284e-06,2.9653508930958917e-07,17.007120076946656,72.10196371464507,2.4649888842730947e-07
C,HH,fixed,shared,g3,128,0.0078125,200000,0.9803233950320694,0.9803886927719344,-6.5297739865017e-05,6.5297739865017e-05,4.2964137174119175e-05,1.519819648661563,0.7481900489992768,nan,nan,control-variate,-4.359761523273928e-05,2.720328381558872e-06,16.026600144411926,249.44196774497675,3.596153329027795e-06
C,HH,fixed,shared,g4,128,0.0078125,200000,0.9802392260352552,0.9802728460420577,-3.362000680249099e-05,3.362000680249099e-05,2.6962610844461574e-05,1.2469121405354155,0.7481900489992768,nan,nan,control-variate,-2.047877488927577e-05,1.689818067551983e-06,12.118922908040094,254.59155195278507,1.6189046522666924e-06
C,ProjEuler,fixed,shared,g1,128,0.0078125,200000,0.020141831191782273,0.02,0.00014183119178227407,0.00014183119178227407,4.457674814093254e-05,3.1817303346997123,0.6771672020004189,nan,nan,control-variate,0.00011882252106002405,2.8558882815459646e-06,41.606151692916505,243.63200452800922,3.6525775047425884e-06
C,ProjEuler,fixed,shared,g2,128,0.0078125,200000,0.00029342446255265436,0.0002876549773947922,5.769485157862157e-06,5.769485157862157e-06,2.4924679469999053e-06,2.31476804538517,0.6771672020004189,nan,nan,control-variate,3.963271991423785e-06,2.925218807491115e-07,13.548634315061655,72.60097447344818,2.471528116064168e-07
C,ProjEuler,fixed,shared,g3,128,0.0078125,200000,0.9802519356725978,0.9803886927719344,-0.0001367570993366089,0.0001367570993366089,4.2870288697278405e-05,3.1900204895352346,0.6771672020004189,nan,nan,control-variate,-0.00011504564301575691,2.713565488806573e-06,42.396486648403695,249.59288546191266,3.473967335767816e-06
C,ProjEuler,fixed,shared,g4,128,0.0078125,200000,0.9802009625842059,0.9802728460420577,-7.188345785178477e-05,7.188345785178477e-05,2.6877676854164774e-05,2.6744669281432416,0.6771672020004189,nan,nan,control-variate,-5.8784176746902655e-05,1.7046432082309253e-06,34.484739365435146,248.60878519336396,1.6406395858194575e-06
C,KL,uniform,shared,g1,128,0.0078125,200000,0.01988949493494289,0.02,-0.00011050506505711082,0.00011050506505711082,4.421056634550687e-05,2.4995170655248002,0.5948187870008042,nan,nan,control-variate,-0.00013385960828684717,2.7800556398594945e-06,48.14997454281617,252.89787535880996,3.6874603952842116e-06
C,KL,uniform,shared,g2,128,0.0078125,200000,0.0002848087335633955,0.0002876549773947922,-2.846243831396663e-06,2.846243831396663e-06,2.431732847494332e-06,1.1704590964132613,0.5948187870008042,nan,nan,control-variate,-4.6376707166251516e-06,2.841599762691689e-07,16.320633107852405,73.2328450893937,2.4578740742751357e-07
C,KL,uniform,shared,g3,128,0.0078125,200000,0.9804961986211881,0.9803886927719344,0.00010750584925366101,0.00010750584925366101,4.25372100228931e-05,2.527336635284788,0.5948187870008042,nan,nan,control-variate,0.00012956727193043106,2.641965211613874e-06,49.04200530758823,259.2291367642498,3.5100902473082806e-06
C,KL,uniform,shared,g4,128,0.0078125,200000,0.9803459782058148,0.9802728460420577,7.313216375711513e-05,7.313216375711513e-05,2.6753621735101218e-05,2.733542564114393,0.5948187870008042,nan,nan,control-variate,8.634243775315037e-05,1.6778213932648617e-06,51.46104233725211,254.25746313366568,1.693330255782304e-06
C,IF,fixed,shared,g1,128,0.0078125,200000,0.019911203634649786,0.02,-8.879636535021487e-05,8.879636535021487e-05,4.428482709601963e-05,2.00511938677516,0.6885602530001051,nan,nan,control-variate,-0.00011246339003358495,2.747408456030088e-06,40.93435389512149,259.8145362452588,3.780245740050239e-06
C,IF,fixed,shared,g2,128,0.0078125,200000,0.0002862446889210689,0.0002876549773947922,-1.4102884737233057e-06,1.4102884737233057e-06,2.444103154694144e-06,0.5770167560295913,0.6885602530001051,nan,nan,control-variate,-3.22203481788219e-06,2.8474194265202526e-07,11.315631226902683,73.6777196451269,2.4303812057044365e-07
C,IF,fixed,shared,g3,128,0.0078125,200000,0.9804755410988989,0.9803886927719344,8.684832696445363e-05,8.684832696445363e-05,4.2604889704289924e-05,2.038459143240284,0.6885602530001051,nan,nan,control-variate,0.00010921194833604611,2.6084553980850013e-06,41.86843616962901,266.7792580708148,3.6028621641860824e-06
C,IF,fixed,shared,g4,128,0.0078125,200000,0.9803157023349773,0.9802728460420577,4.285629291961518e-05,4.285629291961518e-05,2.6813505877912008e-05,1.598309938086785,0.6885602530001051,nan,nan,control-variate,5.613962544303024e-05,1.6554430952523796e-06,33.91214449112279,262.3485633294706,1.6705825494103418e-06
C,BLT,fixed,shared,g1,128,0.0078125,200000,0.019956812979719643,0.02,-4.318702028035663e-05,4.318702028035663e-05,4.410354931954439e-05,0.9792187011401914,0.8870834729978014,nan,nan,control-variate,-6.655533565521153e-05,2.742795782319899e-06,24.265508968705646,258.5592844544,3.609385637211029e-06
C,BLT,fixed,shared,g2,128,0.0078125,200000,0.00028455559204107424,0.0002876549773947922,-3.0993853537179778e-06,3.0993853537179778e-06,2.4276512603805544e-06,1.276701231474295,0.8870834729978014,nan,nan,control-variate,-4.890225346420396e-06,2.836365776888123e-07,17.24116609454241,73.25683055499181,2.4213753305687013e-07
C,BLT,fixed,shared,g3,128,0.0078125,200000,0.980429281581913,0.9803886927719344,4.058880997862673e-05,4.058880997862673e-05,4.243156860377803e-05,0.9565710463744859,0.8870834729978014,nan,nan,control-variate,6.266387695671637e-05,2.603749155653639e-06,24.066787240487987,265.57053577510203,3.437820711361416e-06
C,BLT,fixed,shared,g4,128,0.0078125,200000,0.9803023125680584,0.9802728460420577,2.9466526000737696e-05,2.9466526000737696e-05,2.6670479036467652e-05,1.104836773289557,0.8870834729978014,nan,nan,control-variate,4.270759967639461e-05,1.6817575884516314e-06,25.394622845564115,251.49817649902198,1.6111358140206454e-06
C,KLM,implicit,own,g1,128,0.0078125,200000,0.020013285126631107,0.02,1.3285126631107795e-05,1.3285126631107795e-05,4.434440985763934e-05,0.2995896590744488,105.15008368000053,1371.124875,0.05280465063402777,control-variate,-2.536369612062821e-06,9.872620412470548e-07,2.569094633537231,2017.4969205797672,nan
C,KLM,implicit,own,g2,128,0.0078125,200000,0.0002882267439408053,0.0002876549773947922,5.71766546013109e-07,5.71766546013109e-07,2.4552773848058355e-06,0.23287248501998667,105.15008368000053,1371.124875,0.05280465063402777,control-variate,3.6935995348201205e-07,1.4318312996390606e-07,2.579633184266339,294.0474541389933,nan
C,KLM,implicit,own,g3,128,0.0078125,200000,0.980375973637977,0.9803886927719344,-1.2719133957450595e-05,1.2719133957450595e-05,4.265951683603855e-05,0.2981546651439224,105.15008368000053,1371.124875,0.05280465063402777,control-variate,2.710912647894722e-06,9.195141058101652e-07,2.9482012627812733,2152.3607946585116,nan
C,FTE,fixed,shared,g1,256,0.00390625,200000,0.02013483740581803,0.02,0.00013483740581802983,0.00013483740581802983,4.4608257001152785e-05,3.022700613802178,1.6564809899991815,nan,nan,control-variate,1.0365095169586348e-06,2.779899195661227e-07,3.7285867004687936,25749.714171551266,3.124586859866833e-07
C,FTE,fixed,shared,g2,256,0.00390625,200000,0.00029317443047712817,0.0002876549773947922,5.51945308233599e-06,5.51945308233599e-06,2.516467320412039e-06,2.193333900093028,1.6564809899991815,nan,nan,control-variate,1.1515759533539808e-06,1.4781799035803752e-07,7.790499319904768,289.81976676961636,1.3347076403833084e-07
C,FTE,fixed,shared,g3,256,0.00390625,200000,0.9802590642328665,0.9803886927719344,-0.00012962853906790881,0.00012962853906790881,4.290157387504382e-05,3.0215334161275313,1.6564809899991815,nan,nan,control-variate,-1.7995871079691786e-07,2.8025366038283165e-07,0.6421279584755144,23433.861701938218,2.7781894131778014e-07
C,FTE,fixed,shared,g4,256,0.00390625,200000,0.9802423413320039,0.9802728460420577,-3.050471005372116e-05,3.050471005372116e-05,2.69395097006326e-05,1.1323409517362093,1.6564809899991815,nan,nan,control-variate,1.8675358659207093e-07,6.131281632605523e-08,3.0459143419368413,193053.1284848545,8.384992235354809e-08
C,HH,fixed,shared,g1,256,0.00390625,200000,0.02015724789409851,0.02,0.00015724789409850856,0.00015724789409850856,4.4635124270330146e-05,3.5229630625904713,1.6410069670018856,nan,nan,control-variate,2.4628526841720076e-05,1.996101781207484e-06,12.338312140988002,500.02087081922326,2.47508121639028e-06
C,HH,fixed,shared,g2,256,0.00390625,200000,0.0002943719699340756,0.0002876549773947922,6.7169925392834015e-06,6.7169925392834015e-06,2.5359581591187154e-06,2.6487000643644927,1.6410069670018856,nan,nan,control-variate,2.4850265175887915e-06,2.0904015588794636e-07,11.887794988637792,147.17184232034708,1.9578416994053078e-07
C,HH,fixed,shared,g3,256,0.00390625,200000,0.9802373078927518,0.9803886927719344,-0.00015138487918261472,0.00015138487918261472,4.2919710565576444e-05,3.5271644936029056,1.6410069670018856,nan,nan,control-variate,-2.302307219121419e-05,1.8949496814476723e-06,12.149701079991425,513.0009918546504,2.357782799447992e-06
C,HH,fixed,shared,g4,256,0.00390625,200000,0.9802329481023832,0.9802728460420577,-3.989793967447424e-05,3.989793967447424e-05,2.694398482098422e-05,1.480773535895157,1.6410069670018856,nan,nan,control-variate,-9.777894187901988e-06,1.1869997215028332e-06,8.237486505491693,515.2552388984858,1.1421122428191442e-06
C,ProjEuler,fixed,shared,g1,256,0.00390625,200000,0.020198488515055978,0.02,0.00019848851505597796,0.00019848851505597796,4.4579478044172106e-05,4.452463863738002,1.559264217998134,nan,nan,control-variate,6.55235130837845e-05,1.9949182207153716e-06,32.84521260239328,499.36691413960017,2.3533437934796145e-06
C,ProjEuler,fixed,shared,g2,256,0.00390625,200000,0.000293869025425853,0.0002876549773947922,6.2140480310607835e-06,6.2140480310607835e-06,2.5228938686970753e-06,2.463063590649562,1.559264217998134,nan,nan,control-variate,1.9805739208227443e-06,2.0753484679740683e-07,9.543331885638262,147.780082642608,1.9232386555352325e-07
C,ProjEuler,fixed,shared,g3,256,0.00390625,200000,0.9801964186890182,0.9803886927719344,-0.00019227408291623118,0.00019227408291623118,4.286966045543267e-05,4.485085276477043,1.559264217998134,nan,nan,control-variate,-6.357293577208884e-05,1.8944013585142833e-06,33.55832463187579,512.1015549278122,2.2386001750564958e-06
C,ProjEuler,fixed,shared,g4,256,0.00390625,200000,0.9802114406014691,0.9802728460420577,-6.140544058854523e-05,6.140544058854523e-05,2.689744863535835e-05,2.282946662376892,1.559264217998134,nan,nan,control-variate,-3.125298134629009e-05,1.1936934878271794e-06,26.18174737903474,507.73432494129037,1.1513452049894748e-06
C,KL,uniform,shared,g1,256,0.00390625,200000,0.020066731315148023,0.02,6.673131514802367e-05,6.673131514802367e-05,4.43990901457119e-05,1.5029883479373198,1.3205164749997493,nan,nan,control-variate,-6.608465674574415e-05,1.9650345808855606e-06,33.6302767333298,510.5141049328359,2.187370923330103e-06
C,KL,uniform,shared,g2,256,0.00390625,200000,0.00028948430676308575,0.0002876549773947922,1.829329368293571e-06,1.829329368293571e-06,2.4918302328309728e-06,0.7341308184608013,1.3205164749997493,nan,nan,control-variate,-2.373817079888379e-06,2.044552613103857e-07,11.610447511471286,148.538939769341,1.8649865976773668e-07
C,KL,uniform,shared,g3,256,0.00390625,200000,0.9803240349491611,0.9803886927719344,-6.465782277329246e-05,6.465782277329246e-05,4.2706072530087866e-05,1.5140194108867973,1.3205164749997493,nan,nan,control-variate,6.391588240082358e-05,1.8659592957736166e-06,34.253631655091596,523.8113868492185,2.0781904393377603e-06
C,KL,uniform,shared,g4,256,0.00390625,200000,0.9802862980354321,0.9802728460420577,1.3451993374385744e-05,1.3451993374385744e-05,2.6838677535368138e-05,0.5012166995433602,1.3205164749997493,nan,nan,control-variate,4.352507913197577e-05,1.1827329012247273e-06,36.80042982393174,514.930798717206,1.1106695023247632e-06
C,IF,fixed,shared,g1,256,0.00390625,200000,0.0200719202521437,0.02,7.192025214369713e-05,7.192025214369713e-05,4.443942947174545e-05,1.6183882871274025,1.5941449330011892,nan,nan,control-variate,-6.0973882753911914e-05,1.951909593941816e-06,31.23806704119795,518.3433747990414,2.222198195811099e-06
C,IF,fixed,shared,g2,256,0.00390625,200000,0.00029016058158237755,0.0002876549773947922,2.5056041875853424e-06,2.5056041875853424e-06,2.497889119727505e-06,1.0030886350386437,1.5941449330011892,nan,nan,control-variate,-1.7080494264116346e-06,2.0466438658290635e-07,8.345611344158943,148.95728787252577,1.8725978625878092e-07
C,IF,fixed,shared,g3,256,0.00390625,200000,0.9803192906884155,0.9803886927719344,-6.94020835189033e-05,6.94020835189033e-05,4.274325206809957e-05,1.623696844786874,1.5941449330011892,nan,nan,control-variate,5.924203197563123e-05,1.852519520863299e-06,31.97916745731437,532.3650518474665,2.11298526472312e-06
C,IF,fixed,shared,g4,256,0.00390625,200000,0.9802736449561792,0.9802728460420577,7.989141215181916e-07,7.989141215181916e-07,2.687224146049153e-05,0.02973008867506575,1.5941449330011892,nan,nan,control-variate,3.096361656972021e-05,1.17352927407481e-06,26.385039771701805,524.3483805569341,1.0859015862475616e-06
C,BLT,fixed,shared,g1,256,0.00390625,200000,0.020100231573703102,0.02,0.00010023157370310035,0.00010023157370310035,4.4345817435752344e-05,2.260226093437438,2.0925855460000093,nan,nan,control-variate,-3.250406587166091e-05,1.950700334000666e-06,16.66276736878326,516.8020323036178,2.206161622511156e-06
C,BLT,fixed,shared,g2,256,0.00390625,200000,0.0002893579918885088,0.0002876549773947922,1.7030144937166172e-06,1.7030144937166172e-06,2.4897440847010264e-06,0.6840118645853189,2.0925855460000093,nan,nan,control-variate,-2.5029580337971848e-06,2.042624052161204e-07,12.253640268011743,148.57048308376102,1.8610710223291978e-07
C,BLT,fixed,shared,g3,256,0.00390625,200000,0.9802907372173583,0.9803886927719344,-9.795555457613041e-05,9.795555457613041e-05,4.2653497439103194e-05,2.296542146771962,2.0925855460000093,nan,nan,control-variate,3.053454646596682e-05,1.8512314590708709e-06,16.49418084181221,530.8695939441379,2.0992601393592634e-06
C,BLT,fixed,shared,g4,256,0.00390625,200000,0.9802643685700897,0.9802728460420577,-8.477471967999158e-06,8.477471967999158e-06,2.679691731162303e-05,0.31635997041801883,2.0925855460000093,nan,nan,control-variate,2.1634001315282728e-05,1.1840342934948002e-06,18.271431354769064,512.2018113367608,1.1476535542453189e-06
C,KLM,implicit,own,g1,256,0.00390625,200000,0.020043960776569076,0.02,4.396077656907672e-05,4.396077656907672e-05,4.4374387072059584e-05,0.9906790711878184,211.709841762,2738.540505,0.05228430061143098,control-variate,-1.9803326737759565e-06,6.975135680827023e-07,2.8391314010126236,4047.2442505312792,nan
C,KLM,implicit,own,g2,256,0.00390625,200000,0.00028902448354225916,0.0002876549773947922,1.369506147466968e-06,1.369506147466968e-06,2.4608722607166527e-06,0.5565124892212575,211.709841762,2738.540505,0.05228430061143098,control-variate,3.378404526658553e-08,1.014371688645282e-07,0.33305390563201687,588.5507301974624,nan
C,KLM,implicit,own,g3,256,0.00390625,200000,0.9803461581247653,0.9803886927719344,-4.253464716908561e-05,4.253464716908561e-05,4.2687173403681306e-05,0.9964268837115708,211.709841762,2738.540505,0.05228430061143098,control-variate,1.979041363086188e-06,6.49461774239488e-07,3.0472022243397188,4320.038401129421,nan
C,FTE,fixed,shared,g1,512,0.001953125,200000,0.01997219759879688,0.02,-2.7802401203119307e-05,2.7802401203119307e-05,4.441629642913088e-05,0.6259504604910017,3.3566493270000137,nan,nan,control-variate,-3.1294056583261825e-08,1.3828882859811933e-07,0.22629489959890664,103159.79965346419,2.128622678606822e-07
C,FTE,fixed,shared,g2,512,0.001953125,200000,0.0002888777959584942,0.0002876549773947922,1.2228185637019973e-06,1.2228185637019973e-06,2.496654042439648e-06,0.4897829426567645,3.3566493270000137,nan,nan,control-variate,4.765293333297847e-07,1.0365480285844875e-07,4.597272101134902,580.1467638379233,1.2466579238086378e-07
C,FTE,fixed,shared,g3,512,0.001953125,200000,0.9804168468892652,0.9803886927719344,2.8154117330804335e-05,2.8154117330804335e-05,4.2721987973322164e-05,0.65900766013944,3.3566493270000137,nan,nan,control-variate,4.111120396236857e-07,1.4440496602778052e-07,2.846938377067976,87526.31602782708,2.1406442229308063e-07
C,FTE,fixed,shared,g4,512,0.001953125,200000,0.9802819446115374,0.9802728460420577,9.098569479722825e-06,9.098569479722825e-06,2.6840145203927292e-05,0.33899106769331144,3.3566493270000137,nan,nan,control-variate,5.5132531692385894e-08,3.2371803037070384e-08,1.7031035197283015,687441.8118271293,4.808115400006291e-08
C,HH,fixed,shared,g1,512,0.001953125,200000,0.019983030828749814,0.02,-1.696917125018574e-05,1.696917125018574e-05,4.443822508678236e-05,0.38185978888776606,3.4043255119995592,nan,nan,control-variate,1.0934420449774246e-05,1.4015515577454917e-06,7.801654094953981,1005.2990032151595,1.7328444224753648e-06
C,HH,fixed,shared,g2,512,0.001953125,200000,0.0002895804597347725,0.0002876549773947922,1.9254823399803043e-06,1.9254823399803043e-06,2.506717835525734e-06,0.7681288706259486,3.4043255119995592,nan,nan,control-variate,1.074770193996217e-06,1.463501948591257e-07,7.343824823948976,293.37580355159287,1.7482543880887388e-07
C,HH,fixed,shared,g3,512,0.001953125,200000,0.9804064042012051,0.9803886927719344,1.7711429270620525e-05,1.7711429270620525e-05,4.2739237892529086e-05,0.4144067639941826,3.4043255119995592,nan,nan,control-variate,-1.0234041670086522e-05,1.330381847715728e-06,7.692559611857619,1032.0504472338218,1.6593936649808176e-06
C,HH,fixed,shared,g4,512,0.001953125,200000,0.9802773653641482,0.9802728460420577,4.519322090592584e-06,4.519322090592584e-06,2.6847455582939018e-05,0.16833334826204224,3.4043255119995592,nan,nan,control-variate,-4.567321221267427e-06,8.34920855442205e-07,5.470364276441993,1033.988351681392,9.358259837507448e-07
C,ProjEuler,fixed,shared,g1,512,0.001953125,200000,0.020006166280328183,0.02,6.166280328181699e-06,6.166280328181699e-06,4.440945870818556e-05,0.13885060767572763,3.1318267389997345,nan,nan,control-variate,3.407161537984481e-05,1.401963487040985e-06,24.30278369927958,1003.407986894125,1.7694303594171153e-06
C,ProjEuler,fixed,shared,g2,512,0.001953125,200000,0.0002893534809635819,0.0002876549773947922,1.6985035687897245e-06,1.6985035687897245e-06,2.500280605060426e-06,0.6793251786827645,3.1318267389997345,nan,nan,control-variate,8.514967114195992e-07,1.4586158627104477e-07,5.837703628406455,293.8296646715926,1.7303283581571935e-07
C,ProjEuler,fixed,shared,g3,512,0.001953125,200000,0.9803834828680914,0.9803886927719344,-5.209903842969821e-06,5.209903842969821e-06,4.271318715795464e-05,0.12197412999651469,3.1318267389997345,nan,nan,control-variate,-3.3154234494369555e-05,1.331021247574323e-06,24.908869452527846,1029.8025921867809,1.6965805434545478e-06
C,ProjEuler,fixed,shared,g4,512,0.001953125,200000,0.980265395619368,0.9802728460420577,-7.450422689709635e-06,7.450422689709635e-06,2.6822422832789725e-05,0.2777684453099324,3.1318267389997345,nan,nan,control-variate,-1.6528590709644185e-05,8.376603983798829e-07,19.731851644905376,1025.3214451847145,9.59019412879287e-07
C,KL,uniform,shared,g1,512,0.001953125,200000,0.019938485641316964,0.02,-6.151435868303711e-05,6.151435868303711e-05,4.432106664641146e-05,1.387925953447642,2.7558899399991788,nan,nan,control-variate,-3.3913856237027175e-05,1.3896879253412092e-06,24.40393675342637,1017.151957791044,1.6591302731328782e-06
C,KL,uniform,shared,g2,512,0.001953125,200000,0.0002871734192826178,0.0002876549773947922,-4.815581121743853e-07,4.815581121743853e-07,2.4848650047045877e-06,0.19379648844611386,2.7558899399991788,nan,nan,control-variate,-1.3332896025210356e-06,1.4480456540609702e-07,9.207510818335685,294.47002316009605,1.6977475158059473e-07
C,KL,uniform,shared,g3,512,0.001953125,200000,0.9804490855027929,0.9803886927719344,6.0392730858425565e-05,6.0392730858425565e-05,4.263317176624982e-05,1.4165666863715485,2.7558899399991788,nan,nan,control-variate,3.2745734238788414e-05,1.3192320703697615e-06,24.821814883267855,1044.3663904365394,1.5827853159552947e-06
C,KL,uniform,shared,g4,512,0.001953125,200000,0.980303790893233,0.9802728460420577,3.094485117542394e-05,3.094485117542394e-05,2.6795273470188846e-05,1.1548623009894532,2.7558899399991788,nan,nan,control-variate,2.1938411161689113e-05,8.329528206348018e-07,26.338119780865412,1034.8456565220538,9.667309511449298e-07
C,IF,fixed,shared,g1,512,0.001953125,200000,0.01993866235328114,0.02,-6.133764671886078e-05,6.133764671886078e-05,4.4342223098666795e-05,1.3832785645946781,3.2459209119997467,nan,nan,control-variate,-3.372923405672504e-05,1.3846241033922221e-06,24.359848982905195,1025.5837958165432,1.5728599774327076e-06
C,IF,fixed,shared,g2,512,0.001953125,200000,0.0002874884797567249,0.0002876549773947922,-1.6649763806730097e-07,1.6649763806730097e-07,2.4878995166124542e-06,0.06692297536759266,3.2459209119997467,nan,nan,control-variate,-1.0256460578042811e-06,1.4487137758308133e-07,7.0797011453562675,294.91746467944404,1.703166476310199e-07
C,IF,fixed,shared,g3,512,0.001953125,200000,0.9804490915819271,0.9803886927719344,6.0398809992609444e-05,6.0398809992609444e-05,4.265278530685136e-05,1.4160578156406476,3.2459209119997467,nan,nan,control-variate,3.273953023398047e-05,1.3140607504758853e-06,24.914776749951546,1053.5712381614785,1.4957548314968863e-06
C,IF,fixed,shared,g4,512,0.001953125,200000,0.9802986844448146,0.9802728460420577,2.5838402756939408e-05,2.5838402756939408e-05,2.6814049775873213e-05,0.9636143355036331,3.2459209119997467,nan,nan,control-variate,1.6854853730284616e-05,8.292683708441696e-07,20.324968759060344,1045.525476881194,9.591218113141131e-07
C,BLT,fixed,shared,g1,512,0.001953125,200000,0.019955379292365034,0.02,-4.462070763496833e-05,4.462070763496833e-05,4.4294323247015926e-05,1.0073685376370298,4.2499966539990055,nan,nan,control-variate,-1.6881067060019596e-05,1.3844714844666283e-06,12.193148973756637,1023.5948945834587,1.7124990176686318e-06
C,BLT,fixed,shared,g2,512,0.001953125,200000,0.0002871102391340543,0.0002876549773947922,-5.447382607379238e-07,5.447382607379238e-07,2.4838355286675826e-06,0.2193133379608837,4.2499966539990055,nan,nan,control-variate,-1.3958713492300666e-06,1.4474195048710955e-07,9.643861676123953,294.4806943188714,1.6927259758278406e-07
C,BLT,fixed,shared,g3,512,0.001953125,200000,0.9804322930754669,0.9803886927719344,4.360030353249958e-05,4.360030353249958e-05,4.260677130943188e-05,1.023318646133784,4.2499966539990055,nan,nan,control-variate,1.5815625746820005e-05,1.3138580796279666e-06,12.037544992148904,1051.6236345209436,1.6371840266920645e-06
C,BLT,fixed,shared,g4,512,0.001953125,200000,0.9802927881549495,0.9802728460420577,1.994211289184708e-05,1.994211289184708e-05,2.6774328702078534e-05,0.7448221433951001,4.2499966539990055,nan,nan,control-variate,1.0937982810353031e-05,8.332518028949323e-07,13.12686365916239,1032.4871555536959,9.839823037659879e-07
C,KLM,implicit,own,g1,512,0.001953125,200000,0.02002844295408086,0.02,2.844295408085967e-05,2.844295408085967e-05,4.4411147607019454e-05,0.6404462756185135,418.49984551000034,5478.56858,0.05204471584802175,control-variate,3.0345190247448255e-07,4.923083204428976e-07,0.6163858904547596,8137.849237968337,nan
C,KLM,implicit,own,g2,512,0.001953125,200000,0.0002895296171225126,0.0002876549773947922,1.8746397277203927e-06,1.8746397277203927e-06,2.505051875614498e-06,0.7483436754221057,418.49984551000034,5478.56858,0.05204471584802175,control-variate,2.3278783828546707e-07,7.211416051015557e-08,3.22804615125048,1206.6806353067775,nan
C,KLM,implicit,own,g3,512,0.001953125,200000,0.9803616541674413,0.9803886927719344,-2.703860449313006e-05,2.703860449313006e-05,4.271263467049733e-05,0.633035276370022,418.49984551000034,5478.56858,0.05204471584802175,control-variate,-1.716366976150567e-07,4.5826601438885057e-07,0.3745350783735373,8687.15201155549,nan
C,FTE,fixed,shared,g1,1024,0.0009765625,200000,0.020054142383256417,0.02,5.41423832564154e-05,5.41423832564154e-05,4.450552283377463e-05,1.21653178772068,6.856764845999351,nan,nan,control-variate,8.593679785430653e-08,6.926027973730038e-08,1.240780403721427,412913.73760135367,6.485735009230977e-08
C,FTE,fixed,shared,g2,1024,0.0009765625,200000,0.00029141316471670406,0.0002876549773947922,3.7581873219118356e-06,3.7581873219118356e-06,2.517280053279854e-06,1.4929555879232266,6.856764845999351,nan,nan,control-variate,3.698771996443711e-07,7.271191273287034e-08,5.086885845009045,1198.5383384226052,7.152549440855256e-08
C,FTE,fixed,shared,g3,1024,0.0009765625,200000,0.9803372655423707,0.9803886927719344,-5.142722956370865e-05,5.142722956370865e-05,4.280024155633397e-05,1.2015640027643253,6.856764845999351,nan,nan,control-variate,1.6799318124731208e-07,7.691833910003431e-08,2.1840458753124214,309622.5936493722,8.875812600583763e-08
C,FTE,fixed,shared,g4,1024,0.0009765625,200000,0.9802464273760045,0.9802728460420577,-2.6418666053096276e-05,2.6418666053096276e-05,2.684850670851513e-05,0.9839901466369998,6.856764845999351,nan,nan,control-variate,6.168567220541243e-08,1.7879966157710564e-08,3.44998819691899,2254794.0821828824,1.7265325852589126e-08
C,HH,fixed,shared,g1,1024,0.0009765625,200000,0.020060177601817473,0.02,6.017760181747342e-05,6.017760181747342e-05,4.451053975043102e-05,1.3519854433329062,6.896109445995535,nan,nan,control-variate,6.282022389242237e-06,9.82709123223726e-07,6.392555274784048,2051.5199543565523,7.372511980394203e-07
C,HH,fixed,shared,g2,1024,0.0009765625,200000,0.0002916961789130974,0.0002876549773947922,4.041201518305204e-06,4.041201518305204e-06,2.5217816341805445e-06,1.6025184193310997,6.896109445995535,nan,nan,control-variate,7.058729420110694e-07,1.0247472251721945e-07,6.888263999860623,605.5938456239286,9.2722648634822e-08
C,HH,fixed,shared,g3,1024,0.0009765625,200000,0.9803313874999238,0.9803886927719344,-5.730527201061336e-05,5.730527201061336e-05,4.280325117094138e-05,1.3388065262088602,6.896109445995535,nan,nan,control-variate,-5.8328822512429805e-06,9.326745994628816e-07,6.25393063626058,2106.1690017179844,6.954468043800421e-07
C,HH,fixed,shared,g4,1024,0.0009765625,200000,0.9802444175340969,0.9802728460420577,-2.8428507960771525e-05,2.8428507960771525e-05,2.6850501403869862e-05,1.0587700964375373,6.896109445995535,nan,nan,control-variate,-1.8832775178229896e-06,5.887618464581515e-07,3.198708491646207,2079.8187199826784,4.5738869540123207e-07
C,ProjEuler,fixed,shared,g1,1024,0.0009765625,200000,0.020073059962336846,0.02,7.305996233684532e-05,7.305996233684532e-05,4.449526756477598e-05,1.6419715249601547,6.437703823999982,nan,nan,control-variate,1.9132176008022822e-05,9.831763538584925e-07,19.459556704082914,2048.164316740282,7.493778318429991e-07
C,ProjEuler,fixed,shared,g2,1024,0.0009765625,200000,0.00029159124233299797,0.0002876549773947922,3.936264938205745e-06,3.936264938205745e-06,2.5185528345581394e-06,1.5629074300902375,6.437703823999982,nan,nan,control-variate,6.022177043190797e-07,1.0233720173304346e-07,5.884641109203114,605.6685969623592,9.327567336457482e-08
C,ProjEuler,fixed,shared,g3,1024,0.0009765625,200000,0.9803186310500456,0.9803886927719344,-7.006172188883673e-05,7.006172188883673e-05,4.278932594049671e-05,1.6373644676306727,6.437703823999982,nan,nan,control-variate,-1.8556842826554292e-05,9.332250901890933e-07,19.884637716710166,2102.3163952486457,7.065642028972147e-07
C,ProjEuler,fixed,shared,g4,1024,0.0009765625,200000,0.9802378481266784,0.9802728460420577,-3.499791537935193e-05,3.499791537935193e-05,2.6837006705037574e-05,1.3040916136441727,6.437703823999982,nan,nan,control-variate,-8.446189163812252e-06,5.899040724345926e-07,14.3179027887602,2069.690282831701,4.586242676061787e-07
C,KL,uniform,shared,g1,1024,0.0009765625,200000,0.020037790159973895,0.02,3.779015997389476e-05,3.779015997389476e-05,4.4451464272561414e-05,0.8501443224047295,5.585483393002505,nan,nan,control-variate,-1.6058152855789594e-05,9.784243945843327e-07,16.41225724202393,2064.0375730319574,7.42889486660506e-07
C,KL,uniform,shared,g2,1024,0.0009765625,200000,0.0002904781207941181,0.0002876549773947922,2.823143399325861e-06,2.823143399325861e-06,2.510763746540989e-06,1.1244161873912784,5.585483393002505,nan,nan,control-variate,-5.041342561067208e-07,1.0200164735606054e-07,4.94241288424414,605.8949415475453,9.381260361857045e-08
C,KL,uniform,shared,g3,1024,0.0009765625,200000,0.9803528335556505,0.9803886927719344,-3.585921628387923e-05,3.585921628387923e-05,4.274977529996719e-05,0.8388164857537099,5.585483393002505,nan,nan,control-variate,1.5570639756781583e-05,9.286136442218555e-07,16.76761897013608,2119.32495352921,6.983624541284505e-07
C,KL,uniform,shared,g4,1024,0.0009765625,200000,0.9802576470280657,0.9802728460420577,-1.5199013991970051e-05,1.5199013991970051e-05,2.6824310635041506e-05,0.566613405233798,5.585483393002505,nan,nan,control-variate,1.1319894343445209e-05,5.88077072612834e-07,19.248997913063967,2080.600237474213,4.5481153727506516e-07
C,IF,fixed,shared,g1,1024,0.0009765625,200000,0.020036591774021867,0.02,3.659177402186626e-05,3.659177402186626e-05,4.4462669625531737e-05,0.8229774399523283,6.64210071299749,nan,nan,control-variate,-1.7286238396806585e-05,9.76754721716645e-07,17.697624605720918,2072.1444713044657,7.449695569965038e-07
C,IF,fixed,shared,g2,1024,0.0009765625,200000,0.00029062392383234905,0.0002876549773947922,2.9689464375568325e-06,2.9689464375568325e-06,2.512263661121729e-06,1.1817813884356365,6.64210071299749,nan,nan,control-variate,-3.6007237880588077e-07,1.0200303912126681e-07,3.5300161829277164,606.602519753161,9.349105853705066e-08
C,IF,fixed,shared,g3,1024,0.0009765625,200000,0.9803541037081542,0.9803886927719344,-3.458906378013346e-05,3.458906378013346e-05,4.276024145264303e-05,0.808907120378187,6.64210071299749,nan,nan,control-variate,1.686895145394684e-05,9.269064921301676e-07,18.19919441407677,2128.1804518232643,6.994387742033633e-07
C,IF,fixed,shared,g4,1024,0.0009765625,200000,0.9802556777135482,0.9802728460420577,-1.7168328509455325e-05,1.7168328509455325e-05,2.6834628364784583e-05,0.6397826076095593,6.64210071299749,nan,nan,control-variate,9.375194142449305e-06,5.867720158637766e-07,15.977575427908315,2091.4735821649497,4.4665251367170523e-07
C,BLT,fixed,shared,g1,1024,0.0009765625,200000,0.020046257475261318,0.02,4.625747526131814e-05,4.625747526131814e-05,4.443816371954813e-05,1.0409402952212832,8.651516016996538,nan,nan,control-variate,-7.651757921537605e-06,9.764309062065843e-07,7.836456090133956,2071.234038374225,7.506921782908806e-07
C,BLT,fixed,shared,g2,1024,0.0009765625,200000,0.00029044731539639855,0.0002876549773947922,2.792338001606376e-06,2.792338001606376e-06,2.5102453498669007e-06,1.1123765259656522,8.651516016996538,nan,nan,control-variate,-5.367049444623667e-07,1.0197817225711839e-07,5.2629394367764135,605.923637128866,9.402684089430297e-08
C,BLT,fixed,shared,g3,1024,0.0009765625,200000,0.9803444183156677,0.9803886927719344,-4.427445626673449e-05,4.427445626673449e-05,4.273664628449411e-05,1.0359834033771231,8.651516016996538,nan,nan,control-variate,7.2140303377032755e-06,9.265652622582675e-07,7.785776816325823,2127.398499051598,7.058648335114301e-07
C,BLT,fixed,shared,g4,1024,0.0009765625,200000,0.9802521450055123,0.9802728460420577,-2.0701036545351418e-05,2.0701036545351418e-05,2.6813830723945493e-05,0.7720283147332925,8.651516016996538,nan,nan,control-variate,5.859058228153484e-06,5.881128205559744e-07,9.962473225145143,2078.7220980726725,4.5515518934121454e-07
C,KLM,implicit,own,g1,1024,0.0009765625,200000,0.019930356072357172,0.02,-6.964392764282953e-05,6.964392764282953e-05,4.41080428055488e-05,1.5789394226775422,837.2806469629995,10973.738595,0.05214643168744079,control-variate,1.27226604100929e-07,3.472045923564677e-07,0.3664312249945937,16138.55524109914,nan
C,KLM,implicit,own,g2,1024,0.0009765625,200000,0.000283730969543048,0.0002876549773947922,-3.924007851744218e-06,3.924007851744218e-06,2.4080012973532504e-06,1.629570489043043,837.2806469629995,10973.738595,0.05214643168744079,control-variate,1.128034324951805e-07,5.0215487851431037e-08,2.2463872665924094,2299.5246031967854,nan
C,KLM,implicit,own,g3,1024,0.0009765625,200000,0.9804552835212308,0.9803886927719344,6.65907492964002e-05,6.65907492964002e-05,4.244504954499349e-05,1.5688696328605125,837.2806469629995,10973.738595,0.05214643168744079,control-variate,-6.327555351420069e-08,3.23421717821382e-07,0.1956441080717599,17223.27479402084,nan
C,FTE,fixed,shared,g1,2048,0.00048828125,200000,0.019976807666277043,0.02,-2.319233372295816e-05,2.319233372295816e-05,4.4276427203286134e-05,0.5238077050904608,11.555023467000865,nan,nan,control-variate,-2.0102030008031067e-08,3.443344586976189e-08,0.5837937360107164,1653423.728139631,3.1277804251816074e-08
C,FTE,fixed,shared,g2,2048,0.00048828125,200000,0.00028699744282980293,0.0002876549773947922,-6.575345649892723e-07,6.575345649892723e-07,2.4753364424972872e-06,0.265634421931714,11.555023467000865,nan,nan,control-variate,1.3112489733194835e-07,5.197424956538856e-08,2.52288197383169,2268.255728873963,4.6796869126228536e-08
C,FTE,fixed,shared,g3,2048,0.00048828125,200000,0.9804111342168934,0.9803886927719344,2.2441444959047324e-05,2.2441444959047324e-05,4.2589690977066703e-05,0.5269219955395165,11.555023467000865,nan,nan,control-variate,1.1771397234455852e-07,4.2487176668934236e-08,2.770576479152793,1004831.4805052588,3.85980859435105e-08
C,FTE,fixed,shared,g4,2048,0.00048828125,200000,0.9802801569295645,0.9802728460420577,7.310887506787631e-06,7.310887506787631e-06,2.6745673368123104e-05,0.27334841812213,11.555023467000865,nan,nan,control-variate,3.7286017360721986e-08,1.0369309569600591e-08,3.5958052086739065,6652844.8033215655,8.5296164478887e-09
C,HH,fixed,shared,g1,2048,0.00048828125,200000,0.019980024276585188,0.02,-1.9975723414813622e-05,1.9975723414813622e-05,4.42837095105511e-05,0.45108514249589177,12.276422999000715,nan,nan,control-variate,2.987846021062358e-06,6.955929700657462e-07,4.295394217080647,4053.0094662789015,6.630749670665455e-07
C,HH,fixed,shared,g2,2048,0.00048828125,200000,0.0002872019135714493,0.0002876549773947922,-4.5306382334291934e-07,4.5306382334291934e-07,2.4784575027594174e-06,0.18280072296518937,12.276422999000715,nan,nan,control-variate,3.0235627584429476e-07,7.321827291860469e-08,4.129519364386241,1145.8400352288104,6.492481909452324e-08
C,HH,fixed,shared,g3,2048,0.00048828125,200000,0.9804080401768706,0.9803886927719344,1.934740493616801e-05,1.934740493616801e-05,4.259561424383431e-05,0.4542111970827733,12.276422999000715,nan,nan,control-variate,-2.7925107557149963e-06,6.601708325406389e-07,4.229982025967641,4163.102516192049,6.404617554870094e-07
C,HH,fixed,shared,g4,2048,0.00048828125,200000,0.9802780396055921,0.9802728460420577,5.193563534408602e-06,5.193563534408602e-06,2.6746002896289732e-05,0.19418092320363373,12.276422999000715,nan,nan,control-variate,-2.1185731602574565e-06,4.160035195467686e-07,5.092680856560107,4133.555419864708,4.452611842423902e-07
C,ProjEuler,fixed,shared,g1,2048,0.00048828125,200000,0.019987112258212467,0.02,-1.2887741787534364e-05,1.2887741787534364e-05,4.427587367005305e-05,0.29107820398022477,11.955207080996843,nan,nan,control-variate,1.0077318262631346e-05,6.959892329397099e-07,14.47912954064951,4046.9630310293237,6.680131534924635e-07
C,ProjEuler,fixed,shared,g2,2048,0.00048828125,200000,0.00028715697340518355,0.0002876549773947922,-4.98003989608645e-07,4.98003989608645e-07,2.476898786252273e-06,0.20105948308132565,11.955207080996843,nan,nan,control-variate,2.5768599962660296e-07,7.315037713748601e-08,3.5226885999819597,1146.5246109309028,6.507596848671877e-08
C,ProjEuler,fixed,shared,g3,2048,0.00048828125,200000,0.9804010258881448,0.9803886927719344,1.233311621044647e-05,1.233311621044647e-05,4.25884251676445e-05,0.2895884541844071,11.955207080996843,nan,nan,control-variate,-9.808115731194722e-06,6.606063462298395e-07,14.847141247084329,4156.211877213048,6.449780144833212e-07
C,ProjEuler,fixed,shared,g4,2048,0.00048828125,200000,0.9802744524957162,0.9802728460420577,1.6064536585562684e-06,1.6064536585562684e-06,2.6738840520722234e-05,0.060079406110047626,11.955207080996843,nan,nan,control-variate,-5.6989821031757136e-06,4.1654288677086577e-07,13.681621470853832,4120.649705765261,4.4596450649907477e-07
C,KL,uniform,shared,g1,2048,0.00048828125,200000,0.019968906528969915,0.02,-3.109347103008755e-05,3.109347103008755e-05,4.425450727061691e-05,0.7026057445392071,10.26050538399977,nan,nan,control-variate,-8.132723539103425e-06,6.939640690321285e-07,11.719228562432825,4066.6898305274717,6.706548320849342e-07
C,KL,uniform,shared,g2,2048,0.00048828125,200000,0.0002866030248155318,0.0002876549773947922,-1.0519525792604045e-06,1.0519525792604045e-06,2.473054160355719e-06,0.4253657668011176,10.26050538399977,nan,nan,control-variate,-2.9826614396032855e-07,7.300628843140109e-08,4.085485652932328,1147.4842028194735,6.511078845440957e-08
C,KL,uniform,shared,g3,2048,0.00048828125,200000,0.9804186934899701,0.9803886927719344,3.000071803575497e-05,3.000071803575497e-05,4.2569170930904486e-05,0.7047522274852425,10.26050538399977,nan,nan,control-variate,7.862568072780917e-06,6.586359603444603e-07,11.937653796899989,4177.33694135482,6.483075214559355e-07
C,KL,uniform,shared,g4,2048,0.00048828125,200000,0.980284643198129,0.9802728460420577,1.1797156071351495e-05,1.1797156071351495e-05,2.6733037246766973e-05,0.44129501494553197,10.26050538399977,nan,nan,control-variate,4.479148138774055e-06,4.157613100642236e-07,10.77336450109355,4134.361639459665,4.4282831286471526e-07
C,IF,fixed,shared,g1,2048,0.00048828125,200000,0.019967668984809644,0.02,-3.2331015190355436e-05,3.2331015190355436e-05,4.426035796719779e-05,0.7304734230644176,12.090511783999318,nan,nan,control-variate,-9.371990046069465e-06,6.932678229189809e-07,13.518570653703522,4075.9397640033926,6.681037151582185e-07
C,IF,fixed,shared,g2,2048,0.00048828125,200000,0.0002866690627808047,0.0002876549773947922,-9.859146139875035e-07,9.859146139875035e-07,2.473778708049426e-06,0.3985460020249334,12.090511783999318,nan,nan,control-variate,-2.3215884170833727e-07,7.301233228595722e-08,3.1797209380885563,1147.9665963912191,6.507362137099817e-08
C,IF,fixed,shared,g3,2048,0.00048828125,200000,0.9804199563708212,0.9803886927719344,3.1263598886846794e-05,3.1263598886846794e-05,4.257466894387722e-05,0.7343239457260159,12.090511783999318,nan,nan,control-variate,9.127086089664447e-06,6.579303212262712e-07,13.872420521147435,4187.383678519253,6.462873058603842e-07
C,IF,fixed,shared,g4,2048,0.00048828125,200000,0.9802839910774616,0.9802728460420577,1.1145035403862744e-05,1.1145035403862744e-05,2.6738680904169345e-05,0.41681320944014505,12.090511783999318,nan,nan,control-variate,3.800639059939145e-06,4.1522940690147663e-07,9.15310668456808,4146.7108287144865,4.4003337889120707e-07
C,BLT,fixed,shared,g1,2048,0.00048828125,200000,0.01997313005370051,0.02,-2.6869946299489448e-05,2.6869946299489448e-05,4.424780369126027e-05,0.6072605656763195,16.667794613003935,nan,nan,control-variate,-3.9052821972432046e-06,6.931531973805737e-07,5.6340823529362165,4074.9752523628836,6.666462846480412e-07
C,BLT,fixed,shared,g2,2048,0.00048828125,200000,0.00028658692230780383,0.0002876549773947922,-1.0680550869883537e-06,1.0680550869883537e-06,2.4727920242012475e-06,0.43192273209201776,16.667794613003935,nan,nan,control-variate,-3.139829592998866e-07,7.299626333753783e-08,4.3013566029813886,1147.5560951921316,6.518850273520423e-08
C,BLT,fixed,shared,g3,2048,0.00048828125,200000,0.9804144953020949,0.9803886927719344,2.5802530160539098e-05,2.5802530160539098e-05,4.256255578850374e-05,0.6062260520433416,16.667794613003935,nan,nan,control-variate,3.6607061601498726e-06,6.578026789220883e-07,5.5650520702477335,4186.625567721533,6.440317061338879e-07
C,BLT,fixed,shared,g4,2048,0.00048828125,200000,0.9802819041737334,0.9802728460420577,9.05813167575568e-06,9.05813167575568e-06,2.672782267829265e-05,0.33890271515129294,16.667794613003935,nan,nan,control-variate,1.7291828377809682e-06,4.1577619360836944e-07,4.158927000543304,4132.453017925671,4.453174231861568e-07
C,FTE,fixed,shared,g1,4096,0.000244140625,200000,0.019996247280746074,0.02,-3.7527192539272126e-06,3.7527192539272126e-06,4.434182710535639e-05,0.08463158825211993,23.317123515000276,nan,nan,control-variate,4.5033178277429e-09,1.7253726785199832e-08,0.26100551398587263,6604825.30529935,1.4176424811245473e-08
C,FTE,fixed,shared,g2,4096,0.000244140625,200000,0.0002880153720054645,0.0002876549773947922,3.6039461067231033e-07,3.6039461067231033e-07,2.473253481148851e-06,0.14571681124447602,23.317123515000276,nan,nan,control-variate,4.7917103086146375e-08,3.645066512622626e-08,1.314574176361737,4603.90489044714,3.365481902452412e-08
C,FTE,fixed,shared,g3,4096,0.000244140625,200000,0.9803926425864697,0.9803886927719344,3.94981453532171e-06,3.94981453532171e-06,4.265375504399245e-05,0.09260180097269113,23.317123515000276,nan,nan,control-variate,3.44776290761214e-08,2.5022790378434734e-08,1.3778490949528588,2905648.4300627615,2.5297914368041978e-08
C,FTE,fixed,shared,g4,4096,0.000244140625,200000,0.9802992046125055,0.9802728460420577,2.6358570447804693e-05,2.6358570447804693e-05,2.6727111654158487e-05,0.9862109601994179,23.317123515000276,nan,nan,control-variate,1.411161949110522e-08,6.379264171448632e-09,2.212107715222693,17553465.973860413,5.534377273608369e-09
C,HH,fixed,shared,g1,4096,0.000244140625,200000,0.019997522252291167,0.02,-2.477747708834146e-06,2.477747708834146e-06,4.434132005213826e-05,0.0558789793790693,24.400883850988976,nan,nan,control-variate,1.2289935763272321e-06,4.891380124781453e-07,2.51257016419705,8217.778041059828,4.943985500223064e-07
C,HH,fixed,shared,g2,4096,0.000244140625,200000,0.00028805613898100197,0.0002876549773947922,4.011615862097645e-07,4.011615862097645e-07,2.4741070247130063e-06,0.1621439906207367,24.400883850988976,nan,nan,control-variate,1.140589366979913e-07,5.13271772646683e-08,2.2221938313468326,2323.497464610485,4.757968282555498e-08
C,HH,fixed,shared,g3,4096,0.000244140625,200000,0.9803913872655379,0.9803886927719344,2.69449360350586e-06,2.69449360350586e-06,4.265288279487915e-05,0.06317260234118004,24.400883850988976,nan,nan,control-variate,-1.157594451077418e-06,4.641858658732659e-07,2.493816671689589,8443.314257480852,4.724697757185953e-07
C,HH,fixed,shared,g4,4096,0.000244140625,200000,0.9802986271991386,0.9802728460420577,2.578115708095571e-05,2.578115708095571e-05,2.6726972496382236e-05,0.964611950883904,24.400883850988976,nan,nan,control-variate,-3.79003788312005e-07,2.943220368024085e-07,1.287718012655801,8246.202071659583,2.8870181868971e-07
C,ProjEuler,fixed,shared,g1,4096,0.000244140625,200000,0.020001366671664886,0.02,1.3666716648873412e-06,1.3666716648873412e-06,4.4337253636754895e-05,0.030824454669298496,23.355390613003692,nan,nan,control-variate,5.091833650583158e-06,4.894013695341614e-07,10.404208013209768,8207.430539173838,4.965425413188792e-07
C,ProjEuler,fixed,shared,g2,4096,0.000244140625,200000,0.0002880363342444211,0.0002876549773947922,3.8135684962892067e-07,3.8135684962892067e-07,2.473339373399151e-06,0.15418702897403672,23.355390613003692,nan,nan,control-variate,9.40964246514913e-08,5.131070232559811e-08,1.8338557140456069,2323.547225865991,4.776604614588842e-08
C,ProjEuler,fixed,shared,g3,4096,0.000244140625,200000,0.9803875843165047,0.9803886927719344,-1.108455429689834e-06,1.108455429689834e-06,4.2649131604544365e-05,0.025990105495412374,23.355390613003692,nan,nan,control-variate,-4.97886229601723e-06,4.6446157479523096e-07,10.719643058120106,8431.809865892403,4.743768589585185e-07
C,ProjEuler,fixed,shared,g4,4096,0.000244140625,200000,0.9802966965153235,0.9802728460420577,2.38504732657681e-05,2.38504732657681e-05,2.6723166317012908e-05,0.8925017710414073,23.355390613003692,nan,nan,control-variate,-2.3155217575955765e-06,2.9456396967738925e-07,7.860845167627153,8230.3173492306,2.8930717700234736e-07
C,KL,uniform,shared,g1,4096,0.000244140625,200000,0.019991929595439592,0.02,-8.070404560409501e-06,8.070404560409501e-06,4.432661218889096e-05,0.18206680280502213,19.781681540996942,nan,nan,control-variate,-4.3188355557919465e-06,4.886989528759499e-07,8.83741520290965,8227.090285156195,4.898189735057613e-07
C,KL,uniform,shared,g2,4096,0.000244140625,200000,0.0002877542091982226,0.0002876549773947922,9.92318034303747e-08,9.92318034303747e-08,2.4713935794015943e-06,0.040152165263131416,19.781681540996942,nan,nan,control-variate,-1.8635934505527013e-07,5.1268307250387864e-08,3.63498143492655,2323.7311048038882,4.798884293491037e-08
C,KL,uniform,shared,g3,4096,0.000244140625,200000,0.9803967458403882,0.9803886927719344,8.053068453788298e-06,8.053068453788298e-06,4.263956102996266e-05,0.1888637748434942,19.781681540996942,nan,nan,control-variate,4.1575678650744055e-06,4.637704949309107e-07,8.96470972284205,8453.162530124673,4.679175963151674e-07
C,KL,uniform,shared,g4,4096,0.000244140625,200000,0.9803019192248292,0.9802728460420577,2.907318277160735e-05,2.907318277160735e-05,2.6720475946543175e-05,1.0880488367711334,19.781681540996942,nan,nan,control-variate,2.8988040345967763e-06,2.9424763517837225e-07,9.851579717334102,8246.36240148983,2.8569559815486144e-07
C,IF,fixed,shared,g1,4096,0.000244140625,200000,0.019990973278853946,0.02,-9.026721146054745e-06,9.026721146054745e-06,4.4329604444257675e-05,0.20362737857057597,23.74701368800197,nan,nan,control-variate,-5.274078804153977e-06,4.885084073561053e-07,10.796290759248613,8234.621223792323,4.878857549603794e-07
C,IF,fixed,shared,g2,4096,0.000244140625,200000,0.00028778316825982736,0.0002876549773947922,1.2819086503513392e-07,1.2819086503513392e-07,2.4717347515582904e-06,0.05186271097831867,23.74701368800197,nan,nan,control-variate,-1.5612114791109291e-07,5.126939095765194e-08,3.0451141508594786,2324.274462372755,4.7881030920618504e-08
C,IF,fixed,shared,g3,4096,0.000244140625,200000,0.9803977088121729,0.9803886927719344,9.016040238460613e-06,9.016040238460613e-06,4.264239000566814e-05,0.21143374555840272,23.74701368800197,nan,nan,control-variate,5.120326979123558e-06,4.635761643636733e-07,11.045276640035974,8461.373775992426,4.6620516614439877e-07
C,IF,fixed,shared,g4,4096,0.000244140625,200000,0.9803017368853892,0.9802728460420577,2.88908433315292e-05,2.88908433315292e-05,2.6723520042858394e-05,1.081101714339837,23.74701368800197,nan,nan,control-variate,2.7049978873143356e-06,2.940569796992759e-07,9.198890262971018,8258.940587251596,2.841626809995826e-07
C,BLT,fixed,shared,g1,4096,0.000244140625,200000,0.019994042543982436,0.02,-5.957456017565177e-06,5.957456017565177e-06,4.432326369842853e-05,0.13440923615415976,33.06758647999777,nan,nan,control-variate,-2.2271565012430363e-06,4.88372739380581e-07,4.560362038364,8236.840107207288,4.953286788044494e-07
C,BLT,fixed,shared,g2,4096,0.000244140625,200000,0.00028774633832796847,0.0002876549773947922,9.136093317627797e-08,9.136093317627797e-08,2.4712656380682417e-06,0.03696928884087657,33.06758647999777,nan,nan,control-variate,-1.9436056537931738e-07,5.126528453233385e-08,3.7912705869550183,2323.764521687333,4.8013883035629556e-08
C,BLT,fixed,shared,g3,4096,0.000244140625,200000,0.9803946456050692,0.9803886927719344,5.952833134779724e-06,5.952833134779724e-06,4.263625543633623e-05,0.13961904191301222,33.06758647999777,nan,nan,control-variate,2.078353328935847e-06,4.634350576160925e-07,4.484670062784817,8464.091372187406,4.7320307266042815e-07
C,BLT,fixed,shared,g4,4096,0.000244140625,200000,0.9803005459757852,0.9802728460420577,2.76999337275256e-05,2.76999337275256e-05,2.6717864350740103e-05,1.0367570313215657,33.06758647999777,nan,nan,control-variate,1.5306466507852449e-06,2.9423759118914237e-07,5.2020771533617935,8245.313409866261,2.88627877107454e-07
D,FTE,fixed,shared,g1,8,0.125,200000,0.02049709912681503,0.02,0.0004970991268150274,0.0004970991268150274,8.354036331936079e-05,5.950406570710028,0.03223794999757956,nan,nan,control-variate,0.0005247952368534232,1.896812277050185e-05,27.667220589143117,19.397422059632145,2.0992311344120697e-05
D,FTE,fixed,shared,g2,8,0.125,200000,0.0011842853062470765,0.0010308524048309054,0.0001534329014161711,0.0001534329014161711,1.3410410589381319e-05,11.441327645677225,0.03223794999757956,nan,nan,control-variate,0.00015891000519615306,5.010177521656113e-06,31.71744005262819,7.164368596444599,2.9841172567086895e-06
D,FTE,fixed,shared,g3,8,0.125,200000,0.9803682428694639,0.9807770358840535,-0.00040879301458965003,0.00040879301458965003,7.71564539900754e-05,5.298234864995647,0.03223794999757956,nan,nan,control-variate,-0.0004333534662463852,1.7813765750428016e-05,24.326886988281682,18.76000913358234,1.9902605648104415e-05
D,FTE,fixed,shared,g4,8,0.125,200000,0.9785389200739149,0.9804274052542012,-0.0018884851802863675,0.0018884851802863675,4.99828678296616e-05,37.78264958149668,0.03223794999757956,nan,nan,control-variate,-0.0018802639741000587,7.84617359916792e-06,239.6408835893536,40.581352371024124,1.1281471761997762e-05
D,HH,fixed,shared,g1,8,0.125,200000,0.032425754916190895,0.02,0.012425754916190896,0.012425754916190896,0.00010427152477646449,119.16728889146886,0.034051158001602744,nan,nan,control-variate,0.012490590407281616,4.4393333639816736e-05,281.36184834920135,5.51691040441526,1.88193877587969e-05
D,HH,fixed,shared,g2,8,0.125,200000,0.0022040764552836364,0.0010308524048309054,0.0011732240504527308,0.0011732240504527308,2.1114645736900608e-05,55.564467671951896,0.034051158001602744,nan,nan,control-variate,0.0011783659481281671,1.0984015108049662e-05,107.28007350104598,3.695263014491462,5.913555786452236e-06
D,HH,fixed,shared,g3,8,0.125,200000,0.9691011781177225,0.9807770358840535,-0.011675857766331042,0.011675857766331042,9.464798864648028e-05,123.36086517317912,0.034051158001602744,nan,nan,control-variate,-0.01173700125380012,4.035666004527164e-05,290.83182901245266,5.500375584693901,1.674078534647403e-05
D,HH,fixed,shared,g4,8,0.125,200000,0.9726963625771751,0.9804274052542012,-0.0077310426770261995,0.0077310426770261995,5.299846238148055e-05,145.87296177346622,0.034051158001602744,nan,nan,control-variate,-0.007755827341933777,2.5611786813565702e-05,302.82257924409146,4.282001185675656,2.018764602515779e-05
D,ProjEuler,fixed,shared,g1,8,0.125,200000,0.030092788677442014,0.02,0.010092788677442016,0.010092788677442016,8.702906860135199e-05,115.97031704054369,0.02807983699676697,nan,nan,control-variate,0.010146795980408714,3.668234693089837e-05,276.6125079053172,5.628782186469874,2.732564295188749e-05
D,ProjEuler,fixed,shared,g2,8,0.125,200000,0.001544109627776843,0.0010308524048309054,0.0005132572229459376,0.0005132572229459376,1.529413039194633e-05,33.559098150242754,0.02807983699676697,nan,nan,control-variate,0.0005184485831917124,7.673372476984446e-06,67.56463142467668,3.9726199291525464,5.229625906496907e-06
D,ProjEuler,fixed,shared,g3,8,0.125,200000,0.9710618530932597,0.9807770358840535,-0.009715182790793883,0.009715182790793883,7.969807499908566e-05,121.89984251069227,0.02807983699676697,nan,nan,control-variate,-0.009765664897756071,3.37089865086365e-05,289.7050878481331,5.589903014875753,2.486570526966758e-05
D,ProjEuler,fixed,shared,g4,8,0.125,200000,0.9738194349744862,0.9804274052542012,-0.006607970279715093,0.006607970279715093,4.593221362170809e-05,143.86352754817133,0.02807983699676697,nan,nan,control-variate,-0.006626232742160656,2.5391969412816532e-05,260.9578104964195,3.2722161173322086,2.4998926919899512e-05
D,BLT,fixed,shared,g1,8,0.125,200000,0.018605665751651523,0.02,-0.0013943342483484773,0.0013943342483484773,7.137048071497579e-05,19.536567981332116,0.03679084900068119,nan,nan,control-variate,-0.0013770796986433476,2.8059012080602584e-05,49.07798231411482,6.469824375183177,2.1673581503547616e-05
D,BLT,fixed,shared,g2,8,0.125,200000,0.0008187549751670728,0.0010308524048309054,-0.0002120974296638326,0.0002120974296638326,9.634306825301228e-06,22.014809524939654,0.03679084900068119,nan,nan,control-variate,-0.00021081278873973848,4.639425182315515e-06,45.43941985384552,4.312336035424682,4.21738079919742e-06
D,BLT,fixed,shared,g3,8,0.125,200000,0.9820495317638727,0.9807770358840535,0.0012724958798191906,0.0012724958798191906,6.663152813988257e-05,19.097504069661777,0.03679084900068119,nan,nan,control-variate,0.0012562295149971276,2.629253846288827e-05,47.77893609513158,6.422358009438643,1.9453837038991188e-05
D,BLT,fixed,shared,g4,8,0.125,200000,0.9813827501254969,0.9804274052542012,0.0009553448712956991,0.0009553448712956991,4.284187266649421e-05,22.299325679170316,0.03679084900068119,nan,nan,control-variate,0.0009703066451170232,1.9627972090554767e-05,49.43489019856245,4.764156601044057,1.9037425042371034e-05
D,KLM,projected,own,g1,8,0.125,200000,0.021469712679291517,0.02,0.0014697126792915154,0.0014697126792915154,8.03475630611986e-05,18.291938464544025,13.939993411000614,151.93625,0.34419659561164634,control-variate,0.0013648604886608439,1.2128064977489238e-05,112.53736611686577,43.889677348224694,nan
D,KLM,projected,own,g2,8,0.125,200000,0.001112678408260828,0.0010308524048309054,8.182600342992251e-05,8.182600342992251e-05,1.2883580327972341e-05,6.351185101261409,13.939993411000614,151.93625,0.34419659561164634,control-variate,7.732899297650414e-05,3.7168336891937654e-06,20.80507212397709,12.015085936472742,nan
D,KLM,projected,own,g3,8,0.125,200000,0.9793666532929992,0.9807770358840535,-0.0014103825910543005,0.0014103825910543005,7.425844837310547e-05,18.992890667038303,13.939993411000614,151.93625,0.34419659561164634,control-variate,-0.0013097785376810086,1.084012366671808e-05,120.82689994601812,46.927051461431304,nan
D,KL,adaptive-soft-zero,own,g1,8,0.125,200000,0.01828337982114479,0.02,-0.0017166201788552098,0.0017166201788552098,6.814953681905095e-05,25.189021950554697,0.9113341529991885,nan,nan,control-variate,-0.0017285134493152195,2.962942620700449e-05,58.337729432863384,5.290288234196501,nan
D,KL,adaptive-soft-zero,own,g2,8,0.125,200000,0.0007462312571801986,0.0010308524048309054,-0.00028462114765070686,0.00028462114765070686,9.054668062413147e-06,31.433636847738057,0.9113341529991885,nan,nan,control-variate,-0.00028875145616974837,4.349334781766622e-06,66.38979767210807,4.3341046370097605,nan
D,KL,adaptive-soft-zero,own,g3,8,0.125,200000,0.9823234952839055,0.9807770358840535,0.0015464593998519374,0.0015464593998519374,6.365352636216139e-05,24.29495250668822,0.9113341529991885,nan,nan,control-variate,0.0015562970741212518,2.793580408964197e-05,55.70976475662983,5.191855346183751,nan
D,FTE,fixed,shared,g1,16,0.0625,200000,0.020169791782424673,0.02,0.00016979178242467288,0.00016979178242467288,8.055875426900295e-05,2.1076763657206232,0.07710906400279782,nan,nan,control-variate,0.00017286270089589913,1.0145077601640082e-05,17.039071329326614,63.05430409036059,1.5190488736542553e-05
D,FTE,fixed,shared,g2,16,0.0625,200000,0.0010931328012397526,0.0010308524048309054,6.228039640884717e-05,6.228039640884717e-05,1.2622871123310375e-05,4.933932684604167,0.07710906400279782,nan,nan,control-variate,6.946964307267491e-05,3.1638759755270223e-06,21.95713220430615,15.917592961253378,3.584271050097071e-06
D,FTE,fixed,shared,g3,16,0.0625,200000,0.9806437058762867,0.9807770358840535,-0.0001333300077668643,0.0001333300077668643,7.453043843590853e-05,1.7889336298688179,0.07710906400279782,nan,nan,control-variate,-0.0001331363487851807,9.710639022979147e-06,13.710359171021429,58.90765458476353,1.4177088093929658e-05
D,FTE,fixed,shared,g4,16,0.0625,200000,0.9796965515153796,0.9804274052542012,-0.0007308537388216289,0.0007308537388216289,4.8331434745823165e-05,15.121705835244004,0.07710906400279782,nan,nan,control-variate,-0.0007515287167722156,3.2514077019056576e-06,231.1394896222159,220.96145189653737,4.348933062417804e-06
D,HH,fixed,shared,g1,16,0.0625,200000,0.028264275251676456,0.02,0.008264275251676455,0.008264275251676455,9.194480348198819e-05,89.88300522383966,0.08093128899781732,nan,nan,control-variate,0.008307215901302695,2.8033252430808448e-05,296.33435941143574,10.757402098928038,2.301994131748309e-05
D,HH,fixed,shared,g2,16,0.0625,200000,0.0016265930547651407,0.0010308524048309054,0.0005957406499342352,0.0005957406499342352,1.640701689691017e-05,36.31011375665904,0.08093128899781732,nan,nan,control-variate,0.0006123823452622385,6.033753633431026e-06,101.49276594079532,7.394079300452485,6.470916422662621e-06
D,HH,fixed,shared,g3,16,0.0625,200000,0.9729205935400816,0.9807770358840535,-0.007856442343971894,0.007856442343971894,8.42581058113491e-05,93.24257017552934,0.08093128899781732,nan,nan,control-variate,-0.007890946748776965,2.587324777664522e-05,304.9847787528173,10.605264099418505,2.036123601212894e-05
D,HH,fixed,shared,g4,16,0.0625,200000,0.9753953035966073,0.9804274052542012,-0.005032101657593909,0.005032101657593909,4.9153556992200973e-05,102.37512736651664,0.08093128899781732,nan,nan,control-variate,-0.005051828809491431,1.698236337511352e-05,297.47501557377683,8.3774846990964,1.867282368295956e-05
D,ProjEuler,fixed,shared,g1,16,0.0625,200000,0.026644945354455447,0.02,0.006644945354455449,0.006644945354455449,8.383967945680658e-05,79.25776192738024,0.06912695400205848,nan,nan,control-variate,0.006669370923530183,2.6082318032553318e-05,255.70468526632283,10.332534073865919,1.8970387969087622e-05
D,ProjEuler,fixed,shared,g2,16,0.0625,200000,0.001334694485860914,0.0010308524048309054,0.00030384208103000857,0.00030384208103000857,1.3771413265952322e-05,22.063246172505103,0.06912695400205848,nan,nan,control-variate,0.00031767561907196596,4.977235334910206e-06,63.82571803342248,7.655625337428102,5.094734678245942e-06
D,ProjEuler,fixed,shared,g3,16,0.0625,200000,0.9743657420803891,0.9807770358840535,-0.006411293803664423,0.006411293803664423,7.72174767316994e-05,83.02905087071373,0.06912695400205848,nan,nan,control-variate,-0.006428800789486428,2.4233172544699255e-05,265.28927558404473,10.153380520359475,1.7354231250201537e-05
D,ProjEuler,fixed,shared,g4,16,0.0625,200000,0.9763020774366481,0.9804274052542012,-0.004125327817553109,0.004125327817553109,4.599637469448677e-05,89.68810792054838,0.06912695400205848,nan,nan,control-variate,-0.004140546287762465,1.7240212560403755e-05,240.1679372139653,7.118065403340372,2.141839476914319e-05
D,BLT,fixed,shared,g1,16,0.0625,200000,0.01974922326031697,0.02,-0.00025077673968302997,0.00025077673968302997,7.499448711653356e-05,3.3439356588084834,0.09575026899801742,nan,nan,control-variate,-0.00021326267153385842,2.154581331154074e-05,9.898102636006179,12.115264323081362,1.5687181719730796e-05
D,BLT,fixed,shared,g2,16,0.0625,200000,0.0009316247992838644,0.0010308524048309054,-9.922760554704098e-05,9.922760554704098e-05,1.0764562445650362e-05,9.217987823289175,0.09575026899801742,nan,nan,control-variate,-8.812635258386194e-05,3.7954897830656957e-06,23.218703677468593,8.043723056343905,3.7614485852717308e-06
D,BLT,fixed,shared,g3,16,0.0625,200000,0.98097642452124,0.9807770358840535,0.00019938863718653465,0.00019938863718653465,6.974988350858811e-05,2.8586232285532707,0.09575026899801742,nan,nan,control-variate,0.00016763814860765888,2.014254943805805e-05,8.322588415293517,11.991074375421809,1.4257225689334038e-05
D,BLT,fixed,shared,g4,16,0.0625,200000,0.9806743949008649,0.9804274052542012,0.0002469896466636713,0.0002469896466636713,4.467193939556031e-05,5.528966281867275,0.09575026899801742,nan,nan,control-variate,0.00023401580548556964,1.4113810377583492e-05,16.58062558763361,10.018000713033603,1.542519350530986e-05
D,KLM,projected,own,g1,16,0.0625,200000,0.021073412884793252,0.02,0.0010734128847932512,0.0010734128847932512,7.96509508317266e-05,13.476460401094032,28.88457020200076,315.480465,0.3598227072474995,control-variate,0.0011262922899446378,8.492592849253068e-06,132.62054474255132,87.96326108667459,nan
D,KLM,projected,own,g2,16,0.0625,200000,0.0010862386446251167,0.0010308524048309054,5.538623979421128e-05,5.538623979421128e-05,1.2608103933121998e-05,4.392907933500563,28.88457020200076,315.480465,0.3598227072474995,control-variate,5.7733297551988966e-05,2.575667431678113e-06,22.41488821185826,23.96183025863486,nan
D,KLM,projected,own,g3,16,0.0625,200000,0.9797443863453317,0.9807770358840535,-0.0010326495387218437,0.0010326495387218437,7.36451278944158e-05,14.021966805493797,28.88457020200076,315.480465,0.3598227072474995,control-variate,-0.0010835712066851846,7.602740488041863e-06,142.52376605376747,93.83129459947827,nan
D,KL,adaptive-soft-zero,own,g1,16,0.0625,200000,0.01911748224354945,0.02,-0.0008825177564505496,0.0008825177564505496,7.316065806707301e-05,12.062736718981744,1.676425071000267,nan,nan,control-variate,-0.000946393246331349,2.2656058923224533e-05,41.77219213361108,10.42765071088252,nan
D,KL,adaptive-soft-zero,own,g2,16,0.0625,200000,0.000881347170946718,0.0010308524048309054,-0.0001495052338841874,0.0001495052338841874,1.0574593050362281e-05,14.138154836990669,1.676425071000267,nan,nan,control-variate,-0.000155841210532211,3.671834579845585e-06,42.44232879869135,8.293944237347867,nan
D,KL,adaptive-soft-zero,own,g3,16,0.0625,200000,0.9815703203380931,0.9807770358840535,0.0007932844540395336,0.0007932844540395336,6.802588494914265e-05,11.661508771736038,1.676425071000267,nan,nan,control-variate,0.0008528778124968043,2.131756555539155e-05,40.00821811855988,10.182940029321369,nan
D,FTE,fixed,shared,g1,32,0.03125,200000,0.020149497727719266,0.02,0.00014949772771926357,0.00014949772771926357,8.015990462412377e-05,1.864993832269018,0.16757089699785865,nan,nan,control-variate,9.587057372759114e-05,5.218275100581029e-06,18.37208117236219,235.97198290249395,4.460775950918841e-06
D,FTE,fixed,shared,g2,32,0.03125,200000,0.0010837971343141248,0.0010308524048309054,5.294472948321943e-05,5.294472948321943e-05,1.312188750045946e-05,4.034840984680411,0.16757089699785865,nan,nan,control-variate,3.4749647672998046e-05,2.117500760494853e-06,16.41068958335447,38.40125962086792,2.4612181229919744e-06
D,FTE,fixed,shared,g3,32,0.03125,200000,0.9806569210072474,0.9807770358840535,-0.00012011487680610437,0.00012011487680610437,7.40574344827652e-05,1.6219151749586702,0.16757089699785865,nan,nan,control-variate,-7.546053780255942e-05,5.077239227294887e-06,14.862513745046478,212.75612534161587,4.065263875403137e-06
D,FTE,fixed,shared,g4,32,0.03125,200000,0.9800490772782938,0.9804274052542012,-0.00037832797590742293,0.00037832797590742293,4.759509091223057e-05,7.948886506070388,0.16757089699785865,nan,nan,control-variate,-0.00029269984246031017,1.3217392182558138e-06,221.45052398956665,1296.679869197147,1.0820112354842839e-06
D,HH,fixed,shared,g1,32,0.03125,200000,0.02583472181693686,0.02,0.00583472181693686,0.00583472181693686,8.715521442271018e-05,66.94633081433275,0.17297673800021585,nan,nan,control-variate,0.005758482020682561,1.932701216123004e-05,297.9499351810865,20.3356150206931,2.780362212432982e-05
D,HH,fixed,shared,g2,32,0.03125,200000,0.0014091561042008601,0.0010308524048309054,0.00037830369936995466,0.00037830369936995466,1.5291902238452433e-05,24.738825390780136,0.17297673800021585,nan,nan,control-variate,0.0003550131743148031,3.7631613421822798e-06,94.33907877809162,16.512671772691704,5.4994260843254356e-06
D,HH,fixed,shared,g3,32,0.03125,200000,0.9752069782984847,0.9807770358840535,-0.005570057585568827,0.005570057585568827,8.006844662453195e-05,69.56620017481683,0.17297673800021585,nan,nan,control-variate,-0.0055052613902459345,1.8007476881465237e-05,305.7208639769183,19.770473660651774,2.5240012659356706e-05
D,HH,fixed,shared,g4,32,0.03125,200000,0.9769417908928917,0.9804274052542012,-0.0034856143613095545,0.0034856143613095545,4.757013922432067e-05,73.2731587114528,0.17297673800021585,nan,nan,control-variate,-0.003385091325970568,1.1716013563055185e-05,288.9285939924977,16.485765326838642,1.4296912587847735e-05
D,ProjEuler,fixed,shared,g1,32,0.03125,200000,0.024697333972423893,0.02,0.004697333972423892,0.004697333972423892,8.305522094928069e-05,56.556757284318245,0.13721593899936124,nan,nan,control-variate,0.0046185304561362234,1.8719413001837385e-05,246.7241069836376,19.685634780618106,2.5419661563637065e-05
D,ProjEuler,fixed,shared,g2,32,0.03125,200000,0.001260688515643231,0.0010308524048309054,0.00022983611081232557,0.00022983611081232557,1.3921166942723173e-05,16.509830803549466,0.13721593899936124,nan,nan,control-variate,0.00020795051213801848,3.3793081345472426e-06,61.5364162895076,16.97054132585087,4.633858014292894e-06
D,ProjEuler,fixed,shared,g3,32,0.03125,200000,0.9762522318468526,0.9807770358840535,-0.004524804037200918,0.004524804037200918,7.652215865918762e-05,59.1306376673634,0.13721593899936124,nan,nan,control-variate,-0.004456903844546214,1.7501408483038763e-05,254.65972346543182,19.117382204525814,2.3335441216758258e-05
D,ProjEuler,fixed,shared,g4,32,0.03125,200000,0.9775773486739879,0.9804274052542012,-0.0028500565802133575,0.0028500565802133575,4.618105847671347e-05,61.714838815365866,0.13721593899936124,nan,nan,control-variate,-0.0027459808301073998,1.1870407368341201e-05,231.32995733836637,15.135491166425792,1.0783341224838717e-05
D,BLT,fixed,shared,g1,32,0.03125,200000,0.02037689456491362,0.02,0.0003768945649136175,0.0003768945649136175,7.784650315977817e-05,4.841509247243258,0.1999597840003844,nan,nan,control-variate,0.00029513429753953843,1.5982055222943545e-05,18.466604790343176,23.725368361511123,2.5037752720546843e-05
D,BLT,fixed,shared,g2,32,0.03125,200000,0.0010218306841677158,0.0010308524048309054,-9.021720663189554e-06,9.021720663189554e-06,1.221617744666168e-05,0.7385060263392722,0.1999597840003844,nan,nan,control-variate,-2.991794247656292e-05,2.891926019606211e-06,10.345334657155856,17.844168163208487,3.821873323171818e-06
D,BLT,fixed,shared,g3,32,0.03125,200000,0.9804006053328117,0.9807770358840535,-0.00037643055124184213,0.00037643055124184213,7.209452591929588e-05,5.221347202743608,0.1999597840003844,nan,nan,control-variate,-0.00030527326455364977,1.4935642656095095e-05,20.439245339675466,23.300044583526528,2.3064382911017714e-05
D,BLT,fixed,shared,g4,32,0.03125,200000,0.9802215721840039,0.9804274052542012,-0.0002058330701974429,0.0002058330701974429,4.572307183374544e-05,4.501733193821197,0.1999597840003844,nan,nan,control-variate,-0.00010144603177237357,1.00732128269063e-05,10.070871480189883,20.603204848977256,1.340689438350312e-05
D,KLM,projected,own,g1,32,0.03125,200000,0.020895553288338677,0.02,0.0008955532883386769,0.0008955532883386769,7.936034934797997e-05,11.284643977710417,59.161635219001255,647.75481,0.3823320432001115,control-variate,0.0008934284424223879,6.003267238455067e-06,148.82369998446222,174.75587649172456,nan
D,KLM,projected,own,g2,32,0.03125,200000,0.0010751079462649837,0.0010308524048309054,4.425554143407836e-05,4.425554143407836e-05,1.2717988354405544e-05,3.4797595500823153,59.161635219001255,647.75481,0.3823320432001115,control-variate,3.98482192987306e-05,1.8301434061031146e-06,21.7732769824735,48.29104495379993,nan
D,KLM,projected,own,g3,32,0.03125,200000,0.9799141826210923,0.9807770358840535,-0.000862853262961204,0.000862853262961204,7.337107628781221e-05,11.760128195155481,59.161635219001255,647.75481,0.3823320432001115,control-variate,-0.0008622875911277932,5.379849122348522e-06,160.28099887518218,185.9985624010371,nan
D,KL,adaptive-soft-zero,own,g1,32,0.03125,200000,0.019594216798372047,0.02,-0.0004057832016279552,0.0004057832016279552,7.590637325753107e-05,5.34583835603943,3.141093816000648,nan,nan,control-variate,-0.00048175249616250795,1.668773441350574e-05,28.868657915158057,20.690058793697585,nan
D,KL,adaptive-soft-zero,own,g2,32,0.03125,200000,0.0009598621393469718,0.0010308524048309054,-7.099026548393358e-05,7.099026548393358e-05,1.136275602987204e-05,6.247627362349786,3.141093816000648,nan,nan,control-variate,-7.942444568876872e-05,2.8418718539130606e-06,27.94793353521791,15.986683703213776,nan
D,KL,adaptive-soft-zero,own,g3,32,0.03125,200000,0.9811405652026828,0.9807770358840535,0.00036352931862921814,0.00036352931862921814,7.043186690492903e-05,5.161432382871812,3.141093816000648,nan,nan,control-variate,0.00043399214634948897,1.568692510147619e-05,27.665851882511312,20.15871079882097,nan
D,FTE,fixed,shared,g1,64,0.015625,200000,0.020007889103959266,0.02,7.889103959263761e-06,7.889103959263761e-06,7.904457388174471e-05,0.09980576239257512,0.3715004619971296,nan,nan,control-variate,4.703691315020328e-05,2.5614682146330738e-06,18.363262476376754,952.2833323634605,3.297201796349308e-06
D,FTE,fixed,shared,g2,64,0.015625,200000,0.001050311358352314,0.0010308524048309054,1.9458953521408586e-05,1.9458953521408586e-05,1.2477765613638435e-05,1.559490226370303,0.3715004619971296,nan,nan,control-variate,1.5403173982714362e-05,1.4205960612754384e-06,10.842754251257812,77.14937896649808,1.4088726279387587e-06
D,FTE,fixed,shared,g3,64,0.015625,200000,0.9807796525663605,0.9807770358840535,2.616682306925706e-06,2.616682306925706e-06,7.313313664742025e-05,0.035779708445173176,0.3715004619971296,nan,nan,control-variate,-3.7636373807964715e-05,2.5434989240964307e-06,14.797086584707289,826.7330212817942,3.4362581770944576e-06
D,FTE,fixed,shared,g4,64,0.015625,200000,0.9803394289782815,0.9804274052542012,-8.797627591968601e-05,8.797627591968601e-05,4.6838121343233944e-05,1.8783049660550641,0.3715004619971296,nan,nan,control-variate,-0.0001134770462895515,5.606239401218531e-07,202.41205943664653,6980.003752297161,5.529867410018694e-07
D,HH,fixed,shared,g1,64,0.015625,200000,0.02411750843513853,0.02,0.004117508435138529,0.004117508435138529,8.343702137238804e-05,49.3486987839806,0.3802533919988491,nan,nan,control-variate,0.00415685868795937,1.3775764599165594e-05,301.75157669369247,36.684800165916066,1.2723479545134215e-05
D,HH,fixed,shared,g2,64,0.015625,200000,0.0012544689796199688,0.0010308524048309054,0.00022361657478906348,0.00022361657478906348,1.3693495467079402e-05,16.330130997352807,0.3802533919988491,nan,nan,control-variate,0.00021924004182781936,2.4226843888916413e-06,90.49467724028219,31.947359073613562,2.459514636791745e-06
D,HH,fixed,shared,g3,64,0.015625,200000,0.9768246394716694,0.9807770358840535,-0.00395239641238409,0.00395239641238409,7.695224115927146e-05,51.36168034669244,0.3802533919988491,nan,nan,control-variate,-0.0039929729865251316,1.2929412135371833e-05,308.8286570741523,35.422971294377874,1.1671662874882166e-05
D,HH,fixed,shared,g4,64,0.015625,200000,0.9780832485702208,0.9804274052542012,-0.0023441566839804777,0.0023441566839804777,4.653430494154094e-05,50.374808153368605,0.3802533919988491,nan,nan,control-variate,-0.0023679424902694874,8.333561264888264e-06,284.14532694999474,31.180652407621682,8.307434745358896e-06
D,ProjEuler,fixed,shared,g1,64,0.015625,200000,0.02329785184014097,0.02,0.0032978518401409677,0.0032978518401409677,8.129817348206197e-05,40.564894620524555,0.3265182389968686,nan,nan,control-variate,0.003335618634899482,1.346032529111168e-05,247.81114592394783,36.47963346057177,1.2548700375903973e-05
D,ProjEuler,fixed,shared,g2,64,0.015625,200000,0.001175876601233787,0.0010308524048309054,0.00014502419640288143,0.00014502419640288143,1.3015142103063776e-05,11.142728619823721,0.3265182389968686,nan,nan,control-variate,0.00014045818805579003,2.2865463130112683e-06,61.42809671360365,32.3994638818884,2.214809323565945e-06
D,ProjEuler,fixed,shared,g3,64,0.015625,200000,0.9775928469251333,0.9807770358840535,-0.0031841889589202675,0.0031841889589202675,7.509541513433069e-05,42.40190900102743,0.3265182389968686,nan,nan,control-variate,-0.003223346587924303,1.2647165288543665e-05,254.86711957849926,35.25660223365311,1.1561735641435353e-05
D,ProjEuler,fixed,shared,g4,64,0.015625,200000,0.9785360755521811,0.9804274052542012,-0.001891329702020146,0.001891329702020146,4.5944453660740456e-05,41.16557171374719,0.3265182389968686,nan,nan,control-variate,-0.001914279163667909,8.328989776743413e-06,229.83329491087224,30.428568743163794,8.755339150264428e-06
D,BLT,fixed,shared,g1,64,0.015625,200000,0.0204465551769491,0.02,0.0004465551769490999,0.0004465551769490999,7.816308104584984e-05,5.713121475945328,0.4653976270019484,nan,nan,control-variate,0.0004668337924939372,1.1618897222489507e-05,40.17883827996472,45.255724314327345,8.3988711227343e-06
D,BLT,fixed,shared,g2,64,0.015625,200000,0.0010322332701673466,0.0010308524048309054,1.3808653364412172e-06,1.3808653364412172e-06,1.2072504197061806e-05,0.11438101937270734,0.4653976270019484,nan,nan,control-variate,-4.5251498345349e-06,2.0837023403636267e-06,2.171687264000105,33.567838037680545,1.6076815366539745e-06
D,BLT,fixed,shared,g3,64,0.015625,200000,0.9803370803855378,0.9807770358840535,-0.0004399554985157757,0.0004399554985157757,7.23982438005996e-05,6.076880811190782,0.4653976270019484,nan,nan,control-variate,-0.0004625562742226948,1.0873650755596495e-05,42.53918804451435,44.330772855466385,7.966040480035012e-06
D,BLT,fixed,shared,g4,64,0.015625,200000,0.9802286803083263,0.9804274052542012,-0.00019872494587493296,0.00019872494587493296,4.58786736044659e-05,4.331532066253737,0.4653976270019484,nan,nan,control-variate,-0.0002192607932511717,7.168272748309331e-06,30.58767445796274,40.96308568228395,3.956657252364381e-06
D,KLM,projected,own,g1,64,0.015625,200000,0.020816949205979096,0.02,0.0008169492059790966,0.0008169492059790966,7.962843675618802e-05,10.259515811926454,117.17439657500108,1322.163955,0.4019776616887124,control-variate,0.0007013286767538242,4.244754836280259e-06,165.22242244935134,351.90963374711527,nan
D,KLM,projected,own,g2,64,0.015625,200000,0.0010812530537661624,0.0010308524048309054,5.0400648935257085e-05,5.0400648935257085e-05,1.2773533799894853e-05,3.945709129894185,117.17439657500108,1322.163955,0.4019776616887124,control-variate,2.964652668726757e-05,1.273111970259279e-06,23.286660859240705,100.66741575284503,nan
D,KLM,projected,own,g3,64,0.015625,200000,0.9799950864586103,0.9807770358840535,-0.0007819494254432193,0.0007819494254432193,7.359872920181859e-05,10.624496291219899,117.17439657500108,1322.163955,0.4019776616887124,control-variate,-0.000677604400069903,3.813703395618657e-06,177.67621909149085,372.4318413556487,nan
D,KL,adaptive-soft-zero,own,g1,64,0.015625,200000,0.019777656017019352,0.02,-0.00022234398298064714,0.00022234398298064714,7.707642183136761e-05,2.884721133878069,5.946180489998369,nan,nan,control-variate,-0.00024041766247712889,1.2035871026528213e-05,19.97509461070373,41.009836633405875,nan
D,KL,adaptive-soft-zero,own,g2,64,0.015625,200000,0.0009940556828297682,0.0010308524048309054,-3.6796722001137294e-05,3.6796722001137294e-05,1.1591459355281573e-05,3.174468448993966,5.946180489998369,nan,nan,control-variate,-3.968209949239308e-05,2.0784956274720743e-06,19.091740664691983,31.101261370378754,nan
D,KL,adaptive-soft-zero,own,g3,64,0.015625,200000,0.9809772746202434,0.9807770358840535,0.0002002387361898516,0.0002002387361898516,7.146006269305921e-05,2.8021069201958655,5.946180489998369,nan,nan,control-variate,0.00021636757990431855,1.13104229468006e-05,19.129928290216842,39.91802951236294,nan
D,FTE,fixed,shared,g1,128,0.0078125,200000,0.020061225768974466,0.02,6.12257689744668e-05,6.12257689744668e-05,7.896278674924904e-05,0.7753749771888474,0.749697102999562,nan,nan,control-variate,2.2340044229310338e-05,1.2602467803598178e-06,17.72672192261578,3925.850351952373,1.3056461758395023e-06
D,FTE,fixed,shared,g2,128,0.0078125,200000,0.0010489895015474964,0.0010308524048309054,1.8137096716590922e-05,1.8137096716590922e-05,1.2150009361928601e-05,1.4927640116412202,0.749697102999562,nan,nan,control-variate,9.291570656665834e-06,9.807790041588717e-07,9.47366391130528,153.46555161493586,7.09354834703253e-07
D,FTE,fixed,shared,g3,128,0.0078125,200000,0.9807264253646257,0.9807770358840535,-5.061051942781584e-05,5.061051942781584e-05,7.310173921536353e-05,0.6923298948977566,0.749697102999562,nan,nan,control-variate,-1.6780562737756626e-05,1.2934519124913213e-06,12.973472438906166,3194.1465995373155,1.2594794046304985e-06
D,FTE,fixed,shared,g4,128,0.0078125,200000,0.9803580123968386,0.9804274052542012,-6.939285736259577e-05,6.939285736259577e-05,4.674148763968956e-05,1.4846095164432096,0.749697102999562,nan,nan,control-variate,-4.440874548244478e-05,2.6627326849741423e-07,166.77883489035264,30814.130859377987,2.783383320036817e-07
D,HH,fixed,shared,g1,128,0.0078125,200000,0.023129969801532386,0.02,0.0031299698015323867,0.0031299698015323867,8.196166204085525e-05,38.18821780324803,0.7445539430009376,nan,nan,control-variate,0.003094754314920546,9.92585297580067e-06,311.78724110316654,68.18452777503713,9.799994845302769e-06
D,HH,fixed,shared,g2,128,0.0078125,200000,0.0011897260620586342,0.0010308524048309054,0.00015887365722772883,0.00015887365722772883,1.2958105744933865e-05,12.2605618718494,0.7445539430009376,nan,nan,control-variate,0.0001507664036044692,1.6399135400094636e-06,91.9355807036017,62.43687181207861,1.2267706010278016e-06
D,HH,fixed,shared,g3,128,0.0078125,200000,0.9777672367162505,0.9807770358840535,-0.0030097991678030224,0.0030097991678030224,7.57293842181869e-05,39.74413893464883,0.7445539430009376,nan,nan,control-variate,-0.0029791831654648634,9.35497207517279e-06,318.459867279704,65.5305570836348,9.267419914081115e-06
D,HH,fixed,shared,g4,128,0.0078125,200000,0.9786723222353393,0.9804274052542012,-0.0017550830188620015,0.0017550830188620015,4.644881968936351e-05,37.78530930601676,0.7445539430009376,nan,nan,control-variate,-0.0017300093861476427,5.983145738970641e-06,289.14712454343106,60.268474933442114,4.866532789269634e-06
D,ProjEuler,fixed,shared,g1,128,0.0078125,200000,0.02251802750485591,0.02,0.0025180275048559114,0.0025180275048559114,8.076022434751917e-05,31.17905534809552,0.6631027379989973,nan,nan,control-variate,0.00248043732290146,9.651116433605756e-06,257.01040288607766,70.02287261125991,1.0196582826043668e-05
D,ProjEuler,fixed,shared,g2,128,0.0078125,200000,0.0011435750991644273,0.0010308524048309054,0.00011272269433352183,0.00011272269433352183,1.2602701725992498e-05,8.944327715146699,0.6631027379989973,nan,nan,control-variate,0.00010439800775598482,1.5877006142877824e-06,65.75421513130556,63.007186878965314,1.2181886003863446e-06
D,ProjEuler,fixed,shared,g3,128,0.0078125,200000,0.9783474662562162,0.9807770358840535,-0.0024295696278373497,0.0024295696278373497,7.468205410216471e-05,32.532174657565115,0.6631027379989973,nan,nan,control-variate,-0.002396733856023207,9.09157553236679e-06,263.6213984573552,67.47675776894805,9.66980718215091e-06
D,ProjEuler,fixed,shared,g4,128,0.0078125,200000,0.9790091633689133,0.9804274052542012,-0.0014182418852879408,0.0014182418852879408,4.620724161946089e-05,30.69306532010399,0.6631027379989973,nan,nan,control-variate,-0.0013928212509017697,5.892355418547198e-06,236.37767106132569,61.49534147796268,4.806082197693158e-06
D,BLT,fixed,shared,g1,128,0.0078125,200000,0.020548712398320554,0.02,0.0005487123983205526,0.0005487123983205526,7.870925468288061e-05,6.971383486367816,0.9181787110010191,nan,nan,control-variate,0.0005077750338075803,8.358559992858884e-06,60.749104420067184,88.67244265407587,1.0388228219118716e-05
D,BLT,fixed,shared,g2,128,0.0078125,200000,0.0010492116843460939,0.0010308524048309054,1.8359279515188415e-05,1.8359279515188415e-05,1.2048873279722033e-05,1.523734135878634,0.9181787110010191,nan,nan,control-variate,1.0455498437377066e-05,1.4965950134080846e-06,6.986190882440225,64.81630747042283,1.3370573780571811e-06
D,BLT,fixed,shared,g3,128,0.0078125,200000,0.9802450431608113,0.9807770358840535,-0.0005319927232422119,0.0005319927232422119,7.289837622606166e-05,7.297730769646703,0.9181787110010191,nan,nan,control-variate,-0.0004956656979822084,7.82565109298273e-06,63.338588967590496,86.77502502001524,9.716783100806323e-06
D,BLT,fixed,shared,g4,128,0.0078125,200000,0.9801526611789437,0.9804274052542012,-0.0002747440752575006,0.0002747440752575006,4.626706019472149e-05,5.9382220115391195,0.9181787110010191,nan,nan,control-variate,-0.00025224885769741364,5.113329977193471e-06,49.33162123752949,81.87214541569973,5.668136650014985e-06
D,KLM,projected,own,g1,128,0.0078125,200000,0.02063768982965832,0.02,0.0006376898296583165,0.0006376898296583165,7.910642711153792e-05,8.061163333280001,238.67543349800144,2679.007295,0.4156504937773975,control-variate,0.000548414670217017,3.036742397448621e-06,180.59308246816667,678.5902787292514,nan
D,KLM,projected,own,g2,128,0.0078125,200000,0.0010625959175244856,0.0010308524048309054,3.174351269358014e-05,3.174351269358014e-05,1.2678399130985203e-05,2.503747702342089,238.67543349800144,2679.007295,0.4156504937773975,control-variate,2.2682614949124883e-05,9.15221968918434e-07,24.78373085376231,191.90043836801092,nan
D,KLM,projected,own,g3,128,0.0078125,200000,0.980163088505271,0.9807770358840535,-0.0006139473787825602,0.0006139473787825602,7.315217044351864e-05,8.392743168934322,238.67543349800144,2679.007295,0.4156504937773975,control-variate,-0.0005301578203510938,2.730031643332535e-06,194.19475288716174,717.991116302361,nan
D,KL,adaptive-soft-zero,own,g1,128,0.0078125,200000,0.019854178427952673,0.02,-0.00014582157204732598,0.00014582157204732598,7.752858900040584e-05,1.880874835043917,11.466436404998603,nan,nan,control-variate,-0.00013291897139160335,8.619176106056775e-06,15.421308226687694,80.90814637153012,nan
D,KL,adaptive-soft-zero,own,g2,128,0.0078125,200000,0.0010067141146852944,0.0010308524048309054,-2.4138290145611118e-05,2.4138290145611118e-05,1.1967030929006685e-05,2.0170659112364056,11.466436404998603,nan,nan,control-variate,-2.2211389263986924e-05,1.484085613163689e-06,14.966380016741724,65.02119049882508,nan
D,KL,adaptive-soft-zero,own,g3,128,0.0078125,200000,0.9809085288778955,0.9807770358840535,0.00013149299384198783,0.00013149299384198783,7.182807065645899e-05,1.830663035220529,11.466436404998603,nan,nan,control-variate,0.00011968277838345463,8.101632906429833e-06,14.772673578985392,78.60375267423379,nan
D,FTE,fixed,shared,g1,256,0.00390625,200000,0.020181330143569955,0.02,0.00018133014356995478,0.00018133014356995478,7.890540033383378e-05,2.2980701295827832,1.7372195400021155,nan,nan,control-variate,9.364228564487302e-06,6.090837365711732e-07,15.37428764262049,16782.607916799585,7.045933815018527e-07
D,FTE,fixed,shared,g2,256,0.00390625,200000,0.0010493623701890897,0.0010308524048309054,1.8509965358184292e-05,1.8509965358184292e-05,1.2434721124779077e-05,1.4885710079415353,1.7372195400021155,nan,nan,control-variate,4.710139633809042e-06,6.993027992270798e-07,6.735479450411224,316.18522075369145,5.023816126789793e-07
D,FTE,fixed,shared,g3,256,0.00390625,200000,0.9806076064368082,0.9807770358840535,-0.00016942944724528,0.00016942944724528,7.301356094287258e-05,2.320520257570307,1.7372195400021155,nan,nan,control-variate,-6.6201774136529056e-06,6.6442431715907e-07,9.963779534679444,12075.803079647107,6.233965157940836e-07
D,FTE,fixed,shared,g4,256,0.00390625,200000,0.9803560042375709,0.9804274052542012,-7.140101663039827e-05,7.140101663039827e-05,4.6815339459015196e-05,1.5251628516526463,1.7372195400021155,nan,nan,control-variate,-1.729895592613878e-05,1.395890275109459e-07,123.92776305273907,112479.60702948467,1.7535210696013406e-07
D,HH,fixed,shared,g1,256,0.00390625,200000,0.02255147274176143,0.02,0.0025514727417614296,0.0025514727417614296,8.116677551459171e-05,31.43494028911793,1.7268813100017724,nan,nan,control-variate,0.0023414161985354344,7.268246266102298e-06,322.14321210542204,124.70886273882952,8.329544202935083e-06
D,HH,fixed,shared,g2,256,0.00390625,200000,0.0011548717540784412,0.0010308524048309054,0.00012401934924753582,0.00012401934924753582,1.2989849849246178e-05,9.5474043724018,1.7268813100017724,nan,nan,control-variate,0.00010657262940573194,1.1528924748688392e-06,92.43934861996246,126.94940015961839,9.836862982054348e-07
D,HH,fixed,shared,g3,256,0.00390625,200000,0.9783206178925964,0.9807770358840535,-0.0024564179914571566,0.0024564179914571566,7.500472291291984e-05,32.75017753627392,1.7268813100017724,nan,nan,control-variate,-0.0022578937531198347,6.871849405584e-06,328.5714834328429,119.13241754947424,7.81585439675916e-06
D,HH,fixed,shared,g4,256,0.00390625,200000,0.9790655893216478,0.9804274052542012,-0.0013618159325535148,0.0013618159325535148,4.6474408188156374e-05,29.302491105213527,1.7268813100017724,nan,nan,control-variate,-0.0012963183703139066,4.338766549036697e-06,298.77578239412725,114.73480182885994,5.845807116449735e-06
D,ProjEuler,fixed,shared,g1,256,0.00390625,200000,0.022080257408862436,0.02,0.002080257408862436,0.002080257408862436,8.043404443661584e-05,25.86289702865475,1.664664306999839,nan,nan,control-variate,0.0018731849708975739,6.995593553325556e-06,267.76640990057257,132.19976274300853,7.937947566056189e-06
D,ProjEuler,fixed,shared,g2,256,0.00390625,200000,0.0011252733975558968,0.0010308524048309054,9.442099272499149e-05,9.442099272499149e-05,1.2778639307893322e-05,7.388970801192265,1.664664306999839,nan,nan,control-variate,7.74020304191174e-05,1.1293302183084003e-06,68.53799638431374,128.03459310479565,9.38675873475871e-07
D,ProjEuler,fixed,shared,g3,256,0.00390625,200000,0.9787706014397384,0.9807770358840535,-0.0020064344443151702,0.0020064344443151702,7.43648223216393e-05,26.980961988143164,1.664664306999839,nan,nan,control-variate,-0.0018106454695870973,6.604027444728321e-06,274.17291716927207,126.7994443492593,7.461898042103314e-06
D,ProjEuler,fixed,shared,g4,256,0.00390625,200000,0.9793224587391582,0.9804274052542012,-0.0011049465150429624,0.0011049465150429624,4.6387300752458136e-05,23.820021797332313,1.664664306999839,nan,nan,control-variate,-0.0010398345686652816,4.2147369572349184e-06,246.71398932270876,121.1315440349193,5.517108850154853e-06
D,BLT,fixed,shared,g1,256,0.00390625,200000,0.020650268275233447,0.02,0.0006502682752334459,0.0006502682752334459,7.903060831181674e-05,8.228056054785766,2.198016099000597,nan,nan,control-variate,0.000460515021831253,6.00471943092017e-06,76.6921797311491,173.22286199905892,6.745769463708325e-06
D,BLT,fixed,shared,g2,256,0.00390625,200000,0.001060157962677826,0.0010308524048309054,2.9305557846920575e-05,2.9305557846920575e-05,1.2416636874825629e-05,2.3601848183493828,2.198016099000597,nan,nan,control-variate,1.3618693968309357e-05,1.083162174354937e-06,12.573088583359914,131.40775322246037,8.75442188111187e-07
D,BLT,fixed,shared,g3,256,0.00390625,200000,0.9801499532698859,0.9807770358840535,-0.0006270826141676202,0.0006270826141676202,7.313549213293148e-05,8.57425848762775,2.198016099000597,nan,nan,control-variate,-0.00044769732958243827,5.625132224723394e-06,79.58876550754378,169.040553212564,6.284366435886909e-06
D,BLT,fixed,shared,g4,256,0.00390625,200000,0.980128965295802,0.9804274052542012,-0.00029843995839931386,0.00029843995839931386,4.650585787978428e-05,6.417255201931094,2.198016099000597,nan,nan,control-variate,-0.00023608173358681452,3.63922483737108e-06,64.87143392804396,163.30427145352746,3.6865357465980388e-06
D,KLM,projected,own,g1,256,0.00390625,200000,0.02045007930399084,0.02,0.00045007930399083764,0.00045007930399083764,7.889096665494438e-05,5.705080354249019,485.13821399600056,5427.123555,0.42601778208456503,control-variate,0.000433618774313685,2.168397325395296e-06,199.97201123398213,1323.661170928466,nan
D,KLM,projected,own,g2,256,0.00390625,200000,0.001053597020104394,0.0010308524048309054,2.274461527348853e-05,2.274461527348853e-05,1.2690480446382889e-05,1.7922580133655481,485.13821399600056,5427.123555,0.42601778208456503,control-variate,1.74400936084731e-05,6.326634790015888e-07,27.566145648229053,402.35610763944715,nan
D,KLM,projected,own,g3,256,0.00390625,200000,0.980343792972539,0.9807770358840535,-0.00043324291151452556,0.00043324291151452556,7.296931939224231e-05,5.937329758903926,485.13821399600056,5427.123555,0.42601778208456503,control-variate,-0.00041938638881376916,1.9552443667458952e-06,214.49308124679683,1392.7671160348782,nan
D,KL,adaptive-soft-zero,own,g1,256,0.00390625,200000,0.019989026359659955,0.02,-1.0973640340044543e-05,1.0973640340044543e-05,7.801233017576467e-05,0.14066546038710195,22.011518781000632,nan,nan,control-variate,-6.270487864913398e-05,6.100812564437502e-06,10.278119182787153,163.512566638844,nan
D,KL,adaptive-soft-zero,own,g2,256,0.00390625,200000,0.001021595663973026,0.0010308524048309054,-9.256740857879348e-06,9.256740857879348e-06,1.2071789818538564e-05,0.7668076562817417,22.011518781000632,nan,nan,control-variate,-1.1913257875395858e-05,1.0610748129226044e-06,11.22753808714223,129.43487819849832,nan
D,KL,adaptive-soft-zero,own,g3,256,0.00390625,200000,0.9807833443314689,0.9807770358840535,6.308447415340871e-06,6.308447415340871e-06,7.226397534612099e-05,0.08729726513280588,22.011518781000632,nan,nan,control-variate,5.57720888638718e-05,5.731503067467679e-06,9.730796303754452,158.96687605707598,nan
D,FTE,fixed,shared,g1,512,0.001953125,200000,0.019962521202850518,0.02,-3.747879714948403e-05,3.747879714948403e-05,7.857698361946818e-05,0.47696915080102803,3.3987807289995544,nan,nan,control-variate,3.610775688136907e-06,2.943108840114421e-07,12.268576815516372,71281.70189133706,3.5482134364774335e-07
D,FTE,fixed,shared,g2,512,0.001953125,200000,0.001037453812468131,0.0010308524048309054,6.601407637225668e-06,6.601407637225668e-06,1.2411731410574452e-05,0.5318683928014629,3.3987807289995544,nan,nan,control-variate,1.908285427939409e-06,4.861071711848109e-07,3.9256475548144225,651.9295727340273,6.200901147196996e-07
D,FTE,fixed,shared,g3,512,0.001953125,200000,0.9808172884262408,0.9807770358840535,4.025254218731576e-05,4.025254218731576e-05,7.27202118142089e-05,0.553526195580343,3.3987807289995544,nan,nan,control-variate,-2.402794055469208e-06,3.5846418022740216e-07,6.703024145801473,41154.63368231675,4.089759062605841e-07
D,FTE,fixed,shared,g4,512,0.001953125,200000,0.9804509865750073,0.9804274052542012,2.3581320806017927e-05,2.3581320806017927e-05,4.656801607973994e-05,0.5063844842700376,3.3987807289995544,nan,nan,control-variate,-6.8963896863182275e-06,7.989492193095343e-08,86.31824801428814,339732.51881424617,1.1158841267597642e-07
D,HH,fixed,shared,g1,512,0.001953125,200000,0.021773311090718905,0.02,0.0017733110907189045,0.0017733110907189045,8.023468555557617e-05,22.101552195784265,3.406748757999594,nan,nan,control-variate,0.0018042515519403161,5.336813899059359e-06,338.0765351885935,226.02693319930586,7.648073817073875e-06
D,HH,fixed,shared,g2,512,0.001953125,200000,0.001114096854447204,0.0010308524048309054,8.324444961629861e-05,8.324444961629861e-05,1.2795445853340828e-05,6.505787337966336,3.406748757999594,nan,nan,control-variate,7.695312789333012e-05,7.975395808419426e-07,96.48816151806864,257.39870359916534,8.325751847526468e-07
D,HH,fixed,shared,g3,512,0.001953125,200000,0.9790679773019672,0.9807770358840535,-0.001709058582086397,0.001709058582086397,7.418903081666196e-05,23.03654008245331,3.406748757999594,nan,nan,control-variate,-0.001742508524127925,5.059920002163992e-06,344.37471805536467,214.97704747963428,7.431133856701183e-06
D,HH,fixed,shared,g4,512,0.001953125,200000,0.9794645519142541,0.9804274052542012,-0.0009628533399471317,0.0009628533399471317,4.6287539361111186e-05,20.801566755049414,3.406748757999594,nan,nan,control-variate,-0.0009884262343547777,3.161370144894118e-06,312.6575469029371,214.37665663581845,4.259937435115521e-06
D,ProjEuler,fixed,shared,g1,512,0.001953125,200000,0.02141329713997293,0.02,0.0014132971399729304,0.0014132971399729304,7.977041901131576e-05,17.717057995802282,3.080065991001902,nan,nan,control-variate,0.0014430789034754676,5.075338349021198e-06,284.3315665356127,247.03230273431893,7.633296670825941e-06
D,ProjEuler,fixed,shared,g2,512,0.001953125,200000,0.0010947226235512543,0.0010308524048309054,6.387021872034884e-05,6.387021872034884e-05,1.2672886826112013e-05,5.0399107635638805,3.080065991001902,nan,nan,control-variate,5.753010096919988e-05,7.86540231418606e-07,73.14324006724799,259.60271472950797,8.295160637489012e-07
D,ProjEuler,fixed,shared,g3,512,0.001953125,200000,0.9794134969990815,0.9807770358840535,-0.0013635388849720343,0.0013635388849720343,7.378072354632708e-05,18.48096385386984,3.080065991001902,nan,nan,control-variate,-0.001395877865208748,4.801285315958813e-06,290.7300385938411,236.14066967631507,7.40077007267868e-06
D,ProjEuler,fixed,shared,g4,512,0.001953125,200000,0.9796615276833309,0.9804274052542012,-0.0007658775708703583,0.0007658775708703583,4.62732396108886e-05,16.55119843154744,3.080065991001902,nan,nan,control-variate,-0.0007906560675940193,3.0263696980694354e-06,261.25561199558337,233.78457417895854,4.0774437503141965e-06
D,BLT,fixed,shared,g1,512,0.001953125,200000,0.02036704443339731,0.02,0.00036704443339730667,0.00036704443339730667,7.87871143890213e-05,4.658686083932184,4.419714264000504,nan,nan,control-variate,0.000397209777580385,4.2939457413622475e-06,92.50461032941949,336.6644692299959,5.137531420923225e-06
D,BLT,fixed,shared,g2,512,0.001953125,200000,0.0010494908246976593,0.0010308524048309054,1.863841986675395e-05,1.863841986675395e-05,1.2448745423833579e-05,1.4972127095691117,4.419714264000504,nan,nan,control-variate,1.2648518760002165e-05,7.621452381512769e-07,16.595942776843255,266.79377394868243,8.160058490497005e-07
D,BLT,fixed,shared,g3,512,0.001953125,200000,0.9804238567771562,0.9807770358840535,-0.0003531791068974125,0.0003531791068974125,7.291071530218714e-05,4.843994540906911,4.419714264000504,nan,nan,control-variate,-0.00038569223952238644,4.025936319327693e-06,95.80187288873826,327.9811737315824,4.940511895094388e-06
D,BLT,fixed,shared,g4,512,0.001953125,200000,0.9802442491188298,0.9804274052542012,-0.00018315613537140632,0.00018315613537140632,4.6400735573486185e-05,3.947267928141714,4.419714264000504,nan,nan,control-variate,-0.0002075351508122717,2.5861510081847706e-06,80.24865916779602,321.915560818175,3.24731924658529e-06
D,KLM,projected,own,g1,512,0.001953125,200000,0.020218394385945797,0.02,0.00021839438594579565,0.00021839438594579565,7.812302277244834e-05,2.79551889053142,962.3315941519995,10967.364065,0.43397809827333383,control-variate,0.00034910746503785727,1.5503847124866857e-06,225.17473387487064,2539.096009696328,nan
D,KLM,projected,own,g2,512,0.001953125,200000,0.001027909620387228,0.0010308524048309054,-2.9427844436775065e-06,2.9427844436775065e-06,1.2142101423621044e-05,0.242362037756715,962.3315941519995,10967.364065,0.43397809827333383,control-variate,1.4267504031733984e-05,4.4453495647316595e-07,32.095347787559724,746.0636433488623,nan
D,KLM,projected,own,g3,512,0.001953125,200000,0.9805601282241992,0.9807770358840535,-0.00021690765985428717,0.00021690765985428717,7.236798408684646e-05,2.9972875794630864,962.3315941519995,10967.364065,0.43397809827333383,control-variate,-0.0003375111054695151,1.4026568299711264e-06,240.62272272004176,2661.8898991692163,nan
D,KL,adaptive-soft-zero,own,g1,512,0.001953125,200000,0.020060143449489778,0.02,6.014344948977609e-05,6.014344948977609e-05,7.86090528545175e-05,0.7650957148801186,42.11885991300005,nan,nan,control-variate,-2.6618473587192745e-05,4.327214022824531e-06,6.151411380807528,330.0109691485034,nan
D,KL,adaptive-soft-zero,own,g2,512,0.001953125,200000,0.001040294188430674,0.0010308524048309054,9.441783599768722e-06,9.441783599768722e-06,1.2440349207155215e-05,0.758964514785338,42.11885991300005,nan,nan,control-variate,-4.5193458091130075e-06,7.515888452845788e-07,6.013055991273818,273.9709344616993,nan
D,KL,adaptive-soft-zero,own,g3,512,0.001953125,200000,0.9807219890719825,0.9807770358840535,-5.504681207106543e-05,5.504681207106543e-05,7.273783201910206e-05,0.7567837883401488,42.11885991300005,nan,nan,control-variate,2.3850342380135796e-05,4.0648558889155426e-06,5.867450908942013,320.20668816522476,nan
D,FTE,fixed,shared,g1,1024,0.0009765625,200000,0.02008871157289077,0.02,8.871157289076998e-05,8.871157289076998e-05,7.895083488497088e-05,1.1236305863012115,6.9173624540017045,nan,nan,control-variate,1.6430721141730148e-06,1.4442862168305436e-07,11.376360828109977,298818.1140713461,1.276810568781407e-07
D,FTE,fixed,shared,g2,1024,0.0009765625,200000,0.001050368290393507,0.0010308524048309054,1.9515885562601695e-05,1.9515885562601695e-05,1.2548988690889164e-05,1.555175962248707,6.9173624540017045,nan,nan,control-variate,1.2376075081074196e-06,3.396248024343027e-07,3.6440433656102704,1365.2703488436455,2.999778613420259e-07
D,FTE,fixed,shared,g3,1024,0.0009765625,200000,0.9806989325799914,0.9807770358840535,-7.81033040621401e-05,7.81033040621401e-05,7.303127139684721e-05,1.0694501487962846,6.9173624540017045,nan,nan,control-variate,-8.76896598228985e-07,2.07395873006375e-07,4.228129448853742,123998.80576867386,2.059615699137813e-07
D,FTE,fixed,shared,g4,1024,0.0009765625,200000,0.9803895615909494,0.9804274052542012,-3.7843663251829926e-05,3.7843663251829926e-05,4.657564015777586e-05,0.8125205176704775,6.9173624540017045,nan,nan,control-variate,-2.685691805008929e-06,4.96135694140316e-08,54.13220287773465,881285.6918320188,4.3610538062869225e-08
D,HH,fixed,shared,g1,1024,0.0009765625,200000,0.02149379108993004,0.02,0.0014937910899300397,0.0014937910899300397,8.022479424203416e-05,18.62006757441281,6.864224687000387,nan,nan,control-variate,0.0014010734302896614,3.925419798098603e-06,356.92320881662494,417.6812757934955,3.0428349240646684e-06
D,HH,fixed,shared,g2,1024,0.0009765625,200000,0.0011094414942998544,0.0010308524048309054,7.858908946894906e-05,7.858908946894906e-05,1.2850373238124954e-05,6.115704813599351,6.864224687000387,nan,nan,control-variate,5.838636066541065e-05,5.55154685179179e-07,105.17133733018241,535.8009324715147,3.777270698542724e-07
D,HH,fixed,shared,g3,1024,0.0009765625,200000,0.9793413423567198,0.9807770358840535,-0.001435693527333693,0.001435693527333693,7.416640731705883e-05,19.35773322814671,6.864224687000387,nan,nan,control-variate,-0.0013537782646117003,3.731725507998013e-06,362.77541360162155,394.99818637299296,2.9092371586203254e-06
D,HH,fixed,shared,g4,1024,0.0009765625,200000,0.9796273320121667,0.9804274052542012,-0.000800073242034564,0.000800073242034564,4.632929403438864e-05,17.269273333642797,6.864224687000387,nan,nan,control-variate,-0.0007617571875662847,2.311238748605118e-06,329.58827296661644,401.8109289077657,2.477919392278867e-06
D,ProjEuler,fixed,shared,g1,1024,0.0009765625,200000,0.021212125287571996,0.02,0.0012121252875719963,0.0012121252875719963,7.990811347836456e-05,15.16898891500153,6.4107045640012075,nan,nan,control-variate,0.001120466635320005,3.6812063659570995e-06,304.3748499627209,471.195817235222,3.0129486454944823e-06
D,ProjEuler,fixed,shared,g2,1024,0.0009765625,200000,0.0010956500997541957,0.0010308524048309054,6.479769492329032e-05,6.479769492329032e-05,1.2771807631968003e-05,5.07349443324693,6.4107045640012075,nan,nan,control-variate,4.478282768113198e-05,5.491615805590397e-07,81.54763418727075,540.8843859762627,3.9315955870336186e-07
D,ProjEuler,fixed,shared,g3,1024,0.0009765625,200000,0.9796124120742072,0.9807770358840535,-0.0011646238098463242,0.0011646238098463242,7.388649314321014e-05,15.762337070037926,6.4107045640012075,nan,nan,control-variate,-0.0010836703547660832,3.489724484639332e-06,310.53177966801064,448.27841462263933,2.867977442678403e-06
D,ProjEuler,fixed,shared,g4,1024,0.0009765625,200000,0.9797807846309525,0.9804274052542012,-0.0006466206232487163,0.0006466206232487163,4.6342112589292874e-05,13.953196932979592,6.4107045640012075,nan,nan,control-variate,-0.000608679529801901,2.1823890019042067e-06,278.90514902284053,450.9073632031239,2.255700475550859e-06
D,BLT,fixed,shared,g1,1024,0.0009765625,200000,0.020421739187412552,0.02,0.00042173918741255327,0.00042173918741255327,7.919825745184295e-05,5.32510690237086,8.568895303000318,nan,nan,control-variate,0.00033139245175979197,3.0528168914890393e-06,108.55300646549826,673.0227430937778,2.396165524612814e-06
D,BLT,fixed,shared,g2,1024,0.0009765625,200000,0.0010624761550959503,0.0010308524048309054,3.162375026504488e-05,3.162375026504488e-05,1.261423163774059e-05,2.506989816996035,8.568895303000318,nan,nan,control-variate,1.1862900309588688e-05,5.351509704256846e-07,22.167390073407457,555.6086122651353,3.876517349139891e-07
D,BLT,fixed,shared,g3,1024,0.0009765625,200000,0.9803761767212826,0.9807770358840535,-0.00040085916277086573,0.00040085916277086573,7.325579784097317e-05,5.472046917584162,8.568895303000318,nan,nan,control-variate,-0.00032110013796713256,2.8644557918382087e-06,112.09813008183059,654.033144013533,2.2551811153913773e-06
D,BLT,fixed,shared,g4,1024,0.0009765625,200000,0.9802169962155931,0.9804274052542012,-0.00021040903860816462,0.00021040903860816462,4.6459580992036704e-05,4.528862166110136,8.568895303000318,nan,nan,control-variate,-0.00017278391736249546,1.8365002887117674e-06,94.08325085736664,639.9832027261729,1.7009057538534716e-06
D,KLM,projected,own,g1,1024,0.0009765625,200000,0.020315686452648647,0.02,0.0003156864526486456,0.0003156864526486456,7.88469184697348e-05,4.0037893525264545,1946.157944515,22020.72466,0.4399139328778111,control-variate,0.0002735041880215334,1.1202448525369828e-06,244.14679291061876,4953.857792062722,nan
D,KLM,projected,own,g2,1024,0.0009765625,200000,0.0010501632793261106,0.0010308524048309054,1.9310874495205247e-05,1.9310874495205247e-05,1.2467785968476427e-05,1.5488615656405154,1946.157944515,22020.72466,0.4399139328778111,control-variate,1.0014494528616317e-05,3.1527467633646326e-07,31.76434798058053,1563.86946301244,nan
D,KLM,projected,own,g3,1024,0.0009765625,200000,0.980475054232106,0.9807770358840535,-0.00030198165194744725,0.00030198165194744725,7.296190112081582e-05,4.138895057674049,1946.157944515,22020.72466,0.4399139328778111,control-variate,-0.00026496244451286016,1.016176219724994e-06,260.7445828485993,5155.303385853489,nan
D,KL,adaptive-soft-zero,own,g1,1024,0.0009765625,200000,0.01989987000487949,0.02,-0.00010012999512050946,0.00010012999512050946,7.774717382337164e-05,1.2878924107001983,83.50380554399999,nan,nan,control-variate,-2.6538431872846745e-05,3.0649440663674823e-06,8.658700223622557,643.4637941903267,nan
D,KL,adaptive-soft-zero,own,g2,1024,0.0009765625,200000,0.0010121217306210554,0.0010308524048309054,-1.8730674209850037e-05,1.8730674209850037e-05,1.1760728828886414e-05,1.5926457009912696,83.50380554399999,nan,nan,control-variate,-3.2691123157400976e-06,5.329490016040435e-07,6.134005891559765,486.9643484654056,nan
D,KL,adaptive-soft-zero,own,g3,1024,0.0009765625,200000,0.9808672344000043,0.9807770358840535,9.019851595081673e-05,9.019851595081673e-05,7.208330655277089e-05,1.25130935669251,83.50380554399999,nan,nan,control-variate,2.4473842152004065e-05,2.8794450377550512e-06,8.499499671327294,626.6886275668445,nan
D,FTE,fixed,shared,g1,2048,0.00048828125,200000,0.019928080128234053,0.02,-7.191987176594706e-05,7.191987176594706e-05,7.827770904625644e-05,0.9187784446201362,11.666050490000998,nan,nan,control-variate,5.614019384806812e-07,6.971338138715306e-08,8.053001121304634,1260793.370950104,6.658345490523078e-08
D,FTE,fixed,shared,g2,2048,0.00048828125,200000,0.0010288739525388232,0.0010308524048309054,-1.9784522920821744e-06,1.9784522920821744e-06,1.2172888172757202e-05,0.16252940666208782,11.666050490000998,nan,nan,control-variate,4.3530657620304515e-07,2.4445615770947976e-07,1.7807143018274005,2479.62097845057,2.589970860913751e-07
D,FTE,fixed,shared,g3,2048,0.00048828125,200000,0.9808467254190324,0.9807770358840535,6.968953497889968e-05,6.968953497889968e-05,7.245599653817012e-05,0.9618187356264839,11.666050490000998,nan,nan,control-variate,-2.875604160346693e-07,1.2774870155113773e-07,2.250985039715328,321688.6059828017,1.28666247287301e-07
D,FTE,fixed,shared,g4,2048,0.00048828125,200000,0.9804489947814021,0.9804274052542012,2.1589527200843168e-05,2.1589527200843168e-05,4.631495364323321e-05,0.4661459313367461,11.666050490000998,nan,nan,control-variate,-1.052029466436146e-06,3.2384528310252337e-08,32.485557805796205,2045348.4960390618,3.138734283918564e-08
D,HH,fixed,shared,g1,2048,0.00048828125,200000,0.021040928435907342,0.02,0.001040928435907341,0.001040928435907341,7.921728872170083e-05,13.140167414265322,12.284496870001021,nan,nan,control-variate,0.0010979382360628166,2.9275939085610882e-06,375.0309197092342,732.1807031916743,3.3232177113916873e-06
D,HH,fixed,shared,g2,2048,0.00048828125,200000,0.0010726058039423685,0.0010308524048309054,4.175339911146317e-05,4.175339911146317e-05,1.2359704143196065e-05,3.3781875866703603,12.284496870001021,nan,nan,control-variate,4.4528842484447e-05,3.975567789867853e-07,112.00624624722379,966.5355304579446,4.4439326075066277e-07
D,HH,fixed,shared,g3,2048,0.00048828125,200000,0.9797700369176909,0.9807770358840535,-0.001006998966362622,0.001006998966362622,7.33011608941688e-05,13.737831080417854,12.284496870001021,nan,nan,control-variate,-0.0010615565324254435,2.789174935410699e-06,380.59876379504755,690.6693726509607,3.1647850908331807e-06
D,HH,fixed,shared,g4,2048,0.00048828125,200000,0.9798476725566428,0.9804274052542012,-0.0005797326975583594,0.0005797326975583594,4.611352963089565e-05,12.571856940873676,12.284496870001021,nan,nan,control-variate,-0.0005984016747120663,1.7123642420287712e-06,349.4593381622436,725.2110791408587,1.7161186698552244e-06
D,ProjEuler,fixed,shared,g1,2048,0.00048828125,200000,0.020821009146563745,0.02,0.0008210091465637438,0.0008210091465637438,7.899636341746154e-05,10.392999260295898,11.734328624001137,nan,nan,control-variate,0.0008781665586902976,2.70622779340239e-06,324.49838880201116,852.0900581579783,3.0523341430017447e-06
D,ProjEuler,fixed,shared,g2,2048,0.00048828125,200000,0.001062830667339565,0.0010308524048309054,3.197826250865957e-05,3.197826250865957e-05,1.2309722704272334e-05,2.597805269615121,11.734328624001137,nan,nan,control-variate,3.46470223904349e-05,3.9325522530436944e-07,88.10314564445773,979.8227883180499,4.323042300557599e-07
D,ProjEuler,fixed,shared,g3,2048,0.00048828125,200000,0.9799821939622418,0.9807770358840535,-0.0007948419218116678,0.0007948419218116678,7.310453790729017e-05,10.872675548810276,11.734328624001137,nan,nan,control-variate,-0.000849594692077944,2.57013332743206e-06,330.5644431010175,809.0537330323664,2.9076364014184704e-06
D,ProjEuler,fixed,shared,g4,2048,0.00048828125,200000,0.9799677473380141,0.9804274052542012,-0.00045965791618721207,0.00045965791618721207,4.6135855422010907e-05,9.963138474027607,11.734328624001137,nan,nan,control-variate,-0.00047880108326623294,1.593066262472806e-06,300.5531499506011,838.7054674817564,1.5932217083652353e-06
D,BLT,fixed,shared,g1,2048,0.00048828125,200000,0.020216959925257412,0.02,0.00021695992525741275,0.00021695992525741275,7.847049043852981e-05,2.7648600645279418,16.807221394003136,nan,nan,control-variate,0.00027206987170236605,2.187058157443982e-06,124.39992543240574,1287.3364623125,2.1555160560730762e-06
D,BLT,fixed,shared,g2,2048,0.00048828125,200000,0.0010385281421455591,0.0010308524048309054,7.67573731465371e-06,7.67573731465371e-06,1.2202211448367987e-05,0.629044771690161,16.807221394003136,nan,nan,control-variate,9.977769871326584e-06,3.8379196698446845e-07,25.997860116051807,1010.8467802092782,3.9739508563930003e-07
D,BLT,fixed,shared,g3,2048,0.00048828125,200000,0.9805663759944673,0.9807770358840535,-0.00021065988958628097,0.00021065988958628097,7.263390859907328e-05,2.9002967573876197,16.807221394003136,nan,nan,control-variate,-0.00026356762436347784,2.0536853234542423e-06,128.33885569195397,1250.866701056714,2.049788897749112e-06
D,BLT,fixed,shared,g4,2048,0.00048828125,200000,0.9803005297157397,0.9804274052542012,-0.00012687553846157812,0.00012687553846157812,4.6236441868866105e-05,2.7440593032962464,16.807221394003136,nan,nan,control-variate,-0.00014695298807319897,1.3094685878176047e-06,112.22337781932956,1246.7478885820626,1.4450313471362792e-06
D,FTE,fixed,shared,g1,4096,0.000244140625,200000,0.020007535319816944,0.02,7.535319816943598e-06,7.535319816943598e-06,7.841488516025705e-05,0.09609552831128441,23.137483722994148,nan,nan,control-variate,2.4737724510207345e-07,3.4261753658566856e-08,7.220215508152161,5238148.967477553,2.2588427673538352e-08
D,FTE,fixed,shared,g2,4096,0.000244140625,200000,0.0010335068728238236,0.0010308524048309054,2.6544679929182173e-06,2.6544679929182173e-06,1.2219392322226351e-05,0.21723404265283283,23.137483722994148,nan,nan,control-variate,2.0687659227262238e-07,1.709808612073162e-07,1.209940053008519,5107.451096295047,1.6517791181341576e-07
D,FTE,fixed,shared,g3,4096,0.000244140625,200000,0.9807709074040462,0.9807770358840535,-6.128480007342807e-06,6.128480007342807e-06,7.25945814397613e-05,0.08442062597231441,23.137483722994148,nan,nan,control-variate,-1.2024141723809432e-07,8.336622187640024e-08,1.442327774147732,758277.5031118413,7.721754638015272e-08
D,FTE,fixed,shared,g4,4096,0.000244140625,200000,0.9804631668214768,0.9804274052542012,3.57615672755578e-05,3.57615672755578e-05,4.626918134336577e-05,0.7729025290110392,23.137483722994148,nan,nan,control-variate,-4.1946092335178494e-07,2.1909717257315495e-08,19.14497199692205,4459745.590317388,2.079264986806263e-08
D,HH,fixed,shared,g1,4096,0.000244140625,200000,0.020882938472637027,0.02,0.0008829384726370281,0.0008829384726370281,7.918085137037676e-05,11.15090905637009,24.66721617500116,nan,nan,control-variate,0.0008655403200728239,2.1849139588218516e-06,396.1438923386897,1313.323319180692,2.397731448057568e-06
D,HH,fixed,shared,g2,4096,0.000244140625,200000,0.0010686890085603376,0.0010308524048309054,3.7836603729432226e-05,3.7836603729432226e-05,1.2387567496624165e-05,3.054401418175391,24.66721617500116,nan,nan,control-variate,3.443832981379662e-05,2.7899036462514137e-07,123.43913690377389,1971.4858245801956,2.766144621399519e-07
D,HH,fixed,shared,g3,4096,0.000244140625,200000,0.9799242840202724,0.9807770358840535,-0.000852751863781117,0.000852751863781117,7.327755856499749e-05,11.637285418355233,24.66721617500116,nan,nan,control-variate,-0.0008371989884892703,2.0863298329935693e-06,401.2783478669889,1233.6047872524762,2.2794738177440877e-06
D,HH,fixed,shared,g4,4096,0.000244140625,200000,0.9799956308693052,0.9804274052542012,-0.00043177438489610094,0.00043177438489610094,4.611705275192785e-05,9.36257542776411,24.66721617500116,nan,nan,control-variate,-0.0004669476321953533,1.2734642504903788e-06,366.6751006284971,1311.4434666882285,1.4065189928423887e-06
D,ProjEuler,fixed,shared,g1,4096,0.000244140625,200000,0.020709615452969142,0.02,0.0007096154529691424,0.0007096154529691424,7.901607559810967e-05,8.980646629154014,23.219088045996614,nan,nan,control-variate,0.0006922357866810576,1.989512747840112e-06,347.94237304213004,1577.3841044426338,2.237956127829419e-06
D,ProjEuler,fixed,shared,g2,4096,0.000244140625,200000,0.0010612692498328823,0.0010308524048309054,3.0416845001976968e-05,3.0416845001976968e-05,1.2352295449985343e-05,2.4624447435810857,23.219088045996614,nan,nan,control-variate,2.7027292670611488e-05,2.758472216709471e-07,97.97920931337794,2005.20192780722,2.742224546238431e-07
D,ProjEuler,fixed,shared,g3,4096,0.000244140625,200000,0.9800916477978047,0.9807770358840535,-0.0006853880862488181,0.0006853880862488181,7.313058512917032e-05,9.372112708222138,23.219088045996614,nan,nan,control-variate,-0.0006698489963488221,1.893223974472498e-06,353.81392026554056,1492.0868597656065,2.1230552946346287e-06
D,ProjEuler,fixed,shared,g4,4096,0.000244140625,200000,0.9800893349582164,0.9804274052542012,-0.00033807029598484275,0.00033807029598484275,4.614070353897489e-05,7.326942808734504,23.219088045996614,nan,nan,control-variate,-0.0003730161246493808,1.167883608896578e-06,319.39494809915885,1560.879216888064,1.3193230831324353e-06
D,BLT,fixed,shared,g1,4096,0.000244140625,200000,0.020237951283616894,0.02,0.00023795128361689445,0.00023795128361689445,7.860351746267089e-05,3.0272345474857207,33.01708453600622,nan,nan,control-variate,0.00022054412543149763,1.5582631123829442e-06,141.53201964348287,2544.499569308186,1.5549818764709281e-06
D,BLT,fixed,shared,g2,4096,0.000244140625,200000,0.0010422523714242976,0.0010308524048309054,1.1399966593392128e-05,1.1399966593392128e-05,1.226939407034631e-05,0.9291385155640662,33.01708453600622,nan,nan,control-variate,8.108674001668028e-06,2.6921332083791446e-07,30.119884025166886,2077.0796001748517,2.6006219327523947e-07
D,BLT,fixed,shared,g3,4096,0.000244140625,200000,0.9805477872861331,0.9807770358840535,-0.00022924859792042664,0.00022924859792042664,7.276176472610933e-05,3.1506739670672754,33.01708453600622,nan,nan,control-variate,-0.00021365439380464463,1.4642962021375494e-06,145.90927265450551,2469.156262098333,1.4628864705420956e-06
D,BLT,fixed,shared,g4,4096,0.000244140625,200000,0.9803450983001761,0.9804274052542012,-8.230695402515455e-05,8.230695402515455e-05,4.622071996861225e-05,1.7807371689806624,33.01708453600622,nan,nan,control-variate,-0.00011657210914638805,9.348386711198122e-07,124.69756841225897,2444.5564663839305,9.176489634152484e-07
E,FTE,fixed,shared,g1,8,0.125,200000,0.022598617472473534,0.02,0.002598617472473535,0.002598617472473535,0.0001432839012498842,18.13614404553097,0.031271474003006006,nan,nan,control-variate,0.0026936071038764354,3.644207970941959e-05,73.91474705490502,15.459252404487122,3.601283384996538e-05
E,FTE,fixed,shared,g2,8,0.125,200000,0.0038306553730784246,0.002869077484071985,0.0009615778890064395,0.0009615778890064395,5.7591302224243195e-05,16.696581807828284,0.031271474003006006,nan,nan,control-variate,0.0009858613621311725,2.1702780678187992e-05,45.42557825882633,7.041789428941156,1.5951483908593992e-05
E,FTE,fixed,shared,g3,8,0.125,200000,0.979468108418586,0.9815966163107497,-0.0021285078921636368,0.0021285078921636368,0.00012113853907255868,17.5708565454031,0.031271474003006006,nan,nan,control-variate,-0.002211739180528739,3.21080979221454e-05,68.88415457968539,14.234280047476028,3.32728329059081e-05
E,FTE,fixed,shared,g4,8,0.125,200000,0.9745079408181208,0.980767107438895,-0.006259166620774194,0.006259166620774194,8.261131536335266e-05,75.76645636550212,0.031271474003006006,nan,nan,control-variate,-0.006250563799766803,1.946410959262525e-05,321.132789045489,18.013993094881208,2.1877462839949927e-05
E,HH,fixed,shared,g1,8,0.125,200000,0.06629618171315235,0.02,0.04629618171315235,0.04629618171315235,0.00023669672465668936,195.59282782768307,0.033232322995900176,nan,nan,control-variate,0.0464379746691516,0.00011511669637210417,403.3991256928109,4.227736011728744,6.332801583356234e-05
E,HH,fixed,shared,g2,8,0.125,200000,0.013220759423532367,0.002869077484071985,0.010351681939460382,0.010351681939460382,0.00012129080956537279,85.34597119562532,0.033232322995900176,nan,nan,control-variate,0.010371877704356339,6.510217193785188e-05,159.3169228556243,3.4710816855726208,3.8663135103269466e-05
E,HH,fixed,shared,g3,8,0.125,200000,0.9405895563279998,0.9815966163107497,-0.041007059982749894,0.041007059982749894,0.0001922242017002354,213.3293290857229,0.033232322995900176,nan,nan,control-variate,-0.04113587070612379,9.574197539947925e-05,429.65345695538605,4.030986691169332,5.0772140622062044e-05
E,HH,fixed,shared,g4,8,0.125,200000,0.9517802029794343,0.980767107438895,-0.028986904459460564,0.028986904459460564,0.00010224998627372316,283.49054621741107,0.033232322995900176,nan,nan,control-variate,-0.029049512931764467,6.084563593769245e-05,477.42968717611797,2.824019216623497,4.6772519526266115e-05
E,ProjEuler,fixed,shared,g1,8,0.125,200000,0.05791026097604686,0.02,0.037910260976046856,0.037910260976046856,0.0001746173206698163,217.10481429119696,0.02838708000490442,nan,nan,control-variate,0.038015399549740675,9.180967682867712e-05,414.0674584954689,3.617409900621204,7.945070903109375e-05
E,ProjEuler,fixed,shared,g2,8,0.125,200000,0.007535399131644392,0.002869077484071985,0.004666321647572407,0.004666321647572407,7.641789987767616e-05,61.0632018812594,0.02838708000490442,nan,nan,control-variate,0.004683711884846689,3.9999058016103295e-05,117.0955546743392,3.649981547739429,2.725128582586521e-05
E,ProjEuler,fixed,shared,g3,8,0.125,200000,0.9463604757462443,0.9815966163107497,-0.035236140564505414,0.035236140564505414,0.0001447265879808031,243.466947270112,0.02838708000490442,nan,nan,control-variate,-0.03533067512540119,7.912499219698867e-05,446.517265207968,3.3455635707103535,6.885087682038571e-05
E,ProjEuler,fixed,shared,g4,8,0.125,200000,0.9551371518552,0.980767107438895,-0.02562995558369498,0.02562995558369498,7.67858118832975e-05,333.78504381315304,0.02838708000490442,nan,nan,control-variate,-0.025696286322434175,6.155985201532132e-05,417.41955968378153,1.5558467852604296,6.377337273133335e-05
E,BLT,fixed,shared,g1,8,0.125,200000,0.029250137846975777,0.02,0.009250137846975778,0.009250137846975778,0.00013844995882241672,66.8121386647756,0.03551385000173468,nan,nan,control-variate,0.009310811490454002,6.762298834305406e-05,137.68707533627313,4.191765164052389,5.77668354183441e-05
E,BLT,fixed,shared,g2,8,0.125,200000,0.003690388979339941,0.002869077484071985,0.0008213114952679558,0.0008213114952679558,4.6726731346171584e-05,17.57690879730768,0.03551385000173468,nan,nan,control-variate,0.0008280894188369999,2.3752867698493323e-05,34.8627133931086,3.8698907491255676,2.3056742878962126e-05
E,BLT,fixed,shared,g3,8,0.125,200000,0.9728932063304165,0.9815966163107497,-0.008703409980333133,0.008703409980333133,0.00012005423816775413,72.49564957608317,0.03551385000173468,nan,nan,control-variate,-0.008759604694722733,5.992282669658247e-05,146.18143331383118,4.0139356770211,4.812831508288548e-05
E,BLT,fixed,shared,g4,8,0.125,200000,0.9750222064993739,0.980767107438895,-0.005744900939521045,0.005744900939521045,7.247514412708319e-05,79.26718889233966,0.03551385000173468,nan,nan,control-variate,-0.005757701413234283,4.444256511177469e-05,129.55375997657768,2.659377197542416,5.1029917104323794e-05
E,KLM,projected,own,g1,8,0.125,200000,0.029161676274561288,0.02,0.009161676274561287,0.009161676274561287,0.00014288596570522877,64.11879731744729,15.191242103002878,173.558045,0.31003293451479014,control-variate,0.009386685954514544,3.316115570457664e-05,283.0626905207368,18.566063569883784,nan
E,KLM,projected,own,g2,8,0.125,200000,0.003963870469553581,0.002869077484071985,0.0010947929854815959,0.0010947929854815959,5.519509719152263e-05,19.834967980629706,15.191242103002878,173.558045,0.31003293451479014,control-variate,0.0011637520479288019,1.952135621313888e-05,59.614303187886954,7.99431086866031,nan
E,KLM,projected,own,g3,8,0.125,200000,0.9730691511968764,0.9815966163107497,-0.008527465113873242,0.008527465113873242,0.00012185029382197345,69.98313131958547,15.191242103002878,173.558045,0.31003293451479014,control-variate,-0.008719395577094377,2.7799249852486207e-05,313.65578651808704,19.212638344659243,nan
E,KL,adaptive-soft-zero,own,g1,8,0.125,200000,0.019067252906710776,0.02,-0.0009327470932892261,0.0009327470932892261,0.0001043096032757465,8.942101819939559,1.9350649900006829,nan,nan,control-variate,-0.0009375956363383316,6.3704933726295e-05,14.717786857241913,2.6810347975861784,nan
E,KL,adaptive-soft-zero,own,g2,8,0.125,200000,0.0019477915236359635,0.002869077484071985,-0.0009212859604360214,0.0009212859604360214,3.24561788834637e-05,28.385533729770422,1.9350649900006829,nan,nan,control-variate,-0.000912627128653803,1.7252542975581452e-05,52.89812232002542,3.539065014073591,nan
E,KL,adaptive-soft-zero,own,g3,8,0.125,200000,0.9820996869237513,0.9815966163107497,0.0005030706130016132,0.0005030706130016132,9.133392816944897e-05,5.508036532363768,1.9350649900006829,nan,nan,control-variate,0.000511764172765656,5.759711435345065e-05,8.885239799083722,2.5145647430302076,nan
E,FTE,fixed,shared,g1,16,0.0625,200000,0.020739613098058052,0.02,0.0007396130980580503,0.0007396130980580503,0.00013236893696828332,5.587512561464988,0.07294765399637981,nan,nan,control-variate,0.000753536296193779,2.099557591409947e-05,35.89024179554635,39.74811872560134,2.843922886685942e-05
E,FTE,fixed,shared,g2,16,0.0625,200000,0.003226119281113798,0.002869077484071985,0.0003570417970418129,0.0003570417970418129,5.1564773925328584e-05,6.924141615724881,0.07294765399637981,nan,nan,control-variate,0.00037972425358972345,1.2798118467107223e-05,29.670318692990897,16.23356798522512,1.6785328366940744e-05
E,FTE,fixed,shared,g3,16,0.0625,200000,0.981028186050745,0.9815966163107497,-0.0005684302600046393,0.0005684302600046393,0.00011250288572474222,5.052583819008895,0.07294765399637981,nan,nan,control-variate,-0.0005743607847228662,1.940693736640705e-05,29.59564272707301,33.60572864075622,2.7543807275487876e-05
E,FTE,fixed,shared,g4,16,0.0625,200000,0.9777234266232421,0.980767107438895,-0.0030436808156528716,0.0030436808156528716,7.834927242474882e-05,38.847595152542084,0.07294765399637981,nan,nan,control-variate,-0.003050701935241791,9.504583880130494e-06,320.97164628315176,67.95223101305753,7.115604797115852e-06
E,HH,fixed,shared,g1,16,0.0625,200000,0.05504011230179788,0.02,0.03504011230179788,0.03504011230179788,0.00019943501142377765,175.69689520232464,0.0757011110035819,nan,nan,control-variate,0.035214813686075874,7.368828208243674e-05,477.8889219683567,7.324971532032506,6.844017737959357e-05
E,HH,fixed,shared,g2,16,0.0625,200000,0.009055228474973889,0.002869077484071985,0.006186150990901904,0.006186150990901904,8.930110022999781e-05,69.27295380425635,0.0757011110035819,nan,nan,control-variate,0.006298396932099159,3.438850575981121e-05,183.15413225834027,6.74352556828771,3.635936430553286e-05
E,HH,fixed,shared,g3,16,0.0625,200000,0.9498785790536135,0.9815966163107497,-0.03171803725713613,0.03171803725713613,0.00016568898515691995,191.43117586903412,0.0757011110035819,nan,nan,control-variate,-0.03184463450329389,6.375785101441685e-05,499.4621681350775,6.753360521125056,5.5423452758194855e-05
E,HH,fixed,shared,g4,16,0.0625,200000,0.9582135052365298,0.980767107438895,-0.02255360220236516,0.02255360220236516,9.065913174596106e-05,248.77363998547162,0.0757011110035819,nan,nan,control-variate,-0.022611916221908383,4.201970623057327e-05,538.1264708951272,4.654972152527374,5.227854039696839e-05
E,ProjEuler,fixed,shared,g1,16,0.0625,200000,0.04765388036005117,0.02,0.02765388036005117,0.02765388036005117,0.00016529747942597647,167.297653031879,0.06503698000233271,nan,nan,control-variate,0.027757802500343536,6.796077530215378e-05,408.4385791205629,5.915831737782988,5.203600439654938e-05
E,ProjEuler,fixed,shared,g2,16,0.0625,200000,0.00618204392576972,0.002869077484071985,0.0033129664416977353,0.0033129664416977353,6.700597109020528e-05,49.442853939654555,0.06503698000233271,nan,nan,control-variate,0.003396939683680821,2.5812006741154072e-05,131.6030837023151,6.738814032449601,2.3880977684474823e-05
E,ProjEuler,fixed,shared,g3,16,0.0625,200000,0.9558499726597504,0.9815966163107497,-0.025746643650999355,0.025746643650999355,0.00013912883857282763,185.05612434565214,0.06503698000233271,nan,nan,control-variate,-0.025814218663003666,6.005034556040646e-05,429.8762716866694,5.367886168969346,4.629110974864188e-05
E,ProjEuler,fixed,shared,g4,16,0.0625,200000,0.9624301113255234,0.980767107438895,-0.018336996113371598,0.018336996113371598,7.704943796508977e-05,237.99000482884617,0.06503698000233271,nan,nan,control-variate,-0.01838681827534525,4.398077165517934e-05,418.06493118180543,3.0691156969560742,5.114811117209753e-05
E,BLT,fixed,shared,g1,16,0.0625,200000,0.030502596765881462,0.02,0.01050259676588146,0.01050259676588146,0.00014303696328627673,73.42575320801082,0.08976294300373411,nan,nan,control-variate,0.010632664683502957,5.241937332349128e-05,202.8384547424191,7.445826521260471,5.1349591795441664e-05
E,BLT,fixed,shared,g2,16,0.0625,200000,0.003988624270871086,0.002869077484071985,0.0011195467867991008,0.0011195467867991008,5.081850957753312e-05,22.030295577461267,0.08976294300373411,nan,nan,control-variate,0.0011731467981012163,1.9077120970461933e-05,61.494960372566624,7.096074726643118,1.683024272587267e-05
E,BLT,fixed,shared,g3,16,0.0625,200000,0.9717835861128368,0.9815966163107497,-0.009813030197912933,0.009813030197912933,0.00012316405114330928,79.67446756436131,0.08976294300373411,nan,nan,control-variate,-0.009918647145136244,4.6479880392269923e-05,213.39657205283635,7.021629778381322,4.576585814974947e-05
E,BLT,fixed,shared,g4,16,0.0625,200000,0.9742991954590465,0.980767107438895,-0.006467911979848368,0.006467911979848368,7.425792062279561e-05,87.1006341896255,0.08976294300373411,nan,nan,control-variate,-0.006485649929244547,3.3164081073150305e-05,195.5624796278568,5.013599420624646,3.427063070964776e-05
E,KLM,projected,own,g1,16,0.0625,200000,0.02876536158411762,0.02,0.008765361584117616,0.008765361584117616,0.00014224900470630427,61.61984473786021,35.97109827500026,390.85988,0.4829995086730314,control-variate,0.008684451072082084,2.3990519521391668e-05,361.99512329603385,35.15759565972122,nan
E,KLM,projected,own,g2,16,0.0625,200000,0.003915468813032253,0.002869077484071985,0.0010463913289602673,0.0010463913289602673,5.426812390533135e-05,19.28187771491155,35.97109827500026,390.85988,0.4829995086730314,control-variate,0.0010528093836646233,1.4048600767028508e-05,74.94051550924017,14.92187762584896,nan
E,KLM,projected,own,g3,16,0.0625,200000,0.9734398575660098,0.9815966163107497,-0.008156758744739905,0.008156758744739905,0.00012144361148477801,67.16498830210011,35.97109827500026,390.85988,0.4829995086730314,control-variate,-0.00807524162154818,2.0285399344496958e-05,398.08147152591494,35.84117376760875,nan
E,KL,adaptive-soft-zero,own,g1,16,0.0625,200000,0.019622134080319705,0.02,-0.0003778659196802945,0.0003778659196802945,0.00011427474457874572,3.3066441852329884,3.59676745699835,nan,nan,control-variate,-0.0005403242057492908,4.988205481749502e-05,10.832035843875945,5.248217776231059,nan
E,KL,adaptive-soft-zero,own,g2,16,0.0625,200000,0.0023692225840565148,0.002869077484071985,-0.0004998549000154705,0.0004998549000154705,4.054157352742031e-05,12.329440042019913,3.59676745699835,nan,nan,control-variate,-0.0005321233413658491,1.4985272716020988e-05,35.50975357271595,7.319339628283621,nan
E,KL,adaptive-soft-zero,own,g3,16,0.0625,200000,0.9817404439557436,0.9815966163107497,0.00014382764499384446,0.00014382764499384446,9.863869276621942e-05,1.4581260249943298,3.59676745699835,nan,nan,control-variate,0.0002887036197119673,4.5181448981271303e-05,6.3898707593827115,4.766222434725086,nan
E,FTE,fixed,shared,g1,32,0.03125,200000,0.020417030305957626,0.02,0.00041703030595762684,0.00041703030595762684,0.00012969826860046758,3.2153883814924216,0.17448854199028574,nan,nan,control-variate,0.0003124388658716629,1.2022572547976992e-05,25.987688127882098,116.37871141362379,1.030645444295152e-05
E,FTE,fixed,shared,g2,32,0.03125,200000,0.003088725986052298,0.002869077484071985,0.00021964850198031292,0.00021964850198031292,5.313455135282439e-05,4.133816817644728,0.17448854199028574,nan,nan,control-variate,0.00015977570768360198,8.36468063189312e-06,19.10123227830171,40.351093441664965,7.891684453590437e-06
E,FTE,fixed,shared,g3,32,0.03125,200000,0.9812797910128815,0.9815966163107497,-0.00031682529786814667,0.00031682529786814667,0.00011007703109118905,2.8782144170084405,0.17448854199028574,nan,nan,control-variate,-0.00023636622593034906,1.1523009082577638e-05,20.51254357576842,91.25603746037834,9.533378826455367e-06
E,FTE,fixed,shared,g4,32,0.03125,200000,0.9792476063477156,0.980767107438895,-0.0015195010911793678,0.0015195010911793678,7.539828399809904e-05,20.152993020606115,0.17448854199028574,nan,nan,control-variate,-0.00138245328856409,4.146630098408876e-06,333.3919968155727,330.6224442193754,4.752326980358832e-06
E,HH,fixed,shared,g1,32,0.03125,200000,0.04768839623212047,0.02,0.027688396232120466,0.027688396232120466,0.00018198996908581102,152.1424305482736,0.18130289599866956,nan,nan,control-variate,0.02753496598877795,5.169806226648427e-05,532.611180799107,12.392141730947815,5.444210978264649e-05
E,HH,fixed,shared,g2,32,0.03125,200000,0.007257585280163425,0.002869077484071985,0.00438850779609144,0.00438850779609144,8.001898215450262e-05,54.84333439305691,0.18130289599866956,nan,nan,control-variate,0.004257763008193197,2.0745797434117137e-05,205.2349648990194,14.877356829224883,3.0342428106607444e-05
E,HH,fixed,shared,g3,32,0.03125,200000,0.9563074356948957,0.9815966163107497,-0.025289180615853894,0.025289180615853894,0.00015216952346428143,166.19083795573556,0.18130289599866956,nan,nan,control-variate,-0.0251873672762692,4.5798623811481486e-05,549.9590419997479,11.039527984231329,4.3177233337026e-05
E,HH,fixed,shared,g4,32,0.03125,200000,0.9630151317077377,0.980767107438895,-0.01775197573115732,0.01775197573115732,8.417935662826032e-05,210.8827679635378,0.18130289599866956,nan,nan,control-variate,-0.017583301211110625,3.0254466852169508e-05,581.180336015399,7.741626168215217,2.864740959648003e-05
E,ProjEuler,fixed,shared,g1,32,0.03125,200000,0.041549792019054045,0.02,0.021549792019054045,0.021549792019054045,0.00016160329040951994,133.3499581873895,0.15459496500261594,nan,nan,control-variate,0.02138169558489355,5.038046296460091e-05,424.40450775367196,10.289069251242552,5.197888388469281e-05
E,ProjEuler,fixed,shared,g2,32,0.03125,200000,0.00558499266043085,0.002869077484071985,0.002715915176358865,0.002715915176358865,6.704621449604695e-05,40.50810618873935,0.15459496500261594,nan,nan,control-variate,0.0025959329775157433,1.7384620301156385e-05,149.32353612250407,14.873668743243671,2.2706342688280316e-05
E,ProjEuler,fixed,shared,g3,32,0.03125,200000,0.9615882813353046,0.9815966163107497,-0.02000833497544506,0.02000833497544506,0.0001362394025409525,146.86158778060343,0.15459496500261594,nan,nan,control-variate,-0.019889055160540268,4.516693753613655e-05,440.3454439351285,9.098382081895792,4.538269438428856e-05
E,ProjEuler,fixed,shared,g4,32,0.03125,200000,0.9668682295538404,0.980767107438895,-0.013898877885054462,0.013898877885054462,7.674933914816819e-05,181.09443077056375,0.15459496500261594,nan,nan,control-variate,-0.013720242070531236,3.1603436309854384e-05,434.13766579088986,5.897672813078136,2.4348179984778222e-05
E,BLT,fixed,shared,g1,32,0.03125,200000,0.03071626712782577,0.02,0.010716267127825767,0.010716267127825767,0.00014665233287157144,73.07259910560288,0.20870580799601157,nan,nan,control-variate,0.010538423100812872,3.938893646703873e-05,267.5477950421837,13.862113246241819,6.217017772644612e-05
E,BLT,fixed,shared,g2,32,0.03125,200000,0.004207804825953341,0.002869077484071985,0.0013387273418813562,0.0013387273418813562,5.673551817259184e-05,23.595930468263127,0.20870580799601157,nan,nan,control-variate,0.0012335614787654999,1.4312953223555637e-05,86.18497241612988,15.712726367343484,2.0822206130382604e-05
E,BLT,fixed,shared,g3,32,0.03125,200000,0.9716571881224686,0.9815966163107497,-0.0099394281882811,0.0099394281882811,0.00012518338394884384,79.39894157472884,0.20870580799601157,nan,nan,control-variate,-0.00980572113931994,3.505320182944832e-05,279.7382443700797,12.753752579877307,5.347784144212338e-05
E,BLT,fixed,shared,g4,32,0.03125,200000,0.9742247291324696,0.980767107438895,-0.006542378306425334,0.006542378306425334,7.488646036310778e-05,87.36396772798176,0.20870580799601157,nan,nan,control-variate,-0.0063852217615512396,2.4276331348438087e-05,263.0225164545737,9.51569456689524,2.9939496258173267e-05
E,KLM,projected,own,g1,32,0.03125,200000,0.028050678085913217,0.02,0.008050678085913214,0.008050678085913214,0.0001423524486468681,56.55454586442997,75.93660089900004,837.459845,0.5137899775958811,control-variate,0.007758091103441168,1.7450482615290512e-05,444.5774523532863,66.54493406696488,nan
E,KLM,projected,own,g2,32,0.03125,200000,0.003902171509432036,0.002869077484071985,0.0010330940253600507,0.0010330940253600507,5.4720413708936945e-05,18.879499538420443,75.93660089900004,837.459845,0.5137899775958811,control-variate,0.0009499815516165685,9.99700296334258e-06,95.02663499250724,29.961193032352856,nan
E,KLM,projected,own,g3,32,0.03125,200000,0.9741359448937825,0.9815966163107497,-0.0074606714169671035,0.0074606714169671035,0.00012137370702163325,61.46859645340929,75.93660089900004,837.459845,0.5137899775958811,control-variate,-0.007210305778566593,1.4888355511749553e-05,484.2916178940235,66.45930140264981,nan
E,KL,adaptive-soft-zero,own,g1,32,0.03125,200000,0.01967720809706884,0.02,-0.0003227919029311596,0.0003227919029311596,0.00011779623607505395,2.7402565114686053,6.667693299001257,nan,nan,control-variate,-0.00031323849226724723,3.740750979857715e-05,8.373679348181625,9.916198932403741,nan
E,KL,adaptive-soft-zero,own,g2,32,0.03125,200000,0.0025210418484104304,0.002869077484071985,-0.00034803563566155455,0.00034803563566155455,4.06385286172967e-05,8.564179056261956,6.667693299001257,nan,nan,control-variate,-0.0003078906924519484,1.1305970833890594e-05,27.232574448982326,12.919932030813888,nan
E,KL,adaptive-soft-zero,own,g3,32,0.03125,200000,0.9817604470402435,0.9815966163107497,0.00016383072949382465,0.00016383072949382465,0.00010170915540526319,1.6107766192830546,6.667693299001257,nan,nan,control-variate,0.00016749980566959705,3.398509882575581e-05,4.928624940253413,8.956596750418502,nan
E,FTE,fixed,shared,g1,64,0.015625,200000,0.02019701679621015,0.02,0.0001970167962101501,0.0001970167962101501,0.00012748463158578598,1.5454160533662058,0.35253026799910003,nan,nan,control-variate,0.00017592644966109923,6.349489895584049e-06,27.707178459084215,403.12338645712026,8.175470117011106e-06
E,FTE,fixed,shared,g2,64,0.015625,200000,0.002976196174211486,0.002869077484071985,0.00010711869013950094,0.00010711869013950094,4.9856671674889846e-05,2.148532714698862,0.35253026799910003,nan,nan,control-variate,7.376105808852948e-05,5.544175156059561e-06,13.304243825686424,80.86725106634334,6.8324103917081264e-06
E,FTE,fixed,shared,g3,64,0.015625,200000,0.9814489551094725,0.9815966163107497,-0.00014766120127713024,0.00014766120127713024,0.0001085541584555477,1.360253751472788,0.35253026799910003,nan,nan,control-variate,-0.0001403649318063612,6.322345923314563e-06,22.201400162041953,294.8060699211861,8.468301224995033e-06
E,FTE,fixed,shared,g4,64,0.015625,200000,0.9801800172910488,0.980767107438895,-0.0005870901478461814,0.0005870901478461814,7.295907065571856e-05,8.046842463448582,0.35253026799910003,nan,nan,control-variate,-0.0006113911819073574,1.6864584275122152e-06,362.5296490760541,1871.5753077915988,1.532238920670593e-06
E,HH,fixed,shared,g1,64,0.015625,200000,0.0421032210349843,0.02,0.022103221034984303,0.022103221034984303,0.0001678333781481764,131.69740893536598,0.3514650219985924,nan,nan,control-variate,0.022174467808776313,3.8272420776037584e-05,579.3850339004367,19.230244533509563,2.7804857540381953e-05
E,HH,fixed,shared,g2,64,0.015625,200000,0.005978792867393908,0.002869077484071985,0.0031097153833219227,0.0031097153833219227,6.865719681182728e-05,45.29336366360686,0.3514650219985924,nan,nan,control-variate,0.003091558037531921,1.296061799593222e-05,238.53477037146132,28.06213534105783,1.3113657835291431e-05
E,HH,fixed,shared,g3,64,0.015625,200000,0.9612397438873934,0.9815966163107497,-0.02035687242335621,0.02035687242335621,0.00014172727046130992,143.634124590817,0.3514650219985924,nan,nan,control-variate,-0.02043229041790108,3.450054145668762e-05,592.2310072597561,16.87543685151371,2.3555975877338527e-05
E,HH,fixed,shared,g4,64,0.015625,200000,0.966918909060841,0.980767107438895,-0.013848198378053983,0.013848198378053983,7.958105009746416e-05,174.0137678642576,0.3514650219985924,nan,nan,control-variate,-0.01390120218763764,2.2690076742510307e-05,612.65558267564,12.301197788378314,1.748374750255188e-05
E,ProjEuler,fixed,shared,g1,64,0.015625,200000,0.0371263294518585,0.02,0.0171263294518585,0.0171263294518585,0.00015489181809319317,110.56961989789653,0.32135536900386796,nan,nan,control-variate,0.017190091998472313,3.750100989200472e-05,458.3901086391081,17.059685803942216,3.2843153193460606e-05
E,ProjEuler,fixed,shared,g2,64,0.015625,200000,0.004951487821382046,0.002869077484071985,0.0020824103373100608,0.0020824103373100608,6.115207924930329e-05,34.052976822268654,0.32135536900386796,nan,nan,control-variate,0.0020622529334444906,1.161172130739822e-05,177.60096706166723,27.73506888079172,1.2627712568747627e-05
E,ProjEuler,fixed,shared,g3,64,0.015625,200000,0.9656686032887561,0.9815966163107497,-0.015928013021993512,0.015928013021993512,0.00013147080709637849,121.15247007129895,0.32135536900386796,nan,nan,control-variate,-0.015997491544023357,3.39942694858514e-05,470.5937731852599,14.957094318825376,2.8196131812081563e-05
E,ProjEuler,fixed,shared,g4,64,0.015625,200000,0.9700823160958636,0.980767107438895,-0.010684791343031326,0.010684791343031326,7.548569686304226e-05,141.54723062856948,0.32135536900386796,nan,nan,control-variate,-0.0107337129404512,2.303803104614827e-05,465.9127734896325,10.735903989694679,2.4807077454690687e-05
E,BLT,fixed,shared,g1,64,0.015625,200000,0.029841219383373856,0.02,0.009841219383373854,0.009841219383373854,0.00014445365216830065,68.12717598796328,0.4300268389961275,nan,nan,control-variate,0.00983682490196407,2.9230758109914634e-05,336.52308520276,24.421756384356765,2.6747913052845814e-05
E,BLT,fixed,shared,g2,64,0.015625,200000,0.004061169845584438,0.002869077484071985,0.0011920923615124533,0.0011920923615124533,5.502244569030888e-05,21.665564781000217,0.4300268389961275,nan,nan,control-variate,0.0011643596154759606,1.0123672637597029e-05,115.01355853327304,29.53953090924284,8.087711679802676e-06
E,BLT,fixed,shared,g3,64,0.015625,200000,0.9724511401276601,0.9815966163107497,-0.00914547618308954,0.00914547618308954,0.00012339471098494673,74.1156254598726,0.4300268389961275,nan,nan,control-variate,-0.009151413231128789,2.6185950940613238e-05,349.47797969541585,22.205286985305978,2.5020433365177427e-05
E,BLT,fixed,shared,g4,64,0.015625,200000,0.974904299567688,0.980767107438895,-0.0058628078712069966,0.0058628078712069966,7.421365090382932e-05,78.99904936363242,0.4300268389961275,nan,nan,control-variate,-0.005885119109231758,1.7782205008007613e-05,330.95553147551686,17.4179230811388,1.3154569729805882e-05
E,KLM,projected,own,g1,64,0.015625,200000,0.026322168474059573,0.02,0.006322168474059573,0.006322168474059573,0.00013553271876130444,46.646806260811154,158.9987196459988,1763.61104,0.5512122191069977,control-variate,0.006876862759743662,1.3047833215348788e-05,527.0501734842901,107.89753107498886,nan
E,KLM,projected,own,g2,64,0.015625,200000,0.003490987259142685,0.002869077484071985,0.0006219097750706999,0.0006219097750706999,4.945263290895153e-05,12.575867825191702,158.9987196459988,1763.61104,0.5512122191069977,control-variate,0.0008261185201198543,6.778469698429485e-06,121.87389733574513,53.22498156743181,nan
E,KLM,projected,own,g3,64,0.015625,200000,0.97565846731884,0.9815966163107497,-0.005938148991909731,0.005938148991909731,0.00011628763568952411,51.06431957877251,158.9987196459988,1763.61104,0.5512122191069977,control-variate,-0.006397647073464088,1.1320840636733465e-05,565.121202457813,105.5139126257977,nan
E,KL,adaptive-soft-zero,own,g1,64,0.015625,200000,0.019892284274206685,0.02,-0.00010771572579331626,0.00010771572579331626,0.0001239916738884782,0.868733540045592,12.46394425499966,nan,nan,control-variate,-0.00014915886827818867,2.7456120121477075e-05,5.4326273201839514,20.39420185955404,nan
E,KL,adaptive-soft-zero,own,g2,64,0.015625,200000,0.0028131651816599096,0.002869077484071985,-5.591230241207523e-05,5.591230241207523e-05,5.133116734331046e-05,1.08924665667791,12.46394425499966,nan,nan,control-variate,-0.00015018838430775388,8.687748122213528e-06,17.287377833128037,34.90983846290884,nan
E,KL,adaptive-soft-zero,own,g3,64,0.015625,200000,0.9816668151034144,0.9815966163107497,7.019879266471319e-05,7.019879266471319e-05,0.00010536235950870728,0.6662606360757503,12.46394425499966,nan,nan,control-variate,7.70629775809291e-05,2.4955883155493558e-05,3.0879683600363856,17.82481734982531,nan
E,FTE,fixed,shared,g1,128,0.0078125,200000,0.020186557339452203,0.02,0.00018655733945220184,0.00018655733945220184,0.00012684888727676507,1.470705368074392,0.7488774529992952,nan,nan,control-variate,9.677051695153786e-05,3.2344106870500463e-06,29.919056766349513,1538.094422228709,3.148729610674462e-06
E,FTE,fixed,shared,g2,128,0.0078125,200000,0.0029444831278470744,0.002869077484071985,7.540564377508955e-05,7.540564377508955e-05,4.6997288715735426e-05,1.6044679562513267,0.7488774529992952,nan,nan,control-variate,4.071629597877701e-05,3.708682864035164e-06,10.97864052319545,160.5854573577881,3.378040226474808e-06
E,FTE,fixed,shared,g3,128,0.0078125,200000,0.9814492976331304,0.9815966163107497,-0.00014731867761930782,0.00014731867761930782,0.00010841851879197064,1.3587962578789454,0.7488774529992952,nan,nan,control-variate,-7.66152953002199e-05,3.3987604573766853e-06,22.54212859689294,1017.5735873051692,3.532343753428207e-06
E,FTE,fixed,shared,g4,128,0.0078125,200000,0.9804559549714825,0.980767107438895,-0.00031115246741245686,0.00031115246741245686,7.204791174121928e-05,4.318688215836847,0.7488774529992952,nan,nan,control-variate,-0.0002740218875134777,7.469574142664941e-07,366.8507498283083,9303.601721924131,4.5726062024354673e-07
E,HH,fixed,shared,g1,128,0.0078125,200000,0.03827882319149535,0.02,0.018278823191495354,0.018278823191495354,0.00015986408588015104,114.33977238138938,0.7641887209974811,nan,nan,control-variate,0.01826716847568425,2.9222553676137428e-05,625.1051389324974,29.92715874513246,2.0007726112769592e-05
E,HH,fixed,shared,g2,128,0.0078125,200000,0.0052887056905152885,0.002869077484071985,0.0024196282064433035,0.0024196282064433035,6.176332284782348e-05,39.17581009047946,0.7641887209974811,nan,nan,control-variate,0.002413395320546934,8.602306554863586e-06,280.5521176390121,51.55033304216589,4.900219758912025e-06
E,HH,fixed,shared,g3,128,0.0078125,200000,0.9646978066919506,0.9815966163107497,-0.01689880961879908,0.01689880961879908,0.00013581925349876868,124.42131129039286,0.7641887209974811,nan,nan,control-variate,-0.01689224722417358,2.664526043922854e-05,633.9681784196013,25.982607882810136,1.8492414774596622e-05
E,HH,fixed,shared,g4,128,0.0078125,200000,0.9694654003419443,0.980767107438895,-0.011301707096950622,0.011301707096950622,7.773832345048347e-05,145.38141029179005,0.7641887209974811,nan,nan,control-variate,-0.011269497726485427,1.7421114090804693e-05,646.8873154578417,19.912165368727887,1.2468377972104595e-05
E,ProjEuler,fixed,shared,g1,128,0.0078125,200000,0.03423114240116246,0.02,0.01423114240116246,0.01423114240116246,0.00015095479916205187,94.27419651550892,0.6854478990026109,nan,nan,control-variate,0.01420814330947762,2.80183986520361e-05,507.10047658077394,29.02733926629642,2.2535316710481754e-05
E,ProjEuler,fixed,shared,g2,128,0.0078125,200000,0.004594275196715732,0.002869077484071985,0.0017251977126437475,0.0017251977126437475,5.703395145836089e-05,30.248609267468915,0.6854478990026109,nan,nan,control-variate,0.001716050742090794,7.973320335476779e-06,215.22410612995643,51.166828425779094,4.842332085155205e-06
E,ProjEuler,fixed,shared,g3,128,0.0078125,200000,0.9683646285098857,0.9815966163107497,-0.013231987800863983,0.013231987800863983,0.00012866769757981114,102.83845945604435,0.6854478990026109,nan,nan,control-variate,-0.013215464663934742,2.5581042001153723e-05,516.6116635647099,25.298955883506153,2.104286575419717e-05
E,ProjEuler,fixed,shared,g4,128,0.0078125,200000,0.9720280234397567,0.980767107438895,-0.008739083999138279,0.008739083999138279,7.532523516331524e-05,116.01801149629031,0.6854478990026109,nan,nan,control-variate,-0.008703537140599099,1.702817665426057e-05,511.12560770981975,19.567921543017643,1.417448794152158e-05
E,BLT,fixed,shared,g1,128,0.0078125,200000,0.029022158401105475,0.02,0.009022158401105474,0.009022158401105474,0.00014316725988508828,63.01830745623696,0.9238689540034102,nan,nan,control-variate,0.008995561485282787,2.177231530978671e-05,413.16512999603947,43.239254297468456,2.0464970920747117e-05
E,BLT,fixed,shared,g2,128,0.0078125,200000,0.003968471951344877,0.002869077484071985,0.0010993944672728923,0.0010993944672728923,5.301487584950665e-05,20.73747131642341,0.9238689540034102,nan,nan,control-variate,0.0010822070355892327,7.160918957528178e-06,151.12683749220804,54.80977004910055,5.726187716530176e-06
E,BLT,fixed,shared,g3,128,0.0078125,200000,0.9732162996176235,0.9815966163107497,-0.00838031669312623,0.00838031669312623,0.00012245414317669858,68.43636708178687,0.9238689540034102,nan,nan,control-variate,-0.0083633647378753,1.9616024533370513e-05,426.3537050357813,38.96951275154154,1.8013057783125027e-05
E,BLT,fixed,shared,g4,128,0.0078125,200000,0.9754042931205136,0.980767107438895,-0.005362814318381316,0.005362814318381316,7.426517046121881e-05,72.21170146215138,0.9238689540034102,nan,nan,control-variate,-0.005328499286025997,1.3157719385524005e-05,404.9713426696392,31.85731168005376,1.325185058897255e-05
E,KLM,projected,own,g1,128,0.0078125,200000,0.0260575927346098,0.02,0.006057592734609799,0.006057592734609799,0.0001373739363058851,44.09564796281004,324.3940368550029,3670.501025,0.5857805706511143,control-variate,0.006081989292131742,9.961711993859776e-06,610.536551938118,190.16943765143546,nan
E,KLM,projected,own,g2,128,0.0078125,200000,0.0035823926131249816,0.002869077484071985,0.0007133151290529963,0.0007133151290529963,5.20435325868544e-05,13.706124346239546,324.3940368550029,3670.501025,0.5857805706511143,control-variate,0.0007323559044004257,4.832138257368079e-06,151.5593853888026,115.99915664680397,nan
E,KLM,projected,own,g3,128,0.0078125,200000,0.9759565277886793,0.9815966163107497,-0.005640088522070445,0.005640088522070445,0.00011744048465586853,48.02507873326124,324.3940368550029,3670.501025,0.5857805706511143,control-variate,-0.005657226202425898,8.761909604391076e-06,645.6613293055146,179.6545137110573,nan
E,KL,adaptive-soft-zero,own,g1,128,0.0078125,200000,0.020033248101319866,0.02,3.3248101319865154e-05,3.3248101319865154e-05,0.00012423875281044493,0.2676145773178587,23.5282220529989,nan,nan,control-variate,-0.00010965361371458089,1.9802713005497754e-05,5.537302574861241,39.36087815922078,nan
E,KL,adaptive-soft-zero,own,g2,128,0.0078125,200000,0.002821323652123734,0.002869077484071985,-4.7753831948250764e-05,4.7753831948250764e-05,4.734027412368513e-05,1.008735856144076,23.5282220529989,nan,nan,control-variate,-8.200347963325411e-05,6.325779622512413e-06,12.963379144827805,56.00585362051332,nan
E,KL,adaptive-soft-zero,own,g3,128,0.0078125,200000,0.9815410464241751,0.9815966163107497,-5.556988657461735e-05,5.556988657461735e-05,0.00010622824164018066,0.5231178236277813,23.5282220529989,nan,nan,control-variate,6.864843314826537e-05,1.8007461743107737e-05,3.812221518368084,34.799658655340565,nan
E,FTE,fixed,shared,g1,256,0.00390625,200000,0.0203502948568226,0.02,0.0003502948568225996,0.0003502948568225996,0.00012699068227273213,2.758429599348771,1.6749803200036695,nan,nan,control-variate,4.9334100353466204e-05,1.6112535813634601e-06,30.618458152142107,6211.777933778837,1.4910735180654844e-06
E,FTE,fixed,shared,g2,256,0.00390625,200000,0.00295354679047517,0.002869077484071985,8.446930640318523e-05,8.446930640318523e-05,4.835130028960077e-05,1.7469914127904562,1.6749803200036695,nan,nan,control-variate,2.1465552623986453e-05,2.7003345226178435e-06,7.949219788952903,320.6130372193671,2.0713640827369467e-06
E,FTE,fixed,shared,g3,256,0.00390625,200000,0.9812905699219302,0.9815966163107497,-0.00030604638881946727,0.00030604638881946727,0.00010843711872317827,2.8223397340605505,1.6749803200036695,nan,nan,control-variate,-3.9097580579174324e-05,1.8514090189823105e-06,21.117743393442918,3430.450751367185,1.8995025103196543e-06
E,FTE,fixed,shared,g4,256,0.00390625,200000,0.9805032093317844,0.980767107438895,-0.0002638981071105457,0.0002638981071105457,7.223816832242533e-05,3.6531672000966586,1.6749803200036695,nan,nan,control-variate,-0.00012346301914593918,3.837511483175724e-07,321.7267744662685,35435.133621643756,4.1866685153541566e-07
E,HH,fixed,shared,g1,256,0.00390625,200000,0.03562546926638843,0.02,0.015625469266388435,0.015625469266388435,0.0001553919642605903,100.55519499183836,1.6150899940003,nan,nan,control-variate,0.015253656122607592,2.305194497472466e-05,661.7079877351991,45.44038104237753,2.437218353564225e-05
E,HH,fixed,shared,g2,256,0.00390625,200000,0.004904305302424583,0.002869077484071985,0.0020352278183525976,0.0020352278183525976,6.154977520065668e-05,33.06637289441934,1.6150899940003,nan,nan,control-variate,0.0019466715814959123,6.066398825687341e-06,320.89409836573816,102.9416261310971,5.495795114263459e-06
E,HH,fixed,shared,g3,256,0.00390625,200000,0.9671310319847207,0.9815966163107497,-0.014465584326028938,0.014465584326028938,0.00013195570019862364,109.62455054427289,1.6150899940003,nan,nan,control-variate,-0.014137164352392297,2.1188419479942716e-05,667.2118402118078,38.78458835749342,2.1820882753176605e-05
E,HH,fixed,shared,g4,256,0.00390625,200000,0.9713112400632006,0.980767107438895,-0.00945586737569442,0.00945586737569442,7.670172398338364e-05,123.28102791721997,1.6150899940003,nan,nan,control-variate,-0.00933174818229763,1.3710434590917341e-05,680.6311003795291,31.297367431156147,1.864717528527335e-05
E,ProjEuler,fixed,shared,g1,256,0.00390625,200000,0.03229730960907452,0.02,0.012297309609074523,0.012297309609074523,0.00014882054472792472,82.63180081457566,1.5642026139939844,nan,nan,control-variate,0.011953606511047838,2.142023870546223e-05,558.0519748362855,48.269985368092755,2.0577111044769327e-05
E,ProjEuler,fixed,shared,g2,256,0.00390625,200000,0.004398116199200497,0.002869077484071985,0.0015290387151285119,0.0015290387151285119,5.8213998750197786e-05,26.265825195925352,1.5642026139939844,nan,nan,control-variate,0.0014453895069108168,5.706844879035493e-06,253.27296212668395,104.05494611107113,4.9162042360190245e-06
E,ProjEuler,fixed,shared,g3,256,0.00390625,200000,0.9701767568254,0.9815966163107497,-0.011419859485349614,0.011419859485349614,0.00012663160586633894,90.18174733883895,1.5642026139939844,nan,nan,control-variate,-0.011117066444257664,1.9667830504603663e-05,565.2411150103965,41.45446502454687,1.832702007045826e-05
E,ProjEuler,fixed,shared,g4,256,0.00390625,200000,0.9733941210842704,0.980767107438895,-0.0073729863546245986,0.0073729863546245986,7.517029057567908e-05,98.08378148015416,1.5642026139939844,nan,nan,control-variate,-0.007251189458611307,1.2889925261704678e-05,562.5470521659445,34.008827524064614,1.7685608158125633e-05
E,BLT,fixed,shared,g1,256,0.00390625,200000,0.028316766530918754,0.02,0.008316766530918753,0.008316766530918753,0.0001424548826798813,58.381758311562024,2.0677698270010296,nan,nan,control-variate,0.008034212516371085,1.6460080925870102e-05,488.1028563926326,74.90153992808665,1.654779392483613e-05
E,BLT,fixed,shared,g2,256,0.00390625,200000,0.003912142116581887,0.002869077484071985,0.0010430646325099017,0.0010430646325099017,5.514966214643012e-05,18.913345828672863,2.0677698270010296,nan,nan,control-variate,0.0009684816975537729,5.197815457155745e-06,186.32475614740812,112.57552990901198,4.157435840251064e-06
E,BLT,fixed,shared,g3,256,0.00390625,200000,0.9738795568630032,0.9815966163107497,-0.0077170594477464615,0.0077170594477464615,0.00012147345172305398,63.52877388666375,2.0677698270010296,nan,nan,control-variate,-0.0074704416877995295,1.4919775658627616e-05,500.7073738055584,66.28849497738913,1.4516155475439782e-05
E,BLT,fixed,shared,g4,256,0.00390625,200000,0.975898270652919,0.980767107438895,-0.00486883678597593,0.00486883678597593,7.426851978931423e-05,65.55720781547689,2.0677698270010296,nan,nan,control-variate,-0.004754175535164318,9.901756303174988e-06,480.13457305951835,56.25810115074899,9.245764299167487e-06
E,KLM,projected,own,g1,256,0.00390625,200000,0.025096188510958125,0.02,0.005096188510958124,0.005096188510958124,0.00013421645895345384,37.969922248697365,644.8155799039996,7592.94933,0.6121367070942906,control-variate,0.0054010276176570116,7.832675912098134e-06,689.5507586768315,293.62378888250345,nan
E,KLM,projected,own,g2,256,0.00390625,200000,0.0033948291924663725,0.002869077484071985,0.0005257517083943874,0.0005257517083943874,5.112441194380787e-05,10.283770285167375,644.8155799039996,7592.94933,0.6121367070942906,control-variate,0.000647246499595426,3.4034101219923953e-06,190.17587548823545,225.64622842960637,nan
E,KLM,projected,own,g3,256,0.00390625,200000,0.9768205945989654,0.9815966163107497,-0.004776021711784263,0.004776021711784263,0.0001150409014677491,41.51585784576963,644.8155799039996,7592.94933,0.6121367070942906,control-variate,-0.005024910458302505,6.989087178062008e-06,718.9651996436899,270.9340800054533,nan
E,KL,adaptive-soft-zero,own,g1,256,0.00390625,200000,0.02011657407162592,0.02,0.00011657407162591983,0.00011657407162591983,0.0001248836755746768,0.9334612477530094,44.46502818100271,nan,nan,control-variate,-1.5627300151106218e-05,1.4212925967453577e-05,1.0995132309062496,77.20480973442045,nan
E,KL,adaptive-soft-zero,own,g2,256,0.00390625,200000,0.0028506581756726785,0.002869077484071985,-1.841930839930659e-05,1.841930839930659e-05,4.629604313979654e-05,0.3978592369911019,44.46502818100271,nan,nan,control-variate,-3.0092062169101826e-05,4.536405832638813e-06,6.633459015636034,104.15112077318598,nan
E,KL,adaptive-soft-zero,own,g3,256,0.00390625,200000,0.9814754051717952,0.9815966163107497,-0.00012121113895450638,0.00012121113895450638,0.00010693112414447391,1.1335440445827432,44.46502818100271,nan,nan,control-variate,3.5959096773549567e-07,1.2946399245366172e-05,0.02777536525178628,68.21977353553437,nan
E,FTE,fixed,shared,g1,512,0.001953125,200000,0.020055386805858364,0.02,5.538680585836447e-05,5.538680585836447e-05,0.00012644182782052868,0.4380418000361432,3.436810780000087,nan,nan,control-variate,2.432519926210199e-05,8.030338540781673e-07,30.291623620309004,24792.12891696845,8.365997693974549e-07
E,FTE,fixed,shared,g2,512,0.001953125,200000,0.0029242028444264132,0.002869077484071985,5.5125360354428404e-05,5.5125360354428404e-05,5.04922779925892e-05,1.0917582360320366,3.436810780000087,nan,nan,control-variate,9.59934658618744e-06,1.8629219394899788e-06,5.1528442403848125,734.6163913887733,2.452676925107108e-06
E,FTE,fixed,shared,g3,512,0.001953125,200000,0.9815645771633009,0.9815966163107497,-3.203914744871554e-05,3.203914744871554e-05,0.00010773978397250952,0.2973752709295438,3.436810780000087,nan,nan,control-variate,-1.9518916313853863e-05,1.0485874545505515e-06,18.61448582962507,10557.05747432896,1.375792194317836e-06
E,FTE,fixed,shared,g4,512,0.001953125,200000,0.9807224650324622,0.980767107438895,-4.464240643279114e-05,4.464240643279114e-05,7.157958880423039e-05,0.6236750892057759,3.436810780000087,nan,nan,control-variate,-5.617594807696139e-05,2.2769173815778826e-07,246.7193080059496,98828.87542708164,2.1567267345312645e-07
E,HH,fixed,shared,g1,512,0.001953125,200000,0.032961774037975,0.02,0.012961774037974999,0.012961774037974999,0.0001505249067677788,86.11049371365286,3.380831803995534,nan,nan,control-variate,0.012990098722442438,1.8451472105070904e-05,704.0142189452976,66.55101627326323,2.3227743796212433e-05
E,HH,fixed,shared,g2,512,0.001953125,200000,0.00451571162285506,0.002869077484071985,0.0016466341387830741,0.0016466341387830741,5.940067877830543e-05,27.7207966752135,3.380831803995534,nan,nan,control-variate,0.0016099792094581807,4.242224343261789e-06,379.51298167797734,196.06295864078544,3.3882162610140273e-06
E,HH,fixed,shared,g3,512,0.001953125,200000,0.969578160983681,0.9815966163107497,-0.01201845532706865,0.01201845532706865,0.0001280837178899225,93.83281126643693,3.380831803995534,nan,nan,control-variate,-0.012060484336521711,1.706332228870905e-05,706.8075098424555,56.345685036397306,2.213069977397579e-05
E,HH,fixed,shared,g4,512,0.001953125,200000,0.9729408333682668,0.980767107438895,-0.007826274070628213,0.007826274070628213,7.551948510458554e-05,103.63251364584585,3.380831803995534,nan,nan,control-variate,-0.00784733465291198,1.0962837773103035e-05,715.8123485294255,47.45391691015119,1.3589080503441522e-05
E,ProjEuler,fixed,shared,g1,512,0.001953125,200000,0.030258325939389187,0.02,0.010258325939389188,0.010258325939389188,0.0001454355344496275,70.53520983169504,3.22989945199879,nan,nan,control-variate,0.010276968361169451,1.6605709055055675e-05,618.8816344485203,76.7054484747462,2.333726457201178e-05
E,ProjEuler,fixed,shared,g2,512,0.001953125,200000,0.0041375394305728595,0.002869077484071985,0.0012684619465008742,0.0012684619465008742,5.705091597744322e-05,22.233857682537447,3.22989945199879,nan,nan,control-variate,0.0012310066128118368,3.999607433453993e-06,307.7818594183281,203.46537325625218,3.432715545393561e-06
E,ProjEuler,fixed,shared,g3,512,0.001953125,200000,0.9720677066819352,0.9815966163107497,-0.009528909628814471,0.009528909628814471,0.00012391151852006723,76.90091883807625,3.22989945199879,nan,nan,control-variate,-0.009561999981073639,1.5324620238270084e-05,623.963258625784,65.37984948906097,2.2105888032157553e-05
E,ProjEuler,fixed,shared,g4,512,0.001953125,200000,0.9746253252657653,0.980767107438895,-0.0061417821731296444,0.0061417821731296444,7.448691166273152e-05,82.45451497491202,3.22989945199879,nan,nan,control-variate,-0.00615186785888427,9.933460201127876e-06,619.3076465123168,56.22880115912455,1.2731048753500356e-05
E,BLT,fixed,shared,g1,512,0.001953125,200000,0.02716573546701582,0.02,0.0071657354670158204,0.0071657354670158204,0.0001403028696272173,51.07333503623323,4.361705868010176,nan,nan,control-variate,0.007178471967119596,1.266557158216686e-05,566.7704706850257,122.71100699475909,1.4483236186728827e-05
E,BLT,fixed,shared,g2,512,0.001953125,200000,0.003765662845930204,0.002869077484071985,0.0008965853618582187,0.0008965853618582187,5.4864951386678276e-05,16.34167786897772,4.361705868010176,nan,nan,control-variate,0.000857844677761435,3.652303621173502e-06,234.87770096337326,225.66086560135787,3.0707353652093573e-06
E,BLT,fixed,shared,g3,512,0.001953125,200000,0.9749459678909109,0.9815966163107497,-0.0066506484198387015,0.0066506484198387015,0.00011966785096776979,55.57589917470754,4.361705868010176,nan,nan,control-variate,-0.0066782931783081,1.1555294636831474e-05,577.942267003875,107.24892224769212,1.3908556238621803e-05
E,BLT,fixed,shared,g4,512,0.001953125,200000,0.9765504163523271,0.980767107438895,-0.0042166910865678265,0.0042166910865678265,7.371835774885558e-05,57.200013881661484,4.361705868010176,nan,nan,control-variate,-0.004221070793535441,7.576268302392594e-06,557.1437843882089,94.67615480467654,8.798025855263613e-06
E,KLM,projected,own,g1,512,0.001953125,200000,0.02483719860634838,0.02,0.00483719860634838,0.00483719860634838,0.00013646636307027563,35.44608720800586,1310.2968252600003,15540.73301,0.6318575860405956,control-variate,0.004799417085306547,6.351825393327404e-06,755.5965077926004,461.58759896499896,nan
E,KLM,projected,own,g2,512,0.001953125,200000,0.0035101672605439608,0.002869077484071985,0.0006410897764719757,0.0006410897764719757,5.360902462704742e-05,11.958616686872642,1310.2968252600003,15540.73301,0.6318575860405956,control-variate,0.0005761100746616216,2.46582253786162e-06,233.638092691467,472.6636189283177,nan
E,KLM,projected,own,g3,512,0.001953125,200000,0.9771196146864659,0.9815966163107497,-0.004477001624283779,0.004477001624283779,0.00011617305561096558,38.53734930822629,1310.2968252600003,15540.73301,0.6318575860405956,control-variate,-0.0044650481182334275,5.741924605609175e-06,777.622212919969,409.3509979296145,nan
E,KL,adaptive-soft-zero,own,g1,512,0.001953125,200000,0.019944419266587236,0.02,-5.5580733412762555e-05,5.5580733412762555e-05,0.00012441657674175694,0.4467309330341705,84.8084743190011,nan,nan,control-variate,-3.41087731153302e-05,1.0159574981436067e-05,3.357303152706186,149.9703536873882,nan
E,KL,adaptive-soft-zero,own,g2,512,0.001953125,200000,0.0028254932476900123,0.002869077484071985,-4.35842363819726e-05,4.35842363819726e-05,4.574676348564857e-05,0.9527283038426448,84.8084743190011,nan,nan,control-variate,-2.1061336771885834e-05,3.194286456826591e-06,6.5934402116238235,205.1034791433293,nan
E,KL,adaptive-soft-zero,own,g3,512,0.001953125,200000,0.9816341879928839,0.9815966163107497,3.757168213419889e-05,3.757168213419889e-05,0.0001065592156888876,0.3525897022730903,84.8084743190011,nan,nan,control-variate,2.3547888133735504e-05,9.257034654806675e-06,2.5437830808495856,132.5068260628546,nan
E,FTE,fixed,shared,g1,1024,0.0009765625,200000,0.020252586314534637,0.02,0.0002525863145346363,0.0002525863145346363,0.00012725225266429002,1.9849260759335694,7.045155074007198,nan,nan,control-variate,1.111484646487234e-05,3.897146549793573e-07,28.520473435778495,106619.70664587161,2.899664761847487e-07
E,FTE,fixed,shared,g2,1024,0.0009765625,200000,0.0029661261282957567,0.002869077484071985,9.704864422377194e-05,9.704864422377194e-05,4.967945670780896e-05,1.953496488388875,7.045155074007198,nan,nan,control-variate,3.597975602308272e-06,1.2907156824538385e-06,2.7875818441037272,1481.4687735462476,1.0791883580729586e-06
E,FTE,fixed,shared,g3,1024,0.0009765625,200000,0.9813900890121323,0.9815966163107497,-0.00020652729861731067,0.00020652729861731067,0.00010845396550725023,1.9042853587820554,7.045155074007198,nan,nan,control-variate,-8.928678129504805e-06,6.195623148922219e-07,14.411267300946191,30642.266459802024,5.208499015972901e-07
E,FTE,fixed,shared,g4,1024,0.0009765625,200000,0.9806774190354041,0.980767107438895,-8.968840349093123e-05,8.968840349093123e-05,7.160101847723777e-05,1.2526135158181235,7.045155074007198,nan,nan,control-variate,-2.5538807632932884e-05,1.490241329797421e-07,171.3736367545554,230847.50881187327,1.2737907492201698e-07
E,HH,fixed,shared,g1,1024,0.0009765625,200000,0.03133775195368174,0.02,0.011337751953681738,0.011337751953681738,0.00014836741446317604,76.41672529445948,7.023086199005775,nan,nan,control-variate,0.011118126226898811,1.4985305601260919e-05,741.9352346049781,98.02703091711825,1.0128851219799339e-05
E,HH,fixed,shared,g2,1024,0.0009765625,200000,0.004336407186325636,0.002869077484071985,0.0014673297022536505,0.0014673297022536505,5.873060246818094e-05,24.98407372968156,7.023086199005775,nan,nan,control-variate,0.0013600363587733266,3.0358132757164304e-06,447.99736849835324,374.26464232883814,1.681464577747091e-06
E,HH,fixed,shared,g3,1024,0.0009765625,200000,0.971095340981397,0.9815966163107497,-0.010501275329352676,0.010501275329352676,0.00012630162148173502,83.14442210760775,7.023086199005775,nan,nan,control-variate,-0.01033015216942719,1.3920497745380257e-05,742.0820978082783,82.32056142578372,9.50693068755642e-06
E,HH,fixed,shared,g4,1024,0.0009765625,200000,0.9740099715838327,0.980767107438895,-0.00675713585506219,0.00675713585506219,7.487024673575724e-05,90.25128338244214,7.023086199005775,nan,nan,control-variate,-0.006667455913806193,8.915708614431663e-06,747.8324160363123,70.51910569978376,7.403614072273304e-06
E,ProjEuler,fixed,shared,g1,1024,0.0009765625,200000,0.029084202250885063,0.02,0.009084202250885062,0.009084202250885062,0.0001442689056188062,62.96715298366337,6.564367042999947,nan,nan,control-variate,0.008874799045037518,1.310790487289401e-05,677.057022544451,121.13758543135692,9.537157378531443e-06
E,ProjEuler,fixed,shared,g2,1024,0.0009765625,200000,0.00403702861475343,0.002869077484071985,0.0011679511306814457,0.0011679511306814457,5.7027221609653555e-05,20.480589755467506,6.564367042999947,nan,nan,control-variate,0.001063213004363862,2.843252859341525e-06,373.9424725699894,402.2846458804005,1.741778640592833e-06
E,ProjEuler,fixed,shared,g3,1024,0.0009765625,200000,0.9731779394040738,0.9815966163107497,-0.008418676906675904,0.008418676906675904,0.0001228962962252767,68.50228334988986,6.564367042999947,nan,nan,control-variate,-0.008256429162774153,1.2147818881434154e-05,679.6635053056875,102.34837998285579,8.945226023386978e-06
E,ProjEuler,fixed,shared,g4,1024,0.0009765625,200000,0.9754051704736934,0.980767107438895,-0.005361936965201569,0.005361936965201569,7.410759821720574e-05,72.3534036211239,6.564367042999947,nan,nan,control-variate,-0.005279141210808489,7.831847352146765e-06,674.0607896758149,89.53586798931745,6.4125830089228056e-06
E,BLT,fixed,shared,g1,1024,0.0009765625,200000,0.026577854973868054,0.02,0.0065778549738680515,0.0065778549738680515,0.00013998730504056833,46.98893926104077,8.880448080995848,nan,nan,control-variate,0.0063769003847241315,9.90470815502223e-06,643.8251672756953,199.75328894525234,4.847771348579835e-06
E,BLT,fixed,shared,g2,1024,0.0009765625,200000,0.0037349759606952176,0.002869077484071985,0.0008658984766232326,0.0008658984766232326,5.534309734363859e-05,15.646006786477107,8.880448080995848,nan,nan,control-variate,0.0007611746453415826,2.5824145597324434e-06,294.75308000913907,459.2773197134752,1.5357125127388057e-06
E,BLT,fixed,shared,g3,1024,0.0009765625,200000,0.9755097443530203,0.9815966163107497,-0.006086871957729345,0.006086871957729345,0.00011931317522864668,51.01592465429508,8.880448080995848,nan,nan,control-variate,-0.005932860687863963,9.091126957663449e-06,652.5990359053123,172.24291295612008,4.472428675841841e-06
E,BLT,fixed,shared,g4,1024,0.0009765625,200000,0.9769521545669576,0.980767107438895,-0.0038149528719373317,0.0038149528719373317,7.346840772313254e-05,51.92644008720147,8.880448080995848,nan,nan,control-variate,-0.003737515772449758,5.938431383320102e-06,629.377613581208,153.0586116332341,4.709511002641015e-06
E,KLM,projected,own,g1,1024,0.0009765625,200000,0.024156769741339356,0.02,0.004156769741339355,0.004156769741339355,0.00013397729902652665,31.025925821331423,2655.8585448740014,31735.53722,0.6480553419476666,control-variate,0.004278034799685126,5.2774772051160885e-06,810.6211800475267,644.480385181909,nan
E,KLM,projected,own,g2,1024,0.0009765625,200000,0.0033660729348479477,0.002869077484071985,0.0004969954507759625,0.0004969954507759625,5.311985264413704e-05,9.356115012318602,2655.8585448740014,31735.53722,0.6480553419476666,control-variate,0.0005088988124740462,1.7217907706275936e-06,295.563677744975,951.815936843312,nan
E,KLM,projected,own,g3,1024,0.0009765625,200000,0.9777255464740499,0.9815966163107497,-0.0038710698366998713,0.0038710698366998713,0.00011421808872336926,33.89191571989457,2655.8585448740014,31735.53722,0.6480553419476666,control-variate,-0.003981679205854135,4.824782039554694e-06,825.2557676619164,560.4209727480164,nan
E,KL,adaptive-soft-zero,own,g1,1024,0.0009765625,200000,0.019994418951642837,0.02,-5.581048357162408e-06,5.581048357162408e-06,0.00012462953394964133,0.0447811058927455,161.45069019699804,nan,nan,control-variate,-2.1500319834921145e-06,7.256009105687959e-06,0.296310540984122,295.0164983122709,nan
E,KL,adaptive-soft-zero,own,g2,1024,0.0009765625,200000,0.002835169029289193,0.002869077484071985,-3.3908454782791966e-05,3.3908454782791966e-05,4.657229754029414e-05,0.7280820696778922,161.45069019699804,nan,nan,control-variate,-7.284122761026736e-06,2.234998699706549e-06,3.259117225429763,434.2109558529164,nan
E,KL,adaptive-soft-zero,own,g3,1024,0.0009765625,200000,0.9815883731371686,0.9815966163107497,-8.243173581089905e-06,8.243173581089905e-06,0.00010659912722129654,0.07732871549667876,161.45069019699804,nan,nan,control-variate,-1.539674439982345e-06,6.617731572594067e-06,0.23265894409476812,259.4711060248878,nan
E,FTE,fixed,shared,g1,2048,0.00048828125,200000,0.019872332791200157,0.02,-0.00012766720879984404,0.00012766720879984404,0.00012529398453577607,1.018941246643731,11.775615900005505,nan,nan,control-variate,4.807273274573963e-06,1.899342164921689e-07,25.310201412667368,435165.06420395983,1.7445621587997244e-07
E,FTE,fixed,shared,g2,2048,0.00048828125,200000,0.002866917181428407,0.002869077484071985,-2.1603026435778648e-06,2.1603026435778648e-06,4.736461731755772e-05,0.04561005167832437,11.775615900005505,nan,nan,control-variate,1.6875500248094672e-06,9.361347858616071e-07,1.8026784714086515,2559.9489131800583,1.0989585499705459e-06
E,FTE,fixed,shared,g3,2048,0.00048828125,200000,0.9817212136922915,0.9815966163107497,0.00012459738154182816,0.00012459738154182816,0.00010698190111645928,1.164658509911811,11.775615900005505,nan,nan,control-variate,-3.953075121826888e-06,3.9576961887696836e-07,9.988323846191356,73069.4295962139,4.2832075528137275e-07
E,FTE,fixed,shared,g4,2048,0.00048828125,200000,0.9808145335410935,0.980767107438895,4.742610219853674e-05,4.742610219853674e-05,7.096146514297612e-05,0.6683360060700642,11.775615900005505,nan,nan,control-variate,-1.1696200395726873e-05,1.0148061174628173e-07,115.25551723091012,488966.3746144534,1.0578116355680203e-07
E,HH,fixed,shared,g1,2048,0.00048828125,200000,0.029567458478354562,0.02,0.009567458478354563,0.009567458478354563,0.00014392421088489928,66.47567090714126,12.026584302991978,nan,nan,control-variate,0.0096399582501828,1.2415654485355188e-05,776.4357699832543,134.37809426390373,1.4928736641508512e-05
E,HH,fixed,shared,g2,2048,0.00048828125,200000,0.004030035647090228,0.002869077484071985,0.001160958163018243,0.001160958163018243,5.452318481861293e-05,21.292926429013722,12.026584302991978,nan,nan,control-variate,0.001167756273930566,2.2723421202691703e-06,513.8998496371838,575.7248756778669,2.6930479642464292e-06
E,HH,fixed,shared,g3,2048,0.00048828125,200000,0.9727026821789261,0.9815966163107497,-0.008893934131823615,0.008893934131823615,0.00012283745018640103,72.40409271217709,12.026584302991978,nan,nan,control-variate,-0.008962392410117568,1.1569078799263783e-05,774.6850519064582,112.73636499887881,1.381886822577806e-05
E,HH,fixed,shared,g4,2048,0.00048828125,200000,0.975052581219964,0.980767107438895,-0.005714526218930964,0.005714526218930964,7.39087081596234e-05,77.31871333198096,12.026584302991978,nan,nan,control-variate,-0.005749133317349988,7.384666420257723e-06,778.5230896251296,100.16810514473012,7.08138758318902e-06
E,ProjEuler,fixed,shared,g1,2048,0.00048828125,200000,0.027696954664800683,0.02,0.007696954664800681,0.007696954664800681,0.0001403933368499294,54.82421628761616,12.126090977995773,nan,nan,control-variate,0.00776156489625566,1.061095312253764e-05,731.4672684558482,175.0589023476328,1.2610907094188931e-05
E,ProjEuler,fixed,shared,g2,2048,0.00048828125,200000,0.0037849306290209605,0.002869077484071985,0.0009158531449489753,0.0009158531449489753,5.289347251902988e-05,17.315050446337626,12.126090977995773,nan,nan,control-variate,0.0009278286615937059,2.1019233096021188e-06,441.41889352249405,633.2430427429091,2.4408262235959393e-06
E,ProjEuler,fixed,shared,g3,2048,0.00048828125,200000,0.974433571684455,0.9815966163107497,-0.0071630446262946745,0.0071630446262946745,0.00011993369511771409,59.72503906649583,12.126090977995773,nan,nan,control-variate,-0.007221918674463803,9.865958378535025e-06,732.0037645989107,147.77598770432053,1.1656758352539409e-05
E,ProjEuler,fixed,shared,g4,2048,0.00048828125,200000,0.976206280920012,0.980767107438895,-0.004560826518882888,0.004560826518882888,7.331653018499115e-05,62.20734270123094,12.126090977995773,nan,nan,control-variate,-0.004596593906397192,6.329789325559067e-06,726.1843435825893,134.16069364402156,5.5663641050676715e-06
E,BLT,fixed,shared,g1,2048,0.00048828125,200000,0.02559442144214556,0.02,0.005594421442145559,0.005594421442145559,0.00013655608422838417,40.96793983041525,16.810441955003625,nan,nan,control-variate,0.005681002066823358,7.98010413709352e-06,711.8957308359724,292.8228694669357,8.380444333904036e-06
E,BLT,fixed,shared,g2,2048,0.00048828125,200000,0.0035289129917086665,0.002869077484071985,0.0006598355076366815,0.0006598355076366815,5.1349736810745804e-05,12.849832318879573,16.810441955003625,nan,nan,control-variate,0.0006771974165816333,1.8888198114487542e-06,358.5293909333852,739.0866969478232,2.068362673929303e-06
E,BLT,fixed,shared,g3,2048,0.00048828125,200000,0.9763881256369268,0.9815966163107497,-0.005208490673822883,0.005208490673822883,0.00011670974619567962,44.62772684887984,16.810441955003625,nan,nan,control-variate,-0.005286405804958488,7.3647025022965775e-06,717.8030345842209,251.13302786134764,7.649728784056246e-06
E,BLT,fixed,shared,g4,2048,0.00048828125,200000,0.9774774659174382,0.980767107438895,-0.0032896415214566954,0.0032896415214566954,7.274176036316043e-05,45.2235621606253,16.810441955003625,nan,nan,control-variate,-0.0033293097604719098,4.777348018101525e-06,696.8949609400547,231.84292867989475,4.553817578971157e-06
E,FTE,fixed,shared,g1,4096,0.000244140625,200000,0.020018333404422894,0.02,1.8333404422891723e-05,1.8333404422891723e-05,0.0001255430269645956,0.14603283723644744,23.199648097001045,nan,nan,control-variate,2.353046120031428e-06,9.297274518190122e-08,25.308988300040966,1823366.1267480487,8.236869945143625e-08
E,FTE,fixed,shared,g2,4096,0.000244140625,200000,0.002879988415578248,0.002869077484071985,1.0910931506263218e-05,1.0910931506263218e-05,4.8920387490083015e-05,0.22303444567921804,23.199648097001045,nan,nan,control-variate,5.693122455135811e-07,6.52127592856186e-07,0.8730074478525123,5627.488597870108,6.153580182138713e-07
E,FTE,fixed,shared,g3,4096,0.000244140625,200000,0.9815822706430865,0.9815966163107497,-1.4345667663185168e-05,1.4345667663185168e-05,0.00010710692094754076,0.1339378215364014,23.199648097001045,nan,nan,control-variate,-2.0326245961937e-06,2.6139405420962634e-07,7.776093462950867,167897.27976969923,2.6188044572810855e-07
E,FTE,fixed,shared,g4,4096,0.000244140625,200000,0.9808217806878798,0.980767107438895,5.4673248984872985e-05,5.4673248984872985e-05,7.072999779232432e-05,0.7729853059716365,23.199648097001045,nan,nan,control-variate,-5.334215169355232e-06,7.026561213035358e-08,75.91501742643952,1013261.6855110021,7.137746969276403e-08
E,HH,fixed,shared,g1,4096,0.000244140625,200000,0.02846292954664036,0.02,0.008462929546640359,0.008462929546640359,0.00014235235432663633,59.45057661091885,24.61310250900715,nan,nan,control-variate,0.00841235470092346,1.042499560307695e-05,806.9408392307181,186.45650847049043,1.075671349035365e-05
E,HH,fixed,shared,g2,4096,0.000244140625,200000,0.003912215707604612,0.002869077484071985,0.0010431382235326272,0.0010431382235326272,5.486235851088438e-05,19.01373276407128,24.61310250900715,nan,nan,control-variate,0.0010127584467911435,1.7131397366914534e-06,591.170950682085,1025.5654228590095,1.6755541659547575e-06
E,HH,fixed,shared,g3,4096,0.000244140625,200000,0.9737353646082031,0.9815966163107497,-0.007861251702546547,0.007861251702546547,0.00012143156169114602,64.73812568219434,24.61310250900715,nan,nan,control-variate,-0.0078238755031211,9.736858150669228e-06,803.5318356346141,155.53404771230475,9.990295669947102e-06
E,HH,fixed,shared,g4,4096,0.000244140625,200000,0.9758196412569233,0.980767107438895,-0.004947466181971663,0.004947466181971663,7.340937186960403e-05,67.39556620590315,24.61310250900715,nan,nan,control-variate,-0.004984873609218913,6.192633894736007e-06,804.9682403244054,140.52455058614052,5.762531005679876e-06
E,ProjEuler,fixed,shared,g1,4096,0.000244140625,200000,0.026881259434254064,0.02,0.006881259434254065,0.006881259434254065,0.00013946466275831855,49.34052324192512,23.51095643300505,nan,nan,control-variate,0.0068272247337015325,8.757981065262218e-06,779.5432169613994,253.58313004766543,9.316103831449173e-06
E,ProjEuler,fixed,shared,g2,4096,0.000244140625,200000,0.003714495665972056,0.002869077484071985,0.0008454181819000712,0.0008454181819000712,5.3740131937174e-05,15.731598554473678,23.51095643300505,nan,nan,control-variate,0.0008147403164258239,1.5585579397253302e-06,522.7526649214005,1188.9170435349174,1.5872853890818836e-06
E,ProjEuler,fixed,shared,g3,4096,0.000244140625,200000,0.9752029739980094,0.9815966163107497,-0.006393642312740331,0.006393642312740331,0.00011900810907371935,53.72442569253664,23.51095643300505,nan,nan,control-variate,-0.006353021664184313,8.165439807542597e-06,778.0379029082899,212.41928663977072,8.61271363403917e-06
E,ProjEuler,fixed,shared,g4,4096,0.000244140625,200000,0.9767846593722407,0.980767107438895,-0.003982448066654245,0.003982448066654245,7.29188200344017e-05,54.61481774904479,23.51095643300505,nan,nan,control-variate,-0.004019180732875384,5.215508281791072e-06,770.6211007098902,195.47264335865165,5.1300621559871045e-06
E,BLT,fixed,shared,g1,4096,0.000244140625,200000,0.025109979497236222,0.02,0.005109979497236222,0.005109979497236222,0.00013614884792314454,37.53230067815766,32.62659697201161,nan,nan,control-variate,0.0050696619712574395,6.570050716478962e-06,771.6320908363376,429.42813750392173,6.801508222337673e-06
E,BLT,fixed,shared,g2,4096,0.000244140625,200000,0.0034975934702409016,0.002869077484071985,0.0006285159861689164,0.0006285159861689164,5.255071630983565e-05,11.960179238342377,32.62659697201161,nan,nan,control-variate,0.0006029676714866396,1.3767941273615351e-06,437.9504963767942,1456.8648685472976,1.3508136787944626e-06
E,BLT,fixed,shared,g3,4096,0.000244140625,200000,0.9768488193716439,0.9815966163107497,-0.0047477969391057665,0.0047477969391057665,0.0001161999531333296,40.85885416544077,32.62659697201161,nan,nan,control-variate,-0.004718215204833506,6.092163415461952e-06,774.4728568604453,363.80512872495245,6.26614366311135e-06
E,BLT,fixed,shared,g4,4096,0.000244140625,200000,0.9778540539685425,0.980767107438895,-0.002913053470352412,0.002913053470352412,7.240108310980884e-05,40.23494325263421,32.62659697201161,nan,nan,control-variate,-0.002957484212729486,3.92682119716694e-06,753.1497015609482,339.9443857555018,3.5277237446908852e-06
